Cycle Time,Latitude,Longitude,AltAGL,Pitch,Roll,GndSpd
1.000001,39.921242,-104.69754,934.858677,8.169259,-0.814278,69.219024
1.000001,39.920921,-104.697533,922.409548,3.649708,10.595525,68.376328
1.000001,39.920605,-104.69754,905.076204,-1.055487,2.084825,69.192767
1.000001,39.920284,-104.697556,882.767933,-0.883201,-0.804917,70.998381
1.000001,39.919956,-104.697578,858.180256,-1.903754,-3.776388,72.944223
1.000001,39.919617,-104.697609,833.34162,-0.871954,-9.133753,74.963468
1.000001,39.919273,-104.697617,810.262551,0.607859,-12.112173,76.519917
1.000001,39.918919,-104.697609,790.99127,2.613811,-12.180608,76.873368
1.000001,39.918564,-104.697571,779.619167,5.503243,-9.94018,75.830878
1.000001,39.918221,-104.697502,774.270981,6.441133,-5.794527,74.013645
1.000001,39.917885,-104.697426,769.807635,5.540618,-1.006015,72.284822
1.000001,39.917557,-104.69735,763.524598,3.771378,3.043326,71.168944
1.000001,39.917236,-104.697273,754.241217,2.157155,5.649701,70.74935
1.000001,39.916912,-104.697205,742.033184,0.347304,6.647498,70.920455
1.000001,39.916584,-104.697151,727.382893,-0.450264,6.265504,71.507179
1.000001,39.916256,-104.697113,711.517907,-0.687365,4.874708,72.204687
1.000001,39.915928,-104.697083,695.504739,-0.246059,2.754917,72.823793
1.000001,39.915588,-104.69706,678.603577,0.390776,0.405259,73.238657
1.000001,39.915253,-104.697044,661.888194,0.798485,-1.706051,73.460081
1.000001,39.914913,-104.697029,646.239875,1.052638,-3.258579,73.55699
1.000001,39.914574,-104.697006,631.486507,1.232719,-4.020759,73.53966
1.000001,39.914234,-104.696976,617.320814,0.887195,-3.941519,73.491736
1.000001,39.913895,-104.696938,603.215745,0.666084,-3.221324,73.499426
1.000001,39.913559,-104.696892,589.002443,0.588058,-2.165711,73.537992
1.000001,39.913219,-104.696838,574.640858,0.471228,-1.036231,73.593042
1.000001,39.912884,-104.696785,560.196021,0.362606,-0.062052,73.667416
1.000001,39.912544,-104.696732,545.722548,0.300007,0.61568,73.750703
1.000001,39.912209,-104.696678,531.193758,0.264502,0.953501,73.83029
1.000001,39.911869,-104.696625,516.630575,0.251319,0.978672,73.899592
1.000001,39.91153,-104.696579,501.029664,0.247665,0.76688,73.959848
1.000001,39.91119,-104.696533,482.652084,0.092361,0.410581,74.055644
1.000001,39.910851,-104.696487,464.640805,0.059365,-0.002196,74.16108
1.000001,39.910507,-104.696442,446.894803,0.23504,-0.388153,74.223405
1.000882,39.910164,-104.696396,429.520108,0.340714,-0.694509,74.224443
1.000001,39.909824,-104.69635,412.551663,0.334696,-0.891976,74.196362
1.000001,39.909485,-104.696304,395.668498,0.289554,-0.980613,74.168333
1.000001,39.909142,-104.696251,378.704208,0.230754,-0.980324,74.154689
1.000001,39.908802,-104.696205,361.659044,0.167651,-0.911575,74.158915
1.000001,39.908463,-104.696152,342.76688,0.102628,-0.803429,74.189288
1.000001,39.908123,-104.696091,321.026885,-0.125692,-0.688336,74.279145
1.000001,39.90778,-104.696037,300.247322,0.928153,-0.588918,73.989761
1.000001,39.90744,-104.695984,281.501564,2.927566,0.013698,73.107052
1.000001,39.907108,-104.695923,264.784554,2.958505,0.027796,71.925632
1.000001,39.90678,-104.695869,248.232822,1.88037,-0.20968,70.951243
1.000001,39.906456,-104.695816,230.352104,0.96693,-0.261503,70.388046
1.000001,39.906136,-104.695763,210.772268,0.030143,-0.634959,70.222288
1.000001,39.905815,-104.695702,197.385784,-0.503899,-0.618055,70.316787
1.000001,39.905495,-104.695648,183.901655,-0.209239,-0.744507,70.482908
1.000001,39.90517,-104.695587,168.917178,-1.023952,-1.522371,70.797979
1.000001,39.90485,-104.695526,153.012919,-1.052998,-1.562449,71.241339
1.000001,39.904522,-104.695465,136.880954,-0.745603,-1.413087,71.619082
1.000001,39.904194,-104.695396,120.83114,-0.799266,-0.978828,71.937622
1.000001,39.90387,-104.695328,105.525456,0.249346,1.732637,72.093897
1.002761,39.903538,-104.695259,90.699543,0.267337,5.845866,72.053262
1.000001,39.90321,-104.695206,76.520614,0.479225,9.042049,71.933129
1.000001,39.902882,-104.69516,62.223215,0.25352,11.342609,71.771278
1.000001,39.902554,-104.695137,47.697606,-0.30458,12.019891,71.565678
1.000001,39.902222,-104.695137,33.023377,0.05426,10.800436,71.253944
1.000001,39.901897,-104.69516,18.762155,1.05266,9.115076,70.803688
1.000001,39.901573,-104.695198,6.034586,1.472666,5.866221,70.006633
1.000001,39.901257,-104.695259,0.295767,2.358092,-0.593577,66.49
1.000001,39.900955,-104.695328,0.408451,4.758769,-1.439191,63.647628
1.000001,39.900673,-104.695381,0.464514,5.14407,-3.017957,61.054194
1.000001,39.900398,-104.695427,0.217992,1.939623,0.451972,57.039503
1.000001,39.90015,-104.69545,0.212099,2.500296,-0.087258,51.470198
1.000001,39.899925,-104.69548,0.161257,2.862921,-0.390975,45.379696
1.000001,39.899727,-104.695526,0.191595,3.197967,-0.832064,40.810411
1.000001,39.899559,-104.695595,0.106674,3.85113,-0.983385,35.092016
1.000001,39.899433,-104.695686,0.120698,5.615257,-1.427576,26.520854
1.000001,39.899357,-104.69577,0.300447,12.445665,-1.524345,15.905003
1.000001,39.899315,-104.695808,0.244198,10.843079,-0.889783,6.038614
1.000001,39.899307,-104.695816,0.312577,11.933013,0.186137,0.382109
1.000001,39.899307,-104.695816,0.277615,12.088841,-0.110438,0.054858
1.000001,39.899307,-104.695816,0.284045,12.07917,-0.085546,0.000955
1.000001,39.899307,-104.695816,0.283995,12.080171,-0.069542,0.001089
1.000001,39.899307,-104.695816,0.28411,12.08011,-0.051966,0.000661
1.000001,39.899307,-104.695816,0.283586,12.076872,-0.043229,0.000744
1.000001,39.899307,-104.695816,0.283187,12.076224,-0.03711,0.00011
1.000001,39.899307,-104.695816,0.282897,12.074521,-0.035879,0.00102
1.000001,39.899307,-104.695816,0.28276,12.074215,-0.031254,0.000219
1.000001,39.899307,-104.695816,0.282921,12.074512,-0.036106,0.00126
1.000001,39.899307,-104.695816,0.282892,12.074142,-0.033371,0.000274
1.000001,39.899307,-104.695816,0.282883,12.074631,-0.032959,0.000157
1.000006,39.899307,-104.695816,0.28281,12.073924,-0.031963,0.000366
1.000001,39.899307,-104.695816,0.282947,12.07572,-0.033739,0.000193
1.000001,39.899307,-104.695816,0.282966,12.075764,-0.035829,0.00153
1.000001,39.899307,-104.695816,0.282993,12.074483,-0.037538,0.001114
1.000001,39.899307,-104.695816,0.283004,12.075109,-0.034629,0.000326
1.000001,39.899307,-104.695816,0.282771,12.074822,-0.031398,0.000228
1.000001,39.899307,-104.695816,0.283001,12.075065,-0.035198,0.00064
1.000007,39.899307,-104.695816,0.282773,12.074201,-0.03143,0.000385
1.000001,39.899307,-104.695816,0.282758,12.074243,-0.031223,0.00014
1.000001,39.899307,-104.695816,0.282959,12.075835,-0.037069,0.001331
1.000001,39.899307,-104.695816,0.282723,12.073219,-0.031899,0.000652
1.000001,39.899307,-104.695816,0.282825,12.073886,-0.032966,0.000802
1.000001,39.899307,-104.695816,0.282629,12.074089,-0.02953,0.000417
1.000001,39.899307,-104.695816,0.282897,12.074642,-0.032916,0.000147
1.000001,39.899307,-104.695816,0.282989,12.075758,-0.034385,0.000187
1.000001,39.899307,-104.695816,0.282852,12.075198,-0.032385,0.000333
1.000001,39.899307,-104.695816,0.282722,12.07456,-0.031254,0.000567
1.000001,39.899307,-104.695816,0.283001,12.07403,-0.035143,0.000519
1.000001,39.899307,-104.695816,0.282836,12.074756,-0.032274,0.000284
1.000001,39.899307,-104.695816,0.282935,12.075237,-0.033446,0.000237
1.000001,39.899307,-104.695816,0.282856,12.074414,-0.032625,0.000381
1.000001,39.899307,-104.695816,0.282851,12.074516,-0.032498,0.000437
1.000001,39.899307,-104.695816,0.282949,12.074965,-0.034656,0.000979
1.000001,39.899307,-104.695816,0.282938,12.073955,-0.033737,0.000101
1.000001,39.899307,-104.695816,0.282872,12.074636,-0.032723,0.000398
1.000001,39.899307,-104.695816,0.282694,12.073088,-0.030604,0.00039
1.000001,39.899307,-104.695816,0.282793,12.073718,-0.033091,0.000816
1.00169,39.899307,-104.695816,0.282948,12.074951,-0.033813,0.000112
1.000001,39.899307,-104.695816,0.282895,12.074833,-0.033217,0.00029
1.000001,39.899307,-104.695816,0.282647,12.07277,-0.030451,0.000501
1.000001,39.899307,-104.695816,0.282964,12.074742,-0.034147,0.000469
1.000001,39.899307,-104.695816,0.282671,12.073975,-0.031786,0.000653
1.000001,39.899307,-104.695816,0.282821,12.07419,-0.031987,0.000332
1.000001,39.899307,-104.695816,0.283209,12.075917,-0.037984,0.000773
1.000001,39.899307,-104.695816,0.282917,12.073144,-0.033697,0.000432
1.000001,39.899307,-104.695816,0.282836,12.074114,-0.033302,0.000508
1.000001,39.899307,-104.695816,0.283091,12.075197,-0.03581,0.000436
1.000001,39.899307,-104.695816,0.282776,12.074619,-0.03248,0.000418
1.000001,39.899307,-104.695816,0.282845,12.074942,-0.032409,0.00022
1.000001,39.899307,-104.695816,0.282943,12.075056,-0.033729,0.000303
1.000001,39.899307,-104.695816,0.282932,12.07518,-0.033615,0.000211
1.000001,39.899307,-104.695816,0.282918,12.075016,-0.034,0.000733
1.001822,39.899307,-104.695816,0.282792,12.075302,-0.032538,0.000438
1.000001,39.899307,-104.695816,0.282911,12.074492,-0.03333,0.000225
1.000001,39.899307,-104.695816,0.282905,12.074372,-0.033259,0.00018
1.000001,39.899307,-104.695816,0.283017,12.074764,-0.034786,0.000306
1.000001,39.899307,-104.695816,0.282796,12.074609,-0.033027,0.000653
1.000001,39.899307,-104.695816,0.282768,12.074445,-0.030361,0.000277
1.000001,39.899307,-104.695816,0.28269,12.074685,-0.03022,0.00036
1.000001,39.899307,-104.695816,0.282863,12.075008,-0.032663,0.000355
1.000001,39.899307,-104.695816,0.283068,12.075307,-0.035544,0.000311
1.000001,39.899307,-104.695816,0.28291,12.073775,-0.033489,0.000363
1.000001,39.899307,-104.695816,0.282927,12.074999,-0.033525,0.000151
1.000001,39.899307,-104.695816,0.282898,12.074815,-0.033886,0.000701
1.000001,39.899307,-104.695816,0.282855,12.073622,-0.033508,0.000597
1.000001,39.899307,-104.695816,0.282811,12.074214,-0.033066,0.001202
1.000001,39.899307,-104.695816,0.282903,12.074088,-0.034653,0.000911
1.000001,39.899307,-104.695816,0.282874,12.074576,-0.031315,0.00021
1.000001,39.899307,-104.695816,0.282941,12.074446,-0.03437,0.000554
1.000001,39.899307,-104.695816,0.282881,12.07492,-0.032897,0.000338
1.000001,39.899307,-104.695816,0.282918,12.074427,-0.034106,0.000592
1.000001,39.899307,-104.695816,0.28292,12.075245,-0.033328,0.000197
1.000001,39.899307,-104.695816,0.282964,12.074651,-0.034057,0.000205
1.000001,39.899307,-104.695816,0.283015,12.075053,-0.034933,0.000261
1.000001,39.899307,-104.695816,0.283078,12.076422,-0.035617,0.000509
1.000001,39.899307,-104.695816,0.282818,12.073323,-0.032348,0.000324
1.000001,39.899307,-104.695816,0.282875,12.07431,-0.033901,0.000473
1.000001,39.899307,-104.695816,0.282776,12.074372,-0.032178,0.000866
1.000001,39.899307,-104.695816,0.282982,12.076357,-0.034152,0.000368
1.000001,39.899307,-104.695816,0.282962,12.074747,-0.035195,0.001187
1.000001,39.899307,-104.695816,0.28279,12.074739,-0.03234,0.000359
1.000001,39.899307,-104.695816,0.282837,12.075335,-0.032187,0.000334
1.000001,39.899307,-104.695816,0.282954,12.074976,-0.035117,0.001186
1.000001,39.899307,-104.695816,0.282773,12.073956,-0.031945,0.000732
1.000001,39.899307,-104.695816,0.282968,12.07511,-0.034111,0.00032
1.000001,39.899307,-104.695816,0.283003,12.076118,-0.034629,0.000544
1.000001,39.899307,-104.695816,0.282886,12.074804,-0.034168,0.000765
1.000001,39.899307,-104.695816,0.282924,12.074529,-0.033503,0.000301
1.000001,39.899307,-104.695816,0.282965,12.075003,-0.035027,0.001757
1.000001,39.899307,-104.695816,0.282803,12.075019,-0.033262,0.000915
1.000001,39.899307,-104.695816,0.282869,12.074066,-0.033631,0.00117
1.000001,39.899307,-104.695816,0.282937,12.075239,-0.033702,0.000414
1.000001,39.899307,-104.695816,0.282721,12.074337,-0.03239,0.000626
1.000001,39.899307,-104.695816,0.282911,12.074688,-0.033312,0.00032
1.000001,39.899307,-104.695816,0.282974,12.075366,-0.034718,0.001306
1.000001,39.899307,-104.695816,0.282959,12.074722,-0.03554,0.001314
1.000001,39.899307,-104.695816,0.282936,12.074787,-0.035614,0.001252
1.000004,39.899307,-104.695816,0.282808,12.074885,-0.033146,0.00065
1.000001,39.899307,-104.695816,0.282911,12.074539,-0.034338,0.000615
1.000001,39.899307,-104.695816,0.283044,12.074976,-0.03531,0.000486
1.000001,39.899307,-104.695816,0.282986,12.075115,-0.035472,0.000677
1.000001,39.899307,-104.695816,0.282909,12.076174,-0.034811,0.000844
1.000001,39.899307,-104.695816,0.282917,12.074434,-0.033876,0.00072
1.000001,39.899307,-104.695816,0.282996,12.075887,-0.035222,0.000727
1.000001,39.899307,-104.695816,0.282861,12.072891,-0.033163,0.000377
1.000001,39.899307,-104.695816,0.283104,12.074446,-0.036093,0.000655
1.000001,39.899307,-104.695816,0.28292,12.074241,-0.033448,9.3e-05
1.001298,39.899307,-104.695816,0.282735,12.073455,-0.031776,0.00058
1.000001,39.899307,-104.695816,0.282981,12.07451,-0.034298,0.000126
1.008661,39.899307,-104.695816,0.282976,12.074661,-0.034,0.000118
1.000001,39.899307,-104.695816,0.283043,12.074114,-0.035112,0.000135
1.000001,39.899307,-104.695816,0.282903,12.074791,-0.033008,0.000638
1.000001,39.899307,-104.695816,0.283054,12.073382,-0.035902,0.000425
1.000001,39.899307,-104.695816,0.282969,12.073858,-0.03416,0.000197
1.000001,39.899307,-104.695816,0.282978,12.075634,-0.034092,0.000672
1.000001,39.899307,-104.695816,0.282908,12.075371,-0.032765,0.000457
1.000001,39.899307,-104.695816,0.282838,12.074918,-0.034248,0.000461
1.000001,39.899307,-104.695816,0.282917,12.07505,-0.033386,0.000137
1.000001,39.899307,-104.695816,0.282986,12.074784,-0.034589,0.000378
1.000001,39.899307,-104.695816,0.282664,12.072405,-0.029897,0.000592
1.000001,39.899307,-104.695816,0.282873,12.07456,-0.032815,0.000155
1.000001,39.899307,-104.695816,0.282804,12.073841,-0.031868,0.0002
1.000001,39.899307,-104.695816,0.282841,12.075154,-0.032343,0.000168
1.000001,39.899307,-104.695816,0.282855,12.074443,-0.032855,0.00055
1.000001,39.899307,-104.695816,0.282701,12.07433,-0.031199,0.000288
1.000001,39.899307,-104.695816,0.282824,12.074109,-0.031183,0.000468
1.008596,39.899307,-104.695816,0.282787,12.074357,-0.0318,0.000466
1.000001,39.899307,-104.695816,0.282674,12.074593,-0.029177,0.000535
1.000001,39.899307,-104.695816,0.282868,12.074623,-0.032724,0.000315
1.000001,39.899307,-104.695816,0.282941,12.074992,-0.033729,0.000239
1.000001,39.899307,-104.695816,0.28285,12.074166,-0.03249,0.000137
1.000001,39.899307,-104.695816,0.282772,12.074079,-0.032214,0.000536
1.000001,39.899307,-104.695816,0.283125,12.076171,-0.036248,0.000376
1.000001,39.899307,-104.695816,0.283098,12.075476,-0.035893,0.000414
1.000001,39.899307,-104.695816,0.283017,12.075225,-0.034783,0.000274
1.000001,39.899307,-104.695816,0.283107,12.075174,-0.036657,0.000389
1.000001,39.899307,-104.695816,0.282999,12.074788,-0.034552,0.000125
1.00266,39.899307,-104.695816,0.282796,12.074298,-0.031716,0.000201
1.000001,39.899307,-104.695816,0.282819,12.074404,-0.032248,0.000424
1.000001,39.899307,-104.695816,0.282935,12.07491,-0.033665,0.000353
1.000001,39.899307,-104.695816,0.28314,12.075964,-0.036882,0.000456
1.000001,39.899307,-104.695816,0.283014,12.07474,-0.035075,0.000477
1.006468,39.899307,-104.695816,0.282925,12.074246,-0.033499,0.000318
1.000001,39.899307,-104.695816,0.282814,12.074492,-0.031948,0.000629
1.000001,39.899307,-104.695816,0.282809,12.074231,-0.034102,0.000992
1.000001,39.899307,-104.695816,0.283039,12.076088,-0.035043,0.000456
1.000001,39.899307,-104.695816,0.283032,12.074894,-0.034994,2.3e-05
1.000001,39.899307,-104.695816,0.282892,12.075296,-0.03321,0.000312
1.000001,39.899307,-104.695816,0.282849,12.074728,-0.032461,0.000322
1.000001,39.899307,-104.695816,0.282965,12.075805,-0.034507,0.000755
1.000001,39.899307,-104.695816,0.282983,12.07502,-0.034324,0.000294
1.000001,39.899307,-104.695816,0.283011,12.07515,-0.034699,0.000328
1.000001,39.899307,-104.695816,0.282897,12.074533,-0.033125,0.00015
1.000001,39.899307,-104.695816,0.282974,12.07516,-0.034163,0.000398
1.000001,39.899307,-104.695816,0.282785,12.07465,-0.031682,0.000225
1.000001,39.899307,-104.695816,0.282963,12.0757,-0.034008,4.7e-05
1.000001,39.899307,-104.695816,0.282811,12.074492,-0.031913,0.000368
1.000001,39.899307,-104.695816,0.282986,12.074418,-0.036706,0.000549
1.000001,39.899307,-104.695816,0.282887,12.074064,-0.033093,0.000426
1.000001,39.899307,-104.695816,0.283002,12.07578,-0.034572,0.000211
1.000001,39.899307,-104.695816,0.282819,12.074183,-0.032059,0.000147
1.000001,39.899307,-104.695816,0.282996,12.074475,-0.035166,0.000992
1.00446,39.899307,-104.695816,0.283083,12.076141,-0.035612,0.000217
1.000001,39.899307,-104.695816,0.282902,12.074824,-0.033205,0.000102
1.000001,39.899307,-104.695816,0.282995,12.075384,-0.034943,0.000586
1.000001,39.899307,-104.695816,0.282957,12.074637,-0.033977,0.000193
1.000001,39.899307,-104.695816,0.282891,12.07403,-0.033053,0.000144
1.000001,39.899307,-104.695816,0.282988,12.074602,-0.03377,0.000439
1.000001,39.899307,-104.695816,0.282966,12.075515,-0.033984,0.000206
1.000001,39.899307,-104.695816,0.282959,12.075617,-0.03375,0.000491
1.000001,39.899307,-104.695816,0.282951,12.0741,-0.036747,0.001439
1.000001,39.899307,-104.695816,0.283095,12.076138,-0.034836,0.000305
1.000001,39.899307,-104.695816,0.282859,12.075257,-0.033172,0.000552
1.000001,39.899307,-104.695816,0.283072,12.075193,-0.036521,0.000452
1.000001,39.899307,-104.695816,0.282751,12.073015,-0.032702,0.000808
1.000001,39.899307,-104.695816,0.282767,12.073499,-0.031831,0.000271
1.000001,39.899307,-104.695816,0.282819,12.074304,-0.036138,0.001277
1.005428,39.899307,-104.695816,0.282812,12.074466,-0.032863,0.000632
1.000001,39.899307,-104.695816,0.282809,12.073616,-0.032373,0.000526
1.000001,39.899307,-104.695816,0.282667,12.074341,-0.030912,0.000726
1.000001,39.899307,-104.695816,0.28297,12.075318,-0.03405,0.000315
1.000001,39.899307,-104.695816,0.283058,12.076271,-0.035349,0.000286
1.000001,39.899307,-104.695816,0.282894,12.075448,-0.031841,0.00067
1.000001,39.899307,-104.695816,0.282871,12.074657,-0.03294,0.000386
1.000001,39.899307,-104.695816,0.283136,12.075138,-0.036438,0.000186
1.000001,39.899307,-104.695816,0.282798,12.074715,-0.031742,0.000323
1.000001,39.899307,-104.695816,0.282901,12.075613,-0.034056,0.001113
1.000001,39.899307,-104.695816,0.283012,12.075815,-0.034571,0.000338
1.000001,39.899307,-104.695816,0.282866,12.074594,-0.032141,0.000376
1.000001,39.899307,-104.695816,0.28291,12.073873,-0.033733,0.000497
1.000001,39.899307,-104.695816,0.282989,12.074173,-0.034391,0.000204
1.000001,39.899307,-104.695816,0.282912,12.074915,-0.034335,0.00065
1.000001,39.899307,-104.695816,0.282863,12.07384,-0.032801,0.000371
1.000001,39.899307,-104.695816,0.282932,12.074071,-0.033695,0.000382
1.000001,39.899307,-104.695816,0.283097,12.076369,-0.035829,0.000193
1.000001,39.899307,-104.695816,0.282948,12.074397,-0.033712,0.000528
1.000001,39.899307,-104.695816,0.282799,12.073611,-0.032921,0.0007
1.000001,39.899307,-104.695816,0.282975,12.074266,-0.034756,0.00043
1.000001,39.899307,-104.695816,0.282688,12.073927,-0.03068,0.000445
1.000001,39.899307,-104.695816,0.282829,12.07424,-0.033227,0.000901
1.000001,39.899307,-104.695816,0.283347,12.07625,-0.039342,0.000401
1.000001,39.899307,-104.695816,0.28294,12.072963,-0.034171,0.000523
1.000001,39.899307,-104.695816,0.283023,12.075885,-0.034868,0.000216
1.000001,39.899307,-104.695816,0.283014,12.075005,-0.035546,0.000621
1.000001,39.899307,-104.695816,0.282819,12.073349,-0.032184,0.000329
1.000001,39.899307,-104.695816,0.282869,12.074781,-0.032732,0.000201
1.000001,39.899307,-104.695816,0.28295,12.074181,-0.033694,0.000131
1.000001,39.899307,-104.695816,0.283037,12.074575,-0.035081,0.000249
1.000001,39.899307,-104.695816,0.28318,12.075754,-0.036904,0.000372
1.000001,39.899307,-104.695816,0.28284,12.074105,-0.032359,0.000308
1.000001,39.899307,-104.695816,0.283008,12.075905,-0.035146,0.000659
1.000001,39.899307,-104.695816,0.282926,12.074385,-0.03353,0.000117
1.000001,39.899307,-104.695816,0.283089,12.075362,-0.035759,8.6e-05
1.000001,39.899307,-104.695816,0.282923,12.075101,-0.033486,0.000176
1.000001,39.899307,-104.695816,0.28273,12.073834,-0.030968,0.000358
1.000001,39.899307,-104.695816,0.282821,12.074494,-0.032292,0.000468
1.000001,39.899307,-104.695816,0.283009,12.075498,-0.034327,0.000208
1.000001,39.899307,-104.695816,0.283019,12.075322,-0.034705,0.000205
1.000001,39.899307,-104.695816,0.283054,12.075294,-0.035917,0.000745
1.000001,39.899307,-104.695816,0.282896,12.074535,-0.033098,0.000181
1.000001,39.899307,-104.695816,0.2831,12.07516,-0.035973,0.000482
1.000001,39.899307,-104.695816,0.282934,12.0744,-0.033477,0.000125
1.000001,39.899307,-104.695816,0.282771,12.073133,-0.031061,0.000437
1.000001,39.899307,-104.695816,0.283097,12.075055,-0.036779,0.001036
1.000001,39.899307,-104.695816,0.28284,12.074617,-0.031999,0.000752
1.000001,39.899307,-104.695816,0.283114,12.075303,-0.03611,0.000376
1.000001,39.899307,-104.695816,0.28302,12.074677,-0.034837,0.000115
1.000001,39.899307,-104.695816,0.283157,12.075945,-0.036707,0.000188
1.000009,39.899307,-104.695816,0.283075,12.075226,-0.035457,9.7e-05
1.000001,39.899307,-104.695816,0.28303,12.075536,-0.034939,0.000125
1.000001,39.899307,-104.695816,0.28296,12.075736,-0.034906,0.000684
1.000001,39.899307,-104.695816,0.282997,12.075191,-0.034506,0.000198
1.000001,39.899307,-104.695816,0.282922,12.074546,-0.032939,0.000305
1.000001,39.899307,-104.695816,0.283011,12.074867,-0.035758,0.000823
1.000001,39.899307,-104.695816,0.282857,12.074251,-0.032803,0.000517
1.000001,39.899307,-104.695816,0.282984,12.075699,-0.032984,0.000508
1.000001,39.899307,-104.695816,0.282983,12.075186,-0.03498,0.000491
1.000006,39.899307,-104.695816,0.282906,12.074975,-0.034165,0.000464
1.000001,39.899307,-104.695816,0.282845,12.074674,-0.032923,0.000643
1.000001,39.899307,-104.695816,0.283053,12.074633,-0.035277,0.000342
1.000001,39.899307,-104.695816,0.282896,12.074478,-0.03203,0.000338
1.000001,39.899307,-104.695816,0.282995,12.074918,-0.033383,0.000343
1.000001,39.899307,-104.695816,0.282996,12.075563,-0.034465,0.000321
1.000001,39.899307,-104.695816,0.282827,12.073906,-0.03273,0.00056
1.000001,39.899307,-104.695816,0.282985,12.075245,-0.034338,0.000142
1.000001,39.899307,-104.695816,0.282766,12.073936,-0.031712,0.000685
1.000001,39.899307,-104.695816,0.283111,12.076021,-0.036116,0.000477
1.000001,39.899307,-104.695816,0.283134,12.076046,-0.033655,0.001054
1.000001,39.899307,-104.695816,0.283021,12.074836,-0.034844,0.000175
1.000001,39.899307,-104.695816,0.282874,12.074153,-0.032821,0.000242
1.000001,39.899307,-104.695816,0.282951,12.074494,-0.033803,0.000206
1.000001,39.899307,-104.695816,0.282827,12.074158,-0.034248,0.000681
1.000001,39.899307,-104.695816,0.282934,12.075049,-0.034203,0.000519
1.005239,39.899307,-104.695816,0.282993,12.075047,-0.032015,0.000742
1.000001,39.899307,-104.695816,0.282941,12.075114,-0.033717,0.000195
1.000001,39.899307,-104.695816,0.283019,12.074815,-0.034798,0.000188
1.000001,39.899307,-104.695816,0.283037,12.075343,-0.035582,0.000454
1.000001,39.899307,-104.695816,0.283008,12.074865,-0.035303,0.001727
1.000001,39.899307,-104.695816,0.282884,12.075754,-0.032856,0.000388
1.000001,39.899307,-104.695816,0.282845,12.074399,-0.032423,0.000302
1.000001,39.899307,-104.695816,0.282929,12.075212,-0.035039,0.001599
1.000061,39.899307,-104.695816,0.282904,12.073865,-0.033046,0.000223
1.000001,39.899307,-104.695816,0.283158,12.075236,-0.036645,0.000212
1.003454,39.899307,-104.695816,0.282948,12.074706,-0.033823,0.000105
1.000001,39.899307,-104.695816,0.282818,12.07351,-0.033039,0.000662
1.000001,39.899307,-104.695816,0.283031,12.074521,-0.034939,0.000162
1.000001,39.899307,-104.695816,0.283074,12.074888,-0.035567,0.000379
1.000001,39.899307,-104.695816,0.283031,12.074666,-0.034754,0.000145
1.000001,39.899307,-104.695816,0.283012,12.075126,-0.034587,0.000375
1.000001,39.899307,-104.695816,0.283049,12.075348,-0.035229,0.000193
1.007039,39.899307,-104.695816,0.283015,12.075171,-0.035515,0.000972
1.000001,39.899307,-104.695816,0.28295,12.074739,-0.032183,0.000556
1.000001,39.899307,-104.695816,0.282933,12.074576,-0.030076,0.00044
1.000011,39.899307,-104.695816,0.282917,12.07478,-0.033397,0.000249
1.000001,39.899307,-104.695816,0.282966,12.075096,-0.034,0.000175
1.005118,39.899307,-104.695816,0.283018,12.074588,-0.035119,0.000521
1.000001,39.899307,-104.695816,0.282804,12.073863,-0.031897,0.000321
1.000001,39.899307,-104.695816,0.283071,12.075665,-0.034839,0.000345
1.000001,39.899307,-104.695816,0.282825,12.074403,-0.032262,0.000366
1.000001,39.899307,-104.695816,0.282969,12.07573,-0.034117,0.000219
1.000001,39.899307,-104.695816,0.282987,12.075047,-0.033838,0.000259
1.000001,39.899307,-104.695816,0.282895,12.074492,-0.033522,0.000482
1.000001,39.899307,-104.695816,0.282999,12.074922,-0.033378,0.000359
1.000001,39.899307,-104.695816,0.282844,12.074811,-0.030125,8e-05
1.000001,39.899307,-104.695816,0.282797,12.075448,-0.030611,0.00058
1.000001,39.899307,-104.695816,0.283014,12.075577,-0.034658,0.000225
1.000001,39.899307,-104.695816,0.282975,12.075877,-0.034191,0.00013
1.000001,39.899307,-104.695816,0.282887,12.075055,-0.032998,0.000195
1.000001,39.899307,-104.695816,0.282854,12.073435,-0.032543,0.000165
1.000001,39.899307,-104.695816,0.283123,12.076321,-0.036772,0.000888
1.000001,39.899307,-104.695816,0.283111,12.074726,-0.036072,0.000162
1.000001,39.899307,-104.695816,0.283064,12.075619,-0.03691,0.0006
1.000001,39.899307,-104.695816,0.283091,12.074997,-0.036219,0.000624
1.000001,39.899307,-104.695816,0.283124,12.07476,-0.036363,0.000397
1.000001,39.899307,-104.695816,0.282952,12.074737,-0.032391,0.000539
1.000001,39.899307,-104.695816,0.28288,12.074738,-0.032516,0.000166
1.000001,39.899307,-104.695816,0.283139,12.075544,-0.03536,0.000566
1.000001,39.899307,-104.695816,0.283102,12.075554,-0.034121,0.000371
1.000001,39.899307,-104.695816,0.283112,12.075633,-0.036102,0.000137
1.000001,39.899307,-104.695816,0.282977,12.075112,-0.034224,0.00016
1.000001,39.899307,-104.695816,0.282961,12.073925,-0.031782,0.000418
1.000001,39.899307,-104.695816,0.282804,12.073789,-0.031995,0.000175
1.000001,39.899307,-104.695816,0.283079,12.07434,-0.035768,0.00044
1.000001,39.899307,-104.695816,0.282922,12.0743,-0.033426,0.000273
1.000001,39.899307,-104.695816,0.282907,12.07478,-0.032006,0.000201
1.000001,39.899307,-104.695816,0.282949,12.073925,-0.033869,0.000244
1.000001,39.899307,-104.695816,0.283067,12.076543,-0.033639,0.000113
1.000001,39.899307,-104.695816,0.283133,12.075326,-0.036341,0.000353
1.000001,39.899307,-104.695816,0.283207,12.076676,-0.037326,0.000398
1.000001,39.899307,-104.695816,0.282974,12.07483,-0.033413,0.000501
1.000001,39.899307,-104.695816,0.282881,12.074613,-0.032878,0.000167
1.000001,39.899307,-104.695816,0.282852,12.074039,-0.030184,0.000594
1.000001,39.899307,-104.695816,0.283047,12.075417,-0.033604,0.000428
1.000001,39.899307,-104.695816,0.283029,12.075064,-0.034972,0.000359
1.000001,39.899307,-104.695816,0.283133,12.076112,-0.036307,0.001038
1.000001,39.899307,-104.695816,0.282993,12.074568,-0.034464,0.000337
1.000001,39.899307,-104.695816,0.283051,12.075397,-0.035232,0.000199
1.000001,39.899307,-104.695816,0.282934,12.073974,-0.03402,0.00058
1.000001,39.899307,-104.695816,0.282988,12.07512,-0.035305,0.001138
1.000001,39.899307,-104.695816,0.283029,12.075026,-0.035819,0.000469
1.000001,39.899307,-104.695816,0.282968,12.074312,-0.034132,0.000322
1.000001,39.899307,-104.695816,0.282908,12.073839,-0.033312,0.000119
1.000001,39.899307,-104.695816,0.283078,12.074561,-0.036245,0.000587
1.000001,39.899307,-104.695816,0.283025,12.075158,-0.035002,0.000463
1.000001,39.899307,-104.695816,0.283109,12.075335,-0.035711,7.3e-05
1.000001,39.899307,-104.695816,0.28309,12.075624,-0.035801,0.000119
1.000001,39.899307,-104.695816,0.28295,12.075025,-0.033504,0.00023
1.000001,39.899307,-104.695816,0.282944,12.075068,-0.034397,0.000718
1.000001,39.899307,-104.695816,0.283022,12.075086,-0.034094,0.000558
1.000001,39.899307,-104.695816,0.283003,12.076131,-0.0354,0.000641
1.000001,39.899307,-104.695816,0.283147,12.075929,-0.036547,0.000385
1.000001,39.899307,-104.695816,0.283045,12.074933,-0.035187,8.9e-05
1.000001,39.899307,-104.695816,0.282793,12.073093,-0.031736,0.000249
1.000001,39.899307,-104.695816,0.282936,12.075108,-0.033239,0.000305
1.000001,39.899307,-104.695816,0.282935,12.075124,-0.034299,0.000505
1.000001,39.899307,-104.695816,0.282886,12.074586,-0.032994,0.000169
1.000001,39.899307,-104.695816,0.282953,12.075325,-0.033954,0.000532
1.000001,39.899307,-104.695816,0.282894,12.07371,-0.034174,0.001375
1.000001,39.899307,-104.695816,0.283139,12.075146,-0.036359,0.000163
1.000001,39.899307,-104.695816,0.282991,12.074801,-0.034873,0.000769
1.000001,39.899307,-104.695816,0.282945,12.074736,-0.033787,0.00012
1.000001,39.899307,-104.695816,0.283215,12.075492,-0.037657,0.000492
1.000001,39.899307,-104.695816,0.282937,12.075257,-0.033669,0.000219
1.000001,39.899307,-104.695816,0.282949,12.075236,-0.033851,0.000196
1.000001,39.899307,-104.695816,0.283061,12.075166,-0.032042,0.000679
1.000001,39.899307,-104.695816,0.282949,12.074751,-0.031682,0.000758
1.004407,39.899307,-104.695816,0.282972,12.07443,-0.034533,0.000281
1.000001,39.899307,-104.695816,0.283114,12.075973,-0.034268,0.000367
1.006074,39.899307,-104.695816,0.283089,12.076022,-0.035715,8.6e-05
1.000001,39.899307,-104.695816,0.282947,12.073874,-0.03415,0.000476
1.000001,39.899307,-104.695816,0.282999,12.075268,-0.035133,0.000667
1.000001,39.899307,-104.695816,0.283187,12.076569,-0.037117,0.000155
1.000001,39.899307,-104.695816,0.282864,12.07426,-0.032384,0.000232
1.000001,39.899307,-104.695816,0.283053,12.074992,-0.035477,0.000611
1.000001,39.899307,-104.695816,0.282993,12.074489,-0.034921,0.00058
1.000001,39.899307,-104.695816,0.282776,12.072798,-0.032623,0.000714
1.000001,39.899307,-104.695816,0.283022,12.075027,-0.036303,0.000997
1.000001,39.899307,-104.695816,0.28337,12.076283,-0.039523,0.000907
1.000001,39.899307,-104.695816,0.283099,12.074651,-0.035571,0.000351
1.000001,39.899307,-104.695816,0.283119,12.075779,-0.036196,0.000229
1.000001,39.899307,-104.695816,0.283158,12.075619,-0.036844,0.000524
1.000001,39.899307,-104.695816,0.282949,12.075151,-0.033827,0.000238
1.000001,39.899307,-104.695816,0.282923,12.075126,-0.033661,0.000512
1.000001,39.899307,-104.695816,0.282983,12.074333,-0.033235,0.000427
1.000001,39.899307,-104.695816,0.283035,12.07415,-0.035063,0.000396
1.000001,39.899307,-104.695816,0.283016,12.074862,-0.037898,0.001238
1.000001,39.899307,-104.695816,0.282907,12.073559,-0.03366,0.000501
1.000001,39.899307,-104.695816,0.283066,12.075905,-0.035554,0.000562
1.000001,39.899307,-104.695816,0.282967,12.074797,-0.033124,0.000475
1.000001,39.899307,-104.695816,0.283161,12.075595,-0.036728,0.000167
1.000001,39.899307,-104.695816,0.282963,12.075276,-0.034019,0.000164
1.000001,39.899307,-104.695816,0.282789,12.072855,-0.032268,0.00049
1.000001,39.899307,-104.695816,0.282918,12.073688,-0.035436,0.000917
1.001267,39.899307,-104.695816,0.282962,12.074919,-0.034887,0.001359
1.000002,39.899307,-104.695816,0.283122,12.075613,-0.035516,0.000252
1.000001,39.899307,-104.695816,0.282992,12.075396,-0.036611,0.002233
1.000001,39.899307,-104.695816,0.283024,12.07559,-0.034883,0.000261
1.000001,39.899307,-104.695816,0.283122,12.075273,-0.036228,0.000382
1.000001,39.899307,-104.695816,0.28287,12.073801,-0.03277,0.000155
1.000001,39.899307,-104.695816,0.28286,12.075223,-0.032439,0.000764
1.000676,39.899307,-104.695816,0.283248,12.075582,-0.037773,0.00073
1.000001,39.899307,-104.695816,0.282952,12.075078,-0.030855,0.000303
1.000001,39.899307,-104.695816,0.283161,12.075229,-0.036699,0.00069
1.000001,39.899307,-104.695816,0.283044,12.074485,-0.035137,0.000257
1.000001,39.899307,-104.695816,0.283053,12.075839,-0.03529,0.000188
1.001005,39.899307,-104.695816,0.283133,12.076179,-0.035916,0.000442
1.000001,39.899307,-104.695816,0.283032,12.075355,-0.034981,0.000145
1.000001,39.899307,-104.695816,0.283028,12.075706,-0.034651,0.000315
1.000001,39.899307,-104.695816,0.282976,12.074923,-0.03442,0.000509
1.000001,39.899307,-104.695816,0.282937,12.074438,-0.032739,0.000475
1.000001,39.899307,-104.695816,0.28309,12.075728,-0.035765,0.000436
1.000001,39.899307,-104.695816,0.282805,12.074393,-0.033798,0.000727
1.000066,39.899307,-104.695816,0.282899,12.074691,-0.032075,0.000491
1.000001,39.899307,-104.695816,0.282947,12.074468,-0.033821,0.000172
1.000001,39.899307,-104.695816,0.282897,12.07452,-0.03314,0.00022
1.000001,39.899307,-104.695816,0.282895,12.073771,-0.033384,0.000232
1.000001,39.899307,-104.695816,0.283222,12.075549,-0.037608,0.000187
1.000001,39.899307,-104.695816,0.28305,12.074941,-0.031516,0.000745
1.000001,39.899307,-104.695816,0.283085,12.074812,-0.033067,0.000286
1.000001,39.899307,-104.695816,0.283195,12.076224,-0.037167,0.000423
1.000001,39.899307,-104.695816,0.282951,12.074322,-0.029298,0.000371
1.000001,39.899307,-104.695816,0.2831,12.075649,-0.035913,0.000229
1.000001,39.899307,-104.695816,0.28292,12.073547,-0.029647,0.000538
1.000001,39.899307,-104.695816,0.283187,12.076406,-0.0371,0.000772
1.000001,39.899307,-104.695816,0.283258,12.07672,-0.0329,0.000427
1.003503,39.899307,-104.695816,0.283003,12.0748,-0.033804,0.00029
1.000001,39.899307,-104.695816,0.283075,12.075002,-0.03591,0.000647
1.000001,39.899307,-104.695816,0.282966,12.075119,-0.033734,0.000274
1.000001,39.899307,-104.695816,0.282952,12.073949,-0.033831,0.000318
1.000001,39.899307,-104.695816,0.28299,12.07506,-0.034375,0.000198
1.000514,39.899307,-104.695816,0.282976,12.074343,-0.032514,0.000235
1.000001,39.899307,-104.695816,0.283048,12.075823,-0.035223,8.8e-05
1.000001,39.899307,-104.695816,0.283063,12.07486,-0.033051,0.00078
1.000001,39.899307,-104.695816,0.283005,12.074776,-0.034598,0.000304
1.000001,39.899307,-104.695816,0.282938,12.074145,-0.033093,0.000686
1.000001,39.899307,-104.695816,0.282921,12.074936,-0.033476,0.000324
1.000001,39.899307,-104.695816,0.282852,12.073974,-0.033053,0.000436
1.000001,39.899307,-104.695816,0.283004,12.0744,-0.03302,0.000332
1.000001,39.899307,-104.695816,0.282969,12.074453,-0.034416,0.000385
1.000001,39.899307,-104.695816,0.283137,12.075676,-0.036159,0.000265
1.000001,39.899307,-104.695816,0.283015,12.075488,-0.035138,0.000559
1.000001,39.899307,-104.695816,0.28299,12.075116,-0.035308,0.000935
1.000001,39.899307,-104.695816,0.283123,12.075236,-0.035984,0.000169
1.000001,39.899307,-104.695816,0.283061,12.075072,-0.034987,0.000493
1.000001,39.899307,-104.695816,0.282969,12.074843,-0.034159,0.000344
1.000001,39.899307,-104.695816,0.2831,12.075295,-0.033066,0.000326
1.000001,39.899307,-104.695816,0.283104,12.075313,-0.035898,0.000217
1.000001,39.899307,-104.695816,0.283011,12.074678,-0.034715,0.000156
1.000001,39.899307,-104.695816,0.283035,12.074991,-0.033989,0.000519
1.000001,39.899307,-104.695816,0.282892,12.073931,-0.028933,0.000386
1.000001,39.899307,-104.695816,0.283017,12.075326,-0.034589,0.000414
1.000001,39.899307,-104.695816,0.283158,12.07603,-0.036709,0.000149
1.000001,39.899307,-104.695816,0.283133,12.074829,-0.036898,0.000522
1.000001,39.899307,-104.695816,0.28283,12.074539,-0.032629,0.000412
1.000001,39.899307,-104.695816,0.282946,12.074148,-0.033714,0.000288
1.000001,39.899307,-104.695816,0.282872,12.073968,-0.032524,0.00027
1.000001,39.899307,-104.695816,0.283126,12.075946,-0.036152,0.000173
1.000001,39.899307,-104.695816,0.283101,12.076265,-0.032451,0.000279
1.000001,39.899307,-104.695816,0.283016,12.075345,-0.036069,0.000984
1.000001,39.899307,-104.695816,0.283086,12.075327,-0.035449,0.000218
1.000001,39.899307,-104.695816,0.283011,12.075627,-0.032008,0.000588
1.000001,39.899307,-104.695816,0.283046,12.075286,-0.033094,0.000363
1.000001,39.899307,-104.695816,0.283089,12.075746,-0.035778,0.000165
1.000001,39.899307,-104.695816,0.282978,12.075665,-0.034177,0.000238
1.000001,39.899307,-104.695816,0.283078,12.075327,-0.035235,2.8e-05
1.000001,39.899307,-104.695816,0.28284,12.074278,-0.032572,0.000501
1.000001,39.899307,-104.695816,0.283092,12.07614,-0.035804,0.000857
1.000001,39.899307,-104.695816,0.283064,12.073746,-0.035778,0.00031
1.004637,39.899307,-104.695816,0.283181,12.076826,-0.036907,0.000502
1.000001,39.899307,-104.695816,0.283069,12.075157,-0.036797,0.000881
1.000001,39.899307,-104.695816,0.283006,12.074788,-0.034616,0.000179
1.000001,39.899307,-104.695816,0.283032,12.075481,-0.035578,0.000743
1.000001,39.899307,-104.695816,0.283025,12.075067,-0.03437,0.00028
1.000001,39.899307,-104.695816,0.283157,12.075432,-0.03149,0.000633
1.000001,39.899307,-104.695816,0.283082,12.074784,-0.033858,0.000636
1.000001,39.899307,-104.695816,0.283172,12.076125,-0.034667,0.000382
1.000001,39.899307,-104.695816,0.282982,12.074393,-0.032258,0.000288
1.000001,39.899307,-104.695816,0.283241,12.075727,-0.034436,0.000723
1.000001,39.899307,-104.695816,0.282887,12.074377,-0.032369,0.00042
1.000001,39.899307,-104.695816,0.283092,12.074121,-0.035225,0.000688
1.000001,39.899307,-104.695816,0.282977,12.075349,-0.034215,4.7e-05
1.000001,39.899307,-104.695816,0.28292,12.074947,-0.033298,0.000239
1.000001,39.899307,-104.695816,0.283057,12.074674,-0.035245,0.000433
1.000001,39.899307,-104.695816,0.283051,12.075488,-0.032086,0.000791
1.000001,39.899307,-104.695816,0.283206,12.075119,-0.037044,0.000233
1.000001,39.899307,-104.695816,0.283119,12.07638,-0.037744,0.001276
1.000001,39.899307,-104.695816,0.283151,12.075408,-0.032056,0.00036
1.000001,39.899307,-104.695816,0.282984,12.074967,-0.034348,0.000382
1.000001,39.899307,-104.695816,0.283002,12.075624,-0.032838,0.000746
1.000001,39.899307,-104.695816,0.283158,12.075273,-0.033931,0.000871
1.000001,39.899307,-104.695816,0.283231,12.075314,-0.037318,0.000441
1.000001,39.899307,-104.695816,0.283326,12.075885,-0.033638,0.000886
1.000001,39.899307,-104.695816,0.283037,12.072864,-0.035754,0.000523
1.000001,39.899307,-104.695816,0.283133,12.075112,-0.036281,0.000313
1.000001,39.899307,-104.695816,0.283116,12.074831,-0.034637,0.000317
1.000001,39.899307,-104.695816,0.282995,12.075212,-0.034241,0.000292
1.000001,39.899307,-104.695816,0.283194,12.07462,-0.036888,0.000167
1.000001,39.899307,-104.695816,0.283081,12.075758,-0.037412,0.000627
1.000001,39.899307,-104.695816,0.2828,12.072291,-0.033921,0.000832
1.00006,39.899307,-104.695816,0.283059,12.075603,-0.03544,0.000278
1.000001,39.899307,-104.695816,0.283163,12.075919,-0.036758,0.000152
1.000001,39.899307,-104.695816,0.283129,12.075295,-0.035706,0.000261
1.000001,39.899307,-104.695816,0.283074,12.07561,-0.035384,0.000623
1.000001,39.899307,-104.695816,0.283103,12.075097,-0.034752,0.000267
1.000001,39.899307,-104.695816,0.283091,12.075847,-0.035687,0.000172
1.000001,39.899307,-104.695816,0.283138,12.074461,-0.036897,0.000523
1.000001,39.899307,-104.695816,0.283101,12.075355,-0.034655,0.000363
1.000001,39.899307,-104.695816,0.283242,12.075847,-0.037774,0.000775
1.000659,39.899307,-104.695816,0.283024,12.0741,-0.034907,0.000126
1.000001,39.899307,-104.695816,0.282831,12.073915,-0.032249,0.000327
1.000001,39.899307,-104.695816,0.283026,12.073912,-0.034942,0.000246
1.000001,39.899307,-104.695816,0.282987,12.074276,-0.034517,0.000533
1.000001,39.899307,-104.695816,0.282992,12.074844,-0.035729,0.000875
1.000001,39.899307,-104.695816,0.282991,12.074365,-0.034689,0.000454
1.000001,39.899307,-104.695816,0.282853,12.073472,-0.032507,9e-05
1.000001,39.899307,-104.695816,0.283113,12.074436,-0.035991,0.000299
1.000001,39.899307,-104.695816,0.283041,12.074601,-0.035655,0.000341
1.000001,39.899307,-104.695816,0.283015,12.074821,-0.03477,0.000155
1.005934,39.899307,-104.695816,0.283241,12.075938,-0.037819,0.000132
1.000002,39.899307,-104.695816,0.28308,12.075624,-0.035657,0.000162
1.000001,39.899307,-104.695816,0.283091,12.075832,-0.035791,0.000381
1.000001,39.899307,-104.695816,0.283166,12.075898,-0.030529,0.000196
1.000001,39.899307,-104.695816,0.283035,12.075964,-0.034812,0.00063
1.000001,39.899307,-104.695816,0.282905,12.074592,-0.03413,0.00039
1.000001,39.899307,-104.695816,0.283285,12.077038,-0.035123,0.000455
1.000001,39.899307,-104.695816,0.283276,12.076308,-0.034866,0.000318
1.000001,39.899307,-104.695816,0.28304,12.07514,-0.035137,0.000415
1.000001,39.899307,-104.695816,0.283307,12.077132,-0.039194,0.000914
1.000001,39.899307,-104.695816,0.283068,12.075049,-0.037817,0.000887
1.000001,39.899307,-104.695816,0.282934,12.07459,-0.033206,0.000498
1.000001,39.899307,-104.695816,0.283175,12.075907,-0.036871,0.000218
1.000001,39.899307,-104.695816,0.283026,12.074761,-0.03242,0.000518
1.000991,39.899307,-104.695816,0.282908,12.073734,-0.033812,0.00059
1.000001,39.899307,-104.695816,0.283178,12.075907,-0.037148,0.000423
1.000001,39.899307,-104.695816,0.283234,12.075111,-0.038432,0.001534
1.000001,39.899307,-104.695816,0.283041,12.074514,-0.035134,0.000233
1.000001,39.899307,-104.695816,0.283105,12.074733,-0.036016,0.000101
1.000001,39.899307,-104.695816,0.283243,12.075556,-0.037903,0.000151
1.000001,39.899307,-104.695816,0.283048,12.074601,-0.035174,0.000126
1.004539,39.899307,-104.695816,0.283037,12.074644,-0.035077,0.000283
1.000001,39.899307,-104.695816,0.282891,12.07514,-0.032113,0.000514
1.000001,39.899307,-104.695816,0.283037,12.074519,-0.034898,0.000161
1.000001,39.899307,-104.695816,0.283025,12.074589,-0.035066,0.000494
1.000001,39.899307,-104.695816,0.282948,12.074161,-0.033855,0.000276
1.000001,39.899307,-104.695816,0.28314,12.076057,-0.036543,0.000523
1.000001,39.899307,-104.695816,0.283051,12.074995,-0.030828,0.000437
1.000001,39.899307,-104.695816,0.283216,12.076226,-0.036337,0.000269
1.000001,39.899307,-104.695816,0.283045,12.075041,-0.035034,0.000304
1.000001,39.899307,-104.695816,0.282984,12.074372,-0.033704,0.000595
1.002174,39.899307,-104.695816,0.28313,12.075516,-0.036403,0.000358
1.000001,39.899307,-104.695816,0.283002,12.074754,-0.034744,0.00037
1.000001,39.899307,-104.695816,0.283192,12.075463,-0.034527,0.000294
1.000001,39.899307,-104.695816,0.283075,12.075387,-0.03451,0.000836
1.000001,39.899307,-104.695816,0.28317,12.075584,-0.036871,0.000516
1.000001,39.899307,-104.695816,0.283109,12.074062,-0.036524,0.00099
1.000001,39.899307,-104.695816,0.282968,12.074323,-0.034063,0.000206
1.000001,39.899307,-104.695816,0.282994,12.075759,-0.034505,0.000564
1.000001,39.899307,-104.695816,0.283211,12.075874,-0.037556,0.001078
1.000001,39.899307,-104.695816,0.283061,12.074737,-0.034095,0.000467
1.000001,39.899307,-104.695816,0.283225,12.07624,-0.036295,0.000551
1.000001,39.899307,-104.695816,0.28308,12.0747,-0.03564,0.000184
1.000001,39.899307,-104.695816,0.28311,12.075751,-0.036114,0.000517
1.000001,39.899307,-104.695816,0.283176,12.076019,-0.033809,0.000676
1.000001,39.899307,-104.695816,0.283096,12.075675,-0.035485,0.000262
1.000001,39.899307,-104.695816,0.283025,12.074643,-0.03347,0.000366
1.000001,39.899307,-104.695816,0.283155,12.075187,-0.036699,9.7e-05
1.000001,39.899307,-104.695816,0.283023,12.074574,-0.033649,0.000513
1.000001,39.899307,-104.695816,0.283207,12.075992,-0.033566,0.000478
1.000001,39.899307,-104.695816,0.283019,12.07487,-0.034815,0.000159
1.000001,39.899307,-104.695816,0.283132,12.075351,-0.034411,0.00069
1.000001,39.899307,-104.695816,0.283074,12.075642,-0.035452,0.000438
1.000001,39.899307,-104.695816,0.283196,12.076356,-0.032927,0.000121
1.000001,39.899307,-104.695816,0.283012,12.073692,-0.03463,0.000235
1.000001,39.899307,-104.695816,0.283317,12.07651,-0.040345,0.000691
1.000001,39.899307,-104.695816,0.283128,12.075384,-0.034835,0.000676
1.000003,39.899307,-104.695816,0.283204,12.07548,-0.031633,0.000482
1.000001,39.899307,-104.695816,0.283219,12.0761,-0.038081,0.001013
1.000001,39.899307,-104.695816,0.283051,12.074925,-0.029275,0.000457
1.000001,39.899307,-104.695816,0.283113,12.075047,-0.03658,0.00037
1.000001,39.899307,-104.695816,0.282976,12.074209,-0.032709,0.000573
1.000001,39.899307,-104.695816,0.283343,12.076572,-0.035382,0.000916
1.000001,39.899307,-104.695816,0.283362,12.076606,-0.032526,0.000484
1.000001,39.899307,-104.695816,0.283143,12.075964,-0.033776,0.000313
1.000001,39.899307,-104.695816,0.283114,12.075374,-0.036132,0.000144
1.00484,39.899307,-104.695816,0.283053,12.074322,-0.035038,0.000455
1.000001,39.899307,-104.695816,0.28303,12.075002,-0.034998,0.000377
1.000001,39.899307,-104.695816,0.283131,12.074788,-0.03437,0.000393
1.000001,39.899307,-104.695816,0.282973,12.074383,-0.033606,0.00058
1.000001,39.899307,-104.695816,0.283143,12.075845,-0.037116,0.000524
1.000001,39.899307,-104.695816,0.283198,12.076735,-0.033611,0.000412
1.000001,39.899307,-104.695816,0.282946,12.073823,-0.033723,0.000255
1.000001,39.899307,-104.695816,0.282898,12.074509,-0.032705,0.000301
1.000001,39.899307,-104.695816,0.283064,12.07544,-0.035451,0.000142
1.000001,39.899307,-104.695816,0.283015,12.074886,-0.034724,6.4e-05
1.000001,39.899307,-104.695816,0.283136,12.075716,-0.034986,0.000355
1.000001,39.899307,-104.695816,0.283031,12.075179,-0.035056,0.000505
1.000001,39.899307,-104.695816,0.28311,12.074457,-0.037569,0.000636
1.000001,39.899307,-104.695816,0.28322,12.07562,-0.038156,0.000921
1.000001,39.899307,-104.695816,0.283345,12.077062,-0.038826,0.000416
1.000001,39.899307,-104.695816,0.28308,12.074393,-0.036366,0.000525
1.000001,39.899307,-104.695816,0.283118,12.075015,-0.032154,0.000281
1.000001,39.899307,-104.695816,0.282963,12.074767,-0.033309,0.000744
1.000001,39.899307,-104.695816,0.283158,12.075309,-0.032526,0.000749
1.000001,39.899307,-104.695816,0.283076,12.074674,-0.036635,0.000811
1.000001,39.899307,-104.695816,0.283127,12.075712,-0.03629,0.000119
1.000001,39.899307,-104.695816,0.283094,12.075062,-0.034977,0.000226
1.000001,39.899307,-104.695816,0.283071,12.075447,-0.028498,0.000304
1.000001,39.899307,-104.695816,0.283156,12.076037,-0.035662,0.000185
1.000001,39.899307,-104.695816,0.283188,12.075735,-0.036674,0.000298
1.000001,39.899307,-104.695816,0.28324,12.076304,-0.038263,0.000551
1.000001,39.899307,-104.695816,0.283066,12.075006,-0.034974,0.000549
1.000001,39.899307,-104.695816,0.282899,12.074534,-0.032836,0.000817
1.000001,39.899307,-104.695816,0.283037,12.074455,-0.031845,0.000531
1.000001,39.899307,-104.695816,0.283141,12.074903,-0.037098,0.00044
1.000001,39.899307,-104.695816,0.283083,12.075551,-0.031436,0.000515
1.000001,39.899307,-104.695816,0.283241,12.076204,-0.037954,0.000542
1.000001,39.899307,-104.695816,0.283157,12.075541,-0.035541,0.00017
1.000001,39.899307,-104.695816,0.283042,12.074877,-0.032907,0.000431
1.000001,39.899307,-104.695816,0.283165,12.075562,-0.034388,0.000346
1.000001,39.899307,-104.695816,0.283054,12.074719,-0.035822,0.000489
1.000001,39.899307,-104.695816,0.283123,12.076229,-0.03455,0.00015
1.000001,39.899307,-104.695816,0.283199,12.075067,-0.037266,0.000707
1.000001,39.899307,-104.695816,0.28302,12.074629,-0.030897,0.000773
1.000001,39.899307,-104.695816,0.283147,12.075554,-0.036521,0.000197
1.000001,39.899307,-104.695816,0.28309,12.074962,-0.03577,0.000203
1.000001,39.899307,-104.695816,0.283115,12.076093,-0.035234,0.000238
1.000001,39.899307,-104.695816,0.283118,12.074705,-0.036565,0.000465
1.000001,39.899307,-104.695816,0.283042,12.074175,-0.03406,0.000236
1.000001,39.899307,-104.695816,0.283102,12.075356,-0.036496,0.00084
1.000001,39.899307,-104.695816,0.283042,12.075039,-0.035006,0.000262
1.000001,39.899307,-104.695816,0.283212,12.076007,-0.032951,0.000279
1.000001,39.899307,-104.695816,0.283174,12.074656,-0.035655,0.000382
1.0009,39.899307,-104.695816,0.283204,12.075707,-0.035303,0.000176
1.000001,39.899307,-104.695816,0.283155,12.075174,-0.033156,0.000337
1.000001,39.899307,-104.695816,0.283305,12.076334,-0.035939,0.000459
1.000001,39.899307,-104.695816,0.283023,12.075615,-0.03554,0.000594
1.000001,39.899307,-104.695816,0.283212,12.075428,-0.036395,0.000272
1.004655,39.899307,-104.695816,0.283127,12.075095,-0.035307,7.7e-05
1.000001,39.899307,-104.695816,0.283159,12.076478,-0.036401,0.000264
1.000001,39.899307,-104.695816,0.283084,12.074329,-0.032709,0.000705
1.000001,39.899307,-104.695816,0.283003,12.075307,-0.03453,0.00023
1.000001,39.899307,-104.695816,0.283288,12.07618,-0.034866,0.000243
1.000001,39.899307,-104.695816,0.283174,12.075527,-0.033849,0.000623
1.000001,39.899307,-104.695816,0.283173,12.076102,-0.032669,0.000439
1.000001,39.899307,-104.695816,0.283024,12.075285,-0.034634,0.000258
1.000001,39.899307,-104.695816,0.283091,12.075727,-0.033651,0.0002
1.000001,39.899307,-104.695816,0.283115,12.075336,-0.033302,0.000903
1.000001,39.899307,-104.695816,0.28329,12.07589,-0.038523,0.000318
1.000001,39.899307,-104.695816,0.283163,12.074994,-0.031836,0.000624
1.000001,39.899307,-104.695816,0.283176,12.075018,-0.036808,0.000731
1.000106,39.899307,-104.695816,0.283222,12.07599,-0.037396,0.000907
1.000001,39.899307,-104.695816,0.283212,12.075498,-0.034064,0.000396
1.000001,39.899307,-104.695816,0.282933,12.074208,-0.033664,9.4e-05
1.000001,39.899307,-104.695816,0.28315,12.074992,-0.035454,0.000257
1.000001,39.899307,-104.695816,0.283162,12.075676,-0.036566,0.000432
1.004887,39.899307,-104.695816,0.283015,12.074227,-0.036466,0.000882
1.000001,39.899307,-104.695816,0.283195,12.075638,-0.036516,0.000366
1.000001,39.899307,-104.695816,0.283196,12.075489,-0.036371,0.000508
1.000001,39.899307,-104.695816,0.283268,12.075593,-0.036376,0.000266
1.000001,39.899307,-104.695816,0.283131,12.074807,-0.035556,0.00058
1.000001,39.899307,-104.695816,0.283225,12.076225,-0.034638,0.000538
1.000001,39.899307,-104.695816,0.28314,12.075027,-0.035522,0.000314
1.000001,39.899307,-104.695816,0.283181,12.076058,-0.036988,0.000464
1.000001,39.899307,-104.695816,0.283308,12.075554,-0.036094,0.000294
1.000001,39.899307,-104.695816,0.283161,12.07567,-0.037583,0.000831
1.006763,39.899307,-104.695816,0.283113,12.073811,-0.036922,0.00081
1.000001,39.899307,-104.695816,0.283015,12.074605,-0.033237,0.000469
1.000001,39.899307,-104.695816,0.283154,12.075555,-0.036559,0.000262
1.000001,39.899307,-104.695816,0.283005,12.074181,-0.034422,0.000897
1.000001,39.899307,-104.695816,0.283043,12.075,-0.035433,0.000997
1.000001,39.899307,-104.695816,0.283076,12.075709,-0.03538,0.000225
1.000001,39.899307,-104.695816,0.282951,12.074142,-0.032671,0.000707
1.000001,39.899307,-104.695816,0.283287,12.075392,-0.037307,0.000431
1.000001,39.899307,-104.695816,0.283212,12.076163,-0.037475,0.000284
1.000001,39.899307,-104.695816,0.283013,12.074209,-0.034739,0.000148
1.000001,39.899307,-104.695816,0.283235,12.076239,-0.036693,0.000452
1.000001,39.899307,-104.695816,0.283129,12.075986,-0.035998,0.000331
1.000001,39.899307,-104.695816,0.283043,12.075296,-0.034793,0.000548
1.000001,39.899307,-104.695816,0.283161,12.076488,-0.030778,0.000631
1.000001,39.899307,-104.695816,0.283191,12.075237,-0.037153,0.000275
1.000001,39.899307,-104.695816,0.283033,12.074956,-0.034395,0.000245
1.000001,39.899307,-104.695816,0.283371,12.076954,-0.037299,0.000336
1.000001,39.899307,-104.695816,0.283334,12.076498,-0.034344,0.00052
1.000001,39.899307,-104.695816,0.283096,12.073354,-0.037109,0.000548
1.000001,39.899307,-104.695816,0.283457,12.076957,-0.040738,0.000541
1.000001,39.899307,-104.695816,0.283137,12.074866,-0.035998,0.000225
1.000001,39.899307,-104.695816,0.28298,12.073343,-0.034282,0.000457
1.000001,39.899307,-104.695816,0.283334,12.076351,-0.038755,0.000385
1.000001,39.899307,-104.695816,0.283081,12.074903,-0.034257,0.000342
1.000001,39.899307,-104.695816,0.283066,12.074452,-0.036292,0.000624
1.000001,39.899307,-104.695816,0.283071,12.074019,-0.035608,0.000316
1.000001,39.899307,-104.695816,0.283222,12.075026,-0.037563,0.000169
1.000001,39.899307,-104.695816,0.283132,12.075026,-0.036778,0.000502
1.000001,39.899307,-104.695816,0.283336,12.076215,-0.037315,0.000295
1.000001,39.899307,-104.695816,0.283389,12.075253,-0.040117,0.000129
1.000001,39.899307,-104.695816,0.283034,12.073968,-0.035289,0.000371
1.000001,39.899307,-104.695816,0.283098,12.074556,-0.035975,0.000415
1.000001,39.899307,-104.695816,0.282887,12.073408,-0.032753,0.000257
1.000001,39.899307,-104.695816,0.28305,12.074412,-0.03281,0.000438
1.000001,39.899307,-104.695816,0.283085,12.075652,-0.034721,0.000464
1.000001,39.899307,-104.695816,0.282944,12.074242,-0.03424,0.000687
1.000001,39.899307,-104.695816,0.283196,12.074753,-0.035826,0.000501
1.000001,39.899307,-104.695816,0.283301,12.0769,-0.031236,0.000171
1.000001,39.899307,-104.695816,0.283233,12.07597,-0.034664,0.000153
1.000001,39.899307,-104.695816,0.283215,12.075917,-0.034113,0.000644
1.000001,39.899307,-104.695816,0.283181,12.074945,-0.034012,0.000169
1.006689,39.899307,-104.695816,0.283086,12.074511,-0.035736,0.000101
1.000001,39.899307,-104.695816,0.283,12.074702,-0.034389,0.000418
1.000001,39.899307,-104.695816,0.283251,12.07566,-0.036129,0.000132
1.000001,39.899307,-104.695816,0.283125,12.075274,-0.032785,0.000535
1.000001,39.899307,-104.695816,0.283369,12.076284,-0.03965,0.000473
1.001286,39.899307,-104.695816,0.283131,12.075277,-0.031966,0.000783
1.000001,39.899307,-104.695816,0.283074,12.074878,-0.035888,0.000376
1.000001,39.899307,-104.695816,0.283122,12.076153,-0.036282,0.000466
1.000001,39.899307,-104.695816,0.28319,12.074787,-0.037187,0.00036
1.000001,39.899307,-104.695816,0.283167,12.075191,-0.036318,0.00063
1.000001,39.899307,-104.695816,0.283253,12.076205,-0.035622,0.000496
1.000001,39.899307,-104.695816,0.283368,12.076054,-0.034221,0.000187
1.000001,39.899307,-104.695816,0.283315,12.076631,-0.035776,0.000617
1.000001,39.899307,-104.695816,0.283258,12.076135,-0.032308,0.000459
1.000001,39.899307,-104.695816,0.283114,12.075113,-0.036585,0.000495
1.000001,39.899307,-104.695816,0.28315,12.074996,-0.032122,0.000566
1.000001,39.899307,-104.695816,0.283225,12.075662,-0.03762,0.000354
1.00446,39.899307,-104.695816,0.283172,12.075258,-0.035732,0.000409
1.000001,39.899307,-104.695816,0.283333,12.07581,-0.035828,0.000252
1.000001,39.899307,-104.695816,0.283128,12.075031,-0.03632,0.000227
1.000001,39.899307,-104.695816,0.28323,12.076165,-0.037644,0.000394
1.003354,39.899307,-104.695816,0.28313,12.075926,-0.034355,0.000355
1.000001,39.899307,-104.695816,0.283344,12.076782,-0.033581,0.0002
1.000001,39.899307,-104.695816,0.283086,12.073989,-0.036146,0.000528
1.000001,39.899307,-104.695816,0.283279,12.0762,-0.037837,0.000228
1.006098,39.899307,-104.695816,0.283182,12.075436,-0.036355,0.000393
1.000001,39.899307,-104.695816,0.283139,12.075212,-0.03291,0.00046
1.000001,39.899307,-104.695816,0.283217,12.074841,-0.03702,0.000506
1.000001,39.899307,-104.695816,0.283189,12.07504,-0.031907,0.000785
1.000001,39.899307,-104.695816,0.283111,12.075629,-0.036011,0.000424
1.000001,39.899307,-104.695816,0.283089,12.075098,-0.034904,0.000367
1.000001,39.899307,-104.695816,0.283433,12.077004,-0.03524,0.00068
1.000001,39.899307,-104.695816,0.283248,12.076435,-0.034779,0.001014
1.000001,39.899307,-104.695816,0.283067,12.075857,-0.033398,0.00079
1.000001,39.899307,-104.695816,0.283184,12.075302,-0.037061,0.000165
1.000001,39.899307,-104.695816,0.283103,12.074674,-0.032874,0.000291
1.000001,39.899307,-104.695816,0.28318,12.074976,-0.037013,0.000289
1.000001,39.899307,-104.695816,0.283249,12.076118,-0.034683,0.000132
1.000001,39.899307,-104.695816,0.283062,12.07525,-0.035589,0.000414
1.000001,39.899307,-104.695816,0.283146,12.075086,-0.03713,0.000853
1.000001,39.899307,-104.695816,0.283226,12.076481,-0.035656,0.000562
1.000001,39.899307,-104.695816,0.283211,12.075998,-0.035796,0.000146
1.000001,39.899307,-104.695816,0.283138,12.075701,-0.03331,0.00035
1.000001,39.899307,-104.695816,0.283155,12.076149,-0.037823,0.000709
1.000001,39.899307,-104.695816,0.283032,12.07531,-0.034813,0.00014
1.000001,39.899307,-104.695816,0.283187,12.075368,-0.03611,0.000443
1.000001,39.899307,-104.695816,0.283125,12.075384,-0.036274,0.000194
1.000001,39.899307,-104.695816,0.283148,12.074399,-0.038939,0.001317
1.000001,39.899307,-104.695816,0.283287,12.076239,-0.035519,0.001098
1.000001,39.899307,-104.695816,0.283291,12.0769,-0.038774,0.00126
1.000001,39.899307,-104.695816,0.283116,12.074756,-0.036167,0.000259
1.000001,39.899307,-104.695816,0.283083,12.074803,-0.032482,0.000473
1.000001,39.899307,-104.695816,0.283055,12.074615,-0.032598,0.000594
1.000001,39.899307,-104.695816,0.283217,12.074906,-0.033604,0.000861
1.000001,39.899307,-104.695816,0.283312,12.076043,-0.035223,0.000647
1.000001,39.899307,-104.695816,0.283325,12.076826,-0.038161,0.000499
1.000001,39.899307,-104.695816,0.283097,12.074468,-0.035773,0.000299
1.000001,39.899307,-104.695816,0.28321,12.075314,-0.033357,0.000574
1.000001,39.899307,-104.695816,0.283237,12.074827,-0.035568,0.000295
1.000004,39.899307,-104.695816,0.283276,12.07602,-0.037921,0.000413
1.000001,39.899307,-104.695816,0.283212,12.075799,-0.037422,0.000144
1.000001,39.899307,-104.695816,0.283189,12.076035,-0.031654,0.000709
1.000001,39.899307,-104.695816,0.282961,12.074787,-0.032543,0.000524
1.000001,39.899307,-104.695816,0.283234,12.075889,-0.031991,0.00054
1.000001,39.899307,-104.695816,0.283289,12.075516,-0.03834,0.000465
1.000001,39.899307,-104.695816,0.283073,12.074765,-0.029656,0.000939
1.000001,39.899307,-104.695816,0.28333,12.075245,-0.038084,0.000225
1.000001,39.899307,-104.695816,0.283253,12.076663,-0.038001,0.00022
1.000001,39.899307,-104.695816,0.283182,12.074225,-0.033915,0.000414
1.000001,39.899307,-104.695816,0.28325,12.076989,-0.034759,0.000462
1.000001,39.899307,-104.695816,0.282995,12.073868,-0.034925,0.000922
1.000001,39.899307,-104.695816,0.283339,12.076009,-0.035933,0.000186
1.000001,39.899307,-104.695816,0.283109,12.074973,-0.035601,0.000191
1.000001,39.899307,-104.695816,0.283141,12.074912,-0.031477,0.000767
1.003659,39.899307,-104.695816,0.283169,12.075614,-0.036325,0.000307
1.000001,39.899307,-104.695816,0.28322,12.075695,-0.036957,0.000237
1.000001,39.899307,-104.695816,0.283175,12.076138,-0.03423,0.000349
1.000001,39.899307,-104.695816,0.283308,12.076207,-0.038799,0.00012
1.000001,39.899307,-104.695816,0.283085,12.074768,-0.034633,0.000404
1.000001,39.899307,-104.695816,0.283359,12.075928,-0.037362,0.0004
1.000001,39.899307,-104.695816,0.283136,12.07501,-0.035475,0.000223
1.000001,39.899307,-104.695816,0.283314,12.075551,-0.032999,0.000285
1.000001,39.899307,-104.695816,0.283034,12.073791,-0.035598,0.000511
1.000001,39.899307,-104.695816,0.28337,12.075688,-0.033273,0.000555
1.000001,39.899307,-104.695816,0.283236,12.075972,-0.033501,0.000121
1.000001,39.899307,-104.695816,0.283402,12.076424,-0.039425,0.000313
1.000001,39.899307,-104.695816,0.283233,12.075268,-0.037791,0.000324
1.000001,39.899307,-104.695816,0.283358,12.075609,-0.03476,0.000228
1.002366,39.899307,-104.695816,0.283226,12.075681,-0.035223,0.000465
1.000001,39.899307,-104.695816,0.283179,12.075349,-0.035803,0.000458
1.000001,39.899307,-104.695816,0.283156,12.075236,-0.031383,0.000157
1.000001,39.899307,-104.695816,0.283123,12.075186,-0.036247,0.000239
1.000001,39.899307,-104.695816,0.283235,12.075146,-0.03161,0.000172
1.004937,39.899307,-104.695816,0.283274,12.07591,-0.032456,0.000363
1.000001,39.899307,-104.695816,0.283219,12.075496,-0.032289,0.000279
1.000001,39.899307,-104.695816,0.283191,12.075723,-0.037103,5.9e-05
1.000001,39.899307,-104.695816,0.283234,12.074916,-0.034262,0.000379
1.000001,39.899307,-104.695816,0.283225,12.075212,-0.031017,0.000223
1.000001,39.899307,-104.695816,0.283366,12.076232,-0.039468,0.000184
1.000001,39.899307,-104.695816,0.283205,12.075988,-0.034459,0.000717
1.007125,39.899307,-104.695816,0.283225,12.075429,-0.036173,0.000513
1.000001,39.899307,-104.695816,0.283179,12.075371,-0.034433,0.000906
1.000001,39.899307,-104.695816,0.283175,12.075207,-0.03385,0.0003
1.000001,39.899307,-104.695816,0.283048,12.074188,-0.035661,0.000663
1.000001,39.899307,-104.695816,0.283174,12.075015,-0.034823,0.000363
1.000001,39.899307,-104.695816,0.283284,12.07581,-0.034691,0.000185
1.000001,39.899307,-104.695816,0.283177,12.07483,-0.037001,0.00033
1.000001,39.899307,-104.695816,0.283259,12.075626,-0.03403,0.00028
1.000001,39.899307,-104.695816,0.283299,12.075672,-0.037072,0.000665
1.000011,39.899307,-104.695816,0.283294,12.075732,-0.034634,9.7e-05
1.000001,39.899307,-104.695816,0.283351,12.075827,-0.039207,0.000531
1.000001,39.899307,-104.695816,0.283212,12.07577,-0.036987,0.000511
1.000001,39.899307,-104.695816,0.283327,12.075317,-0.033843,0.000538
1.000001,39.899307,-104.695816,0.283342,12.075777,-0.037529,0.000456
1.000001,39.899307,-104.695816,0.283348,12.076014,-0.034355,0.00036
1.000001,39.899307,-104.695816,0.283208,12.075491,-0.03743,0.000352
1.000001,39.899307,-104.695816,0.283323,12.075859,-0.037373,0.00045
1.000001,39.899307,-104.695816,0.283137,12.074322,-0.036398,6.3e-05
1.000001,39.899307,-104.695816,0.283205,12.076014,-0.036234,0.000336
1.000001,39.899307,-104.695816,0.283213,12.075302,-0.035021,0.000642
1.004902,39.899307,-104.695816,0.283052,12.074679,-0.035367,0.000389
1.000001,39.899307,-104.695816,0.283227,12.076344,-0.037235,0.000173
1.000001,39.899307,-104.695816,0.283159,12.075204,-0.036142,0.000376
1.000001,39.899307,-104.695816,0.2833,12.075864,-0.037636,0.000202
1.000001,39.899307,-104.695816,0.283147,12.0753,-0.036768,0.000604
1.000001,39.899307,-104.695816,0.283209,12.075737,-0.035426,0.000693
1.000001,39.899307,-104.695816,0.283317,12.07619,-0.038627,0.000332
1.000001,39.899307,-104.695816,0.28335,12.077294,-0.037549,0.000477
1.000001,39.899307,-104.695816,0.283155,12.075196,-0.035085,0.000241
1.000001,39.899307,-104.695816,0.283258,12.076266,-0.034208,0.000857
1.000001,39.899307,-104.695816,0.283318,12.075246,-0.036466,0.000826
1.000001,39.899307,-104.695816,0.283072,12.074821,-0.032773,0.000663
1.000001,39.899307,-104.695816,0.283331,12.076232,-0.0365,0.00084
1.000001,39.899307,-104.695816,0.283255,12.075883,-0.034624,0.000365
1.002474,39.899307,-104.695816,0.283304,12.075758,-0.036739,0.000765
1.000001,39.899307,-104.695816,0.283281,12.076535,-0.039607,0.000947
1.000001,39.899307,-104.695816,0.283187,12.074867,-0.037045,0.000287
1.000001,39.899307,-104.695816,0.283166,12.075108,-0.033402,0.000535
1.000001,39.899307,-104.695816,0.283407,12.075235,-0.03756,0.000582
1.004673,39.899307,-104.695816,0.28328,12.075495,-0.035763,0.000426
1.000001,39.899307,-104.695816,0.283245,12.075678,-0.036307,0.000718
1.000001,39.899307,-104.695816,0.283145,12.074706,-0.033287,0.00022
1.000001,39.899307,-104.695816,0.283381,12.076215,-0.037822,0.000417
1.000001,39.899307,-104.695816,0.283306,12.076168,-0.037907,0.000625
1.000001,39.899307,-104.695816,0.283386,12.077233,-0.037125,0.000393
1.000001,39.899307,-104.695816,0.28334,12.0758,-0.04042,0.001095
1.000001,39.899307,-104.695816,0.283279,12.075693,-0.036353,0.000327
1.000001,39.899307,-104.695816,0.283185,12.075012,-0.033557,0.000409
1.000001,39.899307,-104.695816,0.283025,12.074389,-0.03273,0.00063
1.000001,39.899307,-104.695816,0.283172,12.074768,-0.03154,0.000189
1.000001,39.899307,-104.695816,0.283215,12.075633,-0.035203,0.00043
1.000001,39.899307,-104.695816,0.283238,12.07553,-0.036008,0.000903
1.000001,39.899307,-104.695816,0.28334,12.075579,-0.036551,0.000306
1.000001,39.899307,-104.695816,0.28329,12.076721,-0.035569,0.000611
1.000001,39.899307,-104.695816,0.283335,12.076097,-0.033949,0.00048
1.000001,39.899307,-104.695816,0.28343,12.076634,-0.032731,0.000379
1.000001,39.899307,-104.695816,0.283287,12.074782,-0.032558,0.001182
1.000001,39.899307,-104.695816,0.283192,12.075516,-0.037995,0.001065
1.000021,39.899307,-104.695816,0.283079,12.073948,-0.034733,0.000354
1.000001,39.899307,-104.695816,0.283279,12.076446,-0.034418,0.000253
1.000001,39.899307,-104.695816,0.283385,12.075893,-0.031764,0.000255
1.000001,39.899307,-104.695816,0.283525,12.0767,-0.041458,0.000311
1.000001,39.899307,-104.695816,0.283399,12.076786,-0.030697,0.000353
1.000001,39.899307,-104.695816,0.283207,12.074981,-0.037568,0.000478
1.000001,39.899307,-104.695816,0.283134,12.07522,-0.036354,0.000233
1.000001,39.899307,-104.695816,0.283197,12.075554,-0.035977,0.001005
1.000001,39.899307,-104.695816,0.283379,12.075665,-0.039228,0.000263
1.000001,39.899307,-104.695816,0.283308,12.074821,-0.03321,0.000143
1.000001,39.899307,-104.695816,0.283496,12.075911,-0.037108,0.000521
1.000001,39.899307,-104.695816,0.283492,12.07781,-0.039489,0.000424
1.000001,39.899307,-104.695816,0.283295,12.075845,-0.033842,0.000702
1.000001,39.899307,-104.695816,0.28319,12.075689,-0.035765,0.000279
1.000001,39.899307,-104.695816,0.283201,12.075327,-0.031101,0.000168
1.000001,39.899307,-104.695816,0.283396,12.077155,-0.03543,0.000238
1.000001,39.899307,-104.695816,0.283176,12.074872,-0.036823,6.7e-05
1.000001,39.899307,-104.695816,0.283351,12.075988,-0.036777,0.000171
1.000001,39.899307,-104.695816,0.283294,12.075314,-0.038692,0.000378
1.000001,39.899307,-104.695816,0.283381,12.075748,-0.03977,0.000381
1.000001,39.899307,-104.695816,0.283343,12.076672,-0.034919,0.00057
1.000001,39.899307,-104.695816,0.283555,12.076874,-0.034427,0.000652
1.000001,39.899307,-104.695816,0.283221,12.075294,-0.037721,0.000545
1.000001,39.899307,-104.695816,0.283197,12.075314,-0.036173,0.000608
1.000001,39.899307,-104.695816,0.28321,12.075389,-0.037779,0.000555
1.000001,39.899307,-104.695816,0.283252,12.076084,-0.033113,0.000791
1.000001,39.899307,-104.695816,0.283373,12.076375,-0.037644,0.000361
1.000001,39.899307,-104.695816,0.283214,12.075061,-0.036151,0.000532
1.000001,39.899307,-104.695816,0.283384,12.075662,-0.036402,0.00055
1.000001,39.899307,-104.695816,0.283129,12.074393,-0.034224,0.000515
1.000001,39.899307,-104.695816,0.283337,12.07615,-0.034829,0.000372
1.000001,39.899307,-104.695816,0.283153,12.07553,-0.036588,0.000395
1.000001,39.899307,-104.695816,0.283133,12.074469,-0.036175,0.000214
1.000001,39.899307,-104.695816,0.283162,12.074872,-0.0367,0.000327
1.000001,39.899307,-104.695816,0.283181,12.075329,-0.035664,0.000295
1.000001,39.899307,-104.695816,0.283478,12.077332,-0.036158,0.000619
1.000001,39.899307,-104.695816,0.283425,12.076239,-0.035383,0.000377
1.000001,39.899307,-104.695816,0.283055,12.074329,-0.034415,0.000516
1.000001,39.899307,-104.695816,0.283407,12.0761,-0.036362,0.000578
1.000001,39.899307,-104.695816,0.283168,12.075205,-0.034068,0.00033
1.000001,39.899307,-104.695816,0.283287,12.075649,-0.037175,0.000588
1.000001,39.899307,-104.695816,0.283342,12.075916,-0.031964,0.000812
1.000001,39.899307,-104.695816,0.283456,12.076958,-0.033619,0.00034
1.000001,39.899307,-104.695816,0.283064,12.074601,-0.035196,0.000317
1.000001,39.899307,-104.695816,0.283315,12.076482,-0.0373,0.000326
1.000001,39.899307,-104.695816,0.283301,12.076024,-0.038704,0.000339
1.000001,39.899307,-104.695816,0.28341,12.075865,-0.035727,0.000384
1.000001,39.899307,-104.695816,0.283384,12.076308,-0.034062,0.000245
1.000001,39.899307,-104.695816,0.28329,12.076017,-0.035433,0.000213
1.000001,39.899307,-104.695816,0.283148,12.075534,-0.036581,0.000232
1.000001,39.899307,-104.695816,0.283188,12.075364,-0.033258,0.000232
1.000001,39.899307,-104.695816,0.283386,12.075925,-0.035513,0.000383
1.000001,39.899307,-104.695816,0.283345,12.076192,-0.038025,0.000546
1.000004,39.899307,-104.695816,0.283382,12.076117,-0.033249,0.000542
1.000001,39.899307,-104.695816,0.28335,12.075833,-0.03594,0.000263
1.000001,39.899307,-104.695816,0.283291,12.075921,-0.038576,0.000281
1.000807,39.899307,-104.695816,0.283406,12.076373,-0.032774,0.000589
1.000001,39.899307,-104.695816,0.283319,12.078121,-0.035987,0.000528
1.000001,39.899307,-104.695816,0.283349,12.076193,-0.037501,0.00038
1.000001,39.899307,-104.695816,0.283369,12.076079,-0.039622,0.00011
1.000001,39.899307,-104.695816,0.283314,12.075933,-0.03057,0.000285
1.000001,39.899307,-104.695816,0.28296,12.074593,-0.032071,0.000414
1.000001,39.899307,-104.695816,0.283354,12.076239,-0.033118,0.000499
1.000001,39.899307,-104.695816,0.283305,12.076344,-0.038887,0.000591
1.000001,39.899307,-104.695816,0.283104,12.074363,-0.034549,0.000787
1.000001,39.899307,-104.695816,0.28348,12.076536,-0.039034,0.000267
1.000001,39.899307,-104.695816,0.283422,12.076988,-0.038746,0.000598
1.000001,39.899307,-104.695816,0.283291,12.075179,-0.033883,0.000781
1.000001,39.899307,-104.695816,0.283214,12.074813,-0.035147,0.000192
1.000001,39.899307,-104.695816,0.283114,12.074193,-0.031585,0.000542
1.000001,39.899307,-104.695816,0.283417,12.076529,-0.038343,0.000317
1.000001,39.899307,-104.695816,0.283161,12.074863,-0.035672,0.000313
1.000001,39.899307,-104.695816,0.28325,12.075368,-0.035023,0.000401
1.000001,39.899307,-104.695816,0.283267,12.076477,-0.036228,0.000478
1.000001,39.899307,-104.695816,0.283214,12.075468,-0.035159,0.000782
1.000001,39.899307,-104.695816,0.283364,12.07631,-0.036596,0.000691
1.000001,39.899307,-104.695816,0.283273,12.074825,-0.038663,0.000372
1.000001,39.899307,-104.695816,0.283253,12.075519,-0.033947,0.000291
1.000001,39.899307,-104.695816,0.283453,12.075651,-0.036053,0.000221
1.000001,39.899307,-104.695816,0.283295,12.075905,-0.03626,0.000337
1.000594,39.899307,-104.695816,0.283391,12.076097,-0.030434,0.000119
1.000001,39.899307,-104.695816,0.283023,12.073891,-0.033669,0.000592
1.000001,39.899307,-104.695816,0.283492,12.076599,-0.035153,0.00081
1.000001,39.899307,-104.695816,0.283344,12.075922,-0.034719,0.00021
1.000001,39.899307,-104.695816,0.283454,12.075739,-0.037838,0.000528
1.000001,39.899307,-104.695816,0.283367,12.076513,-0.039925,0.001011
1.000001,39.899307,-104.695816,0.283379,12.076686,-0.034105,0.000685
1.000001,39.899307,-104.695816,0.28325,12.07515,-0.035954,0.000186
1.000001,39.899307,-104.695816,0.283284,12.075408,-0.032908,0.000308
1.000001,39.899307,-104.695816,0.283457,12.076779,-0.033602,0.00099
1.000001,39.899307,-104.695816,0.283128,12.075181,-0.036489,0.00084
1.000001,39.899307,-104.695816,0.283476,12.076357,-0.032694,0.000788
1.000001,39.899307,-104.695816,0.283448,12.076448,-0.033508,0.000189
1.000001,39.899307,-104.695816,0.283325,12.075285,-0.032844,0.000354
1.000001,39.899307,-104.695816,0.283209,12.07473,-0.037817,0.00059
1.000001,39.899307,-104.695816,0.283408,12.075896,-0.036584,0.000175
1.000001,39.899307,-104.695816,0.283348,12.07551,-0.031311,0.000261
1.000001,39.899307,-104.695816,0.283349,12.076547,-0.038656,0.00012
1.000001,39.899307,-104.695816,0.283289,12.076275,-0.03832,0.000409
1.000001,39.899307,-104.695816,0.283539,12.079108,-0.036372,0.000665
1.000001,39.899307,-104.695816,0.283129,12.073892,-0.030374,0.000391
1.000001,39.899307,-104.695816,0.283246,12.075526,-0.034151,0.001361
1.000001,39.899307,-104.695816,0.283248,12.075798,-0.037993,0.000236
1.000001,39.899307,-104.695816,0.283162,12.07511,-0.034161,0.000563
1.000001,39.899307,-104.695816,0.283349,12.076527,-0.034096,0.000379
1.000001,39.899307,-104.695816,0.283336,12.075408,-0.039189,0.000229
1.000001,39.899307,-104.695816,0.283497,12.075809,-0.032154,0.000949
1.000001,39.899307,-104.695816,0.283452,12.076176,-0.038294,0.000171
1.000001,39.899307,-104.695816,0.283373,12.076567,-0.037198,0.000582
1.000001,39.899307,-104.695816,0.28358,12.07681,-0.0389,0.000355
1.000001,39.899307,-104.695816,0.283254,12.075896,-0.035452,0.000246
1.000001,39.899307,-104.695816,0.283577,12.07734,-0.035252,0.000719
1.000001,39.899307,-104.695816,0.283426,12.075145,-0.035154,0.000124
1.000001,39.899307,-104.695816,0.283591,12.076982,-0.034572,0.000367
1.000001,39.899307,-104.695816,0.283357,12.076216,-0.038187,0.000411
1.000001,39.899307,-104.695816,0.283577,12.077627,-0.037679,8.2e-05
1.000001,39.899307,-104.695816,0.283191,12.074374,-0.035951,0.000489
1.000001,39.899307,-104.695816,0.283316,12.075728,-0.036933,0.000189
1.000001,39.899307,-104.695816,0.283537,12.076806,-0.038339,0.000386
1.000001,39.899307,-104.695816,0.283176,12.074291,-0.036003,0.000673
1.000001,39.899307,-104.695816,0.283308,12.075409,-0.038815,0.000225
1.000001,39.899307,-104.695816,0.283295,12.075525,-0.038218,0.000252
1.000001,39.899307,-104.695816,0.283389,12.075841,-0.037509,0.000506
1.000001,39.899307,-104.695816,0.283259,12.075017,-0.036493,0.000451
1.000001,39.899307,-104.695816,0.283394,12.076937,-0.035567,0.000253
1.000001,39.899307,-104.695816,0.283388,12.076215,-0.039602,0.000369
1.000001,39.899307,-104.695816,0.283626,12.077253,-0.037569,0.000589
1.000001,39.899307,-104.695816,0.283208,12.075155,-0.03683,0.000359
1.000001,39.899307,-104.695816,0.283265,12.074926,-0.037198,0.000273
1.003813,39.899307,-104.695816,0.283509,12.076883,-0.032499,0.000466
1.000001,39.899307,-104.695816,0.283187,12.075179,-0.029567,0.000453
1.000001,39.899307,-104.695816,0.283345,12.076087,-0.038728,0.000211
1.000001,39.899307,-104.695816,0.283333,12.075588,-0.03331,0.000188
1.000001,39.899307,-104.695816,0.283506,12.076447,-0.035327,0.000659
1.000001,39.899307,-104.695816,0.283403,12.075948,-0.038319,0.000266
1.000001,39.899307,-104.695816,0.283224,12.074789,-0.03634,0.000335
1.000001,39.899307,-104.695816,0.283407,12.075659,-0.033407,0.000309
1.000001,39.899307,-104.695816,0.283466,12.075907,-0.034966,0.000432
1.000001,39.899307,-104.695816,0.283368,12.075774,-0.038817,0.000216
1.000001,39.899307,-104.695816,0.283499,12.076612,-0.036089,0.000245
1.000001,39.899307,-104.695816,0.283153,12.075299,-0.033379,0.000487
1.000001,39.899307,-104.695816,0.28339,12.076375,-0.038509,0.000477
1.000001,39.899307,-104.695816,0.28356,12.077511,-0.03524,0.000368
1.000001,39.899307,-104.695816,0.283305,12.075584,-0.033839,0.000485
1.000001,39.899307,-104.695816,0.283338,12.076332,-0.03722,0.000311
1.000001,39.899307,-104.695816,0.283423,12.075266,-0.034425,0.000271
1.000001,39.899307,-104.695816,0.283367,12.075495,-0.034939,0.00031
1.000001,39.899307,-104.695816,0.28325,12.075338,-0.034916,0.000254
1.000001,39.899307,-104.695816,0.283344,12.076188,-0.033918,0.000398
1.000001,39.899307,-104.695816,0.283412,12.078503,-0.035867,0.000602
1.000001,39.899307,-104.695816,0.283474,12.076549,-0.036471,0.000659
1.000001,39.899307,-104.695816,0.283317,12.075413,-0.038566,0.000207
1.000001,39.899307,-104.695816,0.283239,12.076114,-0.037862,0.000824
1.000001,39.899307,-104.695816,0.283285,12.075587,-0.032959,0.000388
1.000001,39.899307,-104.695816,0.283485,12.076292,-0.031244,0.000364
1.000001,39.899307,-104.695816,0.283435,12.076681,-0.036572,0.000778
1.000001,39.899307,-104.695816,0.283272,12.075477,-0.036578,0.000166
1.000001,39.899307,-104.695816,0.283108,12.074654,-0.035565,0.000337
1.000001,39.899307,-104.695816,0.283299,12.07522,-0.033015,0.000273
1.000001,39.899307,-104.695816,0.283539,12.076786,-0.033507,0.00075
1.000001,39.899307,-104.695816,0.283449,12.07563,-0.037891,0.001032
1.000001,39.899307,-104.695816,0.283384,12.075881,-0.033228,0.000543
1.000001,39.899307,-104.695816,0.283304,12.075088,-0.038585,0.000715
1.000001,39.899307,-104.695816,0.283368,12.076686,-0.03607,0.000186
1.000001,39.899307,-104.695816,0.283235,12.075212,-0.034602,0.000484
1.000001,39.899307,-104.695816,0.283352,12.075689,-0.035869,0.000539
1.003557,39.899307,-104.695816,0.283353,12.076134,-0.033561,0.000126
1.000001,39.899307,-104.695816,0.283479,12.076283,-0.038201,0.000351
1.000001,39.899307,-104.695816,0.283438,12.076812,-0.038923,0.000381
1.000001,39.899307,-104.695816,0.283392,12.075995,-0.035178,0.000174
1.000001,39.899307,-104.695816,0.283301,12.075685,-0.034364,0.000406
1.000001,39.899307,-104.695816,0.283463,12.077022,-0.031492,7.1e-05
1.000001,39.899307,-104.695816,0.283504,12.078588,-0.038856,0.000789
1.000001,39.899307,-104.695816,0.283407,12.075585,-0.037856,0.00048
1.000001,39.899307,-104.695816,0.283421,12.07804,-0.037988,0.000767
1.000001,39.899307,-104.695816,0.283463,12.076427,-0.037573,0.00061
1.000001,39.899307,-104.695816,0.283391,12.075978,-0.037495,0.000748
1.000001,39.899307,-104.695816,0.283321,12.075309,-0.032723,0.000601
1.000001,39.899307,-104.695816,0.283424,12.076139,-0.035514,0.000599
1.000001,39.899307,-104.695816,0.283458,12.076772,-0.036272,0.000101
1.000001,39.899307,-104.695816,0.283283,12.075147,-0.033341,0.00022
1.000001,39.899307,-104.695816,0.283363,12.075138,-0.039328,0.000426
1.000001,39.899307,-104.695816,0.283356,12.077105,-0.033467,0.000423
1.000001,39.899307,-104.695816,0.283531,12.078688,-0.036067,0.000895
1.000001,39.899307,-104.695816,0.283485,12.07648,-0.038954,0.000205
1.000001,39.899307,-104.695816,0.283471,12.076156,-0.034311,0.000782
1.006212,39.899307,-104.695816,0.283313,12.075185,-0.034987,0.000626
1.000001,39.899307,-104.695816,0.283354,12.075693,-0.034445,0.000283
1.000001,39.899307,-104.695816,0.283251,12.073712,-0.037715,0.001988
1.000001,39.899307,-104.695816,0.283354,12.075506,-0.034087,0.001006
1.000001,39.899307,-104.695816,0.283297,12.074243,-0.034938,0.000456
1.000001,39.899307,-104.695816,0.283242,12.075117,-0.037974,0.00047
1.000001,39.899307,-104.695816,0.283504,12.076872,-0.036441,0.000375
1.007538,39.899307,-104.695816,0.283427,12.076315,-0.034905,0.000558
1.000001,39.899307,-104.695816,0.283212,12.073833,-0.030063,0.000607
1.000001,39.899307,-104.695816,0.283566,12.07618,-0.037321,0.000578
1.000001,39.899307,-104.695816,0.283358,12.075277,-0.03164,0.000339
1.000001,39.899307,-104.695816,0.283429,12.07655,-0.036576,0.000829
1.000001,39.899307,-104.695816,0.283532,12.077095,-0.031965,0.000438
1.000001,39.899307,-104.695816,0.283613,12.077292,-0.03616,0.000572
1.000001,39.899307,-104.695816,0.283205,12.075405,-0.036282,0.000511
1.000001,39.899307,-104.695816,0.283412,12.076411,-0.036141,0.000678
1.000001,39.899307,-104.695816,0.283406,12.075566,-0.040056,0.000102
1.000001,39.899307,-104.695816,0.283484,12.076902,-0.037003,0.000565
1.000001,39.899307,-104.695816,0.283498,12.076632,-0.033085,0.0007
1.000001,39.899307,-104.695816,0.283444,12.075767,-0.035202,0.000985
1.000001,39.899307,-104.695816,0.283256,12.075015,-0.037206,0.000653
1.000001,39.899307,-104.695816,0.283247,12.075158,-0.034051,0.000398
1.000001,39.899307,-104.695816,0.283616,12.077569,-0.035335,0.000899
1.000001,39.899307,-104.695816,0.283298,12.074918,-0.037657,0.000383
1.000001,39.899307,-104.695816,0.28344,12.076265,-0.032853,0.000521
1.000001,39.899307,-104.695816,0.283563,12.076225,-0.03679,0.000116
1.000001,39.899307,-104.695816,0.283355,12.076019,-0.03943,0.000112
1.000001,39.899307,-104.695816,0.283623,12.078536,-0.032548,0.000701
1.000001,39.899307,-104.695816,0.283508,12.079575,-0.034954,0.000803
1.000001,39.899307,-104.695816,0.283448,12.076704,-0.037698,0.00028
1.000001,39.899307,-104.695816,0.283437,12.07683,-0.040137,0.00049
1.000001,39.899307,-104.695816,0.283539,12.078293,-0.032001,0.000679
1.008443,39.899307,-104.695816,0.283024,12.073835,-0.03156,0.000276
1.000001,39.899307,-104.695816,0.283523,12.076458,-0.032125,0.000416
1.000001,39.899307,-104.695816,0.283301,12.075199,-0.03854,0.000856
1.000001,39.899307,-104.695816,0.283274,12.075192,-0.038341,0.000366
1.000001,39.899307,-104.695816,0.283476,12.077217,-0.036291,0.000759
1.000001,39.899307,-104.695816,0.283378,12.07523,-0.039635,0.000377
1.000001,39.899307,-104.695816,0.283493,12.077538,-0.032433,0.000846
1.000001,39.899307,-104.695816,0.283441,12.076778,-0.037759,0.000688
1.000001,39.899307,-104.695816,0.283169,12.075935,-0.03265,0.000255
1.000001,39.899307,-104.695816,0.283473,12.07553,-0.037211,0.000134
1.000001,39.899307,-104.695816,0.283232,12.074892,-0.035007,0.000175
1.000001,39.899307,-104.695816,0.283374,12.076669,-0.038501,0.000126
1.000001,39.899307,-104.695816,0.283414,12.076011,-0.038615,0.00034
1.000001,39.899307,-104.695816,0.283291,12.075198,-0.031634,0.000211
1.000001,39.899307,-104.695816,0.283631,12.077216,-0.036354,0.000921
1.000001,39.899307,-104.695816,0.283363,12.075466,-0.037278,0.000289
1.000001,39.899307,-104.695816,0.283464,12.076577,-0.03387,0.000448
1.000001,39.899307,-104.695816,0.283468,12.076096,-0.03286,0.000303
1.000001,39.899307,-104.695816,0.283354,12.075046,-0.03687,0.000364
1.000001,39.899307,-104.695816,0.283512,12.07722,-0.031465,0.000519
1.000001,39.899307,-104.695816,0.283309,12.075548,-0.032543,0.000883
1.000001,39.899307,-104.695816,0.283676,12.077854,-0.037102,0.000419
1.000001,39.899307,-104.695816,0.283511,12.076605,-0.035945,0.000632
1.000001,39.899307,-104.695816,0.283503,12.076402,-0.036285,0.000462
1.000001,39.899307,-104.695816,0.283484,12.076431,-0.035581,0.001046
1.001379,39.899307,-104.695816,0.283476,12.076673,-0.035646,0.000848
1.000001,39.899307,-104.695816,0.283498,12.076506,-0.037059,0.000501
1.000001,39.899307,-104.695816,0.283362,12.075493,-0.034156,0.000635
1.000001,39.899307,-104.695816,0.283585,12.076962,-0.039542,0.000279
1.000001,39.899307,-104.695816,0.283209,12.075129,-0.033672,0.000837
1.000001,39.899307,-104.695816,0.283407,12.075421,-0.03764,0.000148
1.000001,39.899307,-104.695816,0.283629,12.076614,-0.033177,0.000503
1.000001,39.899307,-104.695816,0.283487,12.076428,-0.033033,0.000511
1.000001,39.899307,-104.695816,0.283404,12.075701,-0.035982,0.000654
1.000001,39.899307,-104.695816,0.283414,12.075916,-0.036519,7.4e-05
1.000001,39.899307,-104.695816,0.283374,12.075245,-0.032117,0.000332
1.000001,39.899307,-104.695816,0.283431,12.076291,-0.036212,0.000146
1.000001,39.899307,-104.695816,0.283471,12.075813,-0.039721,0.000361
1.000001,39.899307,-104.695816,0.283651,12.07912,-0.033029,0.000349
1.000001,39.899307,-104.695816,0.283296,12.075701,-0.031834,0.000352
1.000001,39.899307,-104.695816,0.283386,12.076911,-0.039325,0.000698
1.000001,39.899307,-104.695816,0.283472,12.076945,-0.039062,0.000673
1.000001,39.899307,-104.695816,0.283268,12.075361,-0.036651,0.000587
1.000003,39.899307,-104.695816,0.283528,12.076497,-0.036457,0.000373
1.000001,39.899307,-104.695816,0.283393,12.075089,-0.038996,0.000154
1.000001,39.899307,-104.695816,0.283342,12.076402,-0.036301,0.001463
1.000001,39.899307,-104.695816,0.283557,12.076936,-0.035971,0.000121
1.000001,39.899307,-104.695816,0.28337,12.075824,-0.036128,0.000374
1.000001,39.899307,-104.695816,0.283618,12.077737,-0.040027,0.000341
1.000001,39.899307,-104.695816,0.283343,12.075867,-0.033147,0.000222
1.000001,39.899307,-104.695816,0.283641,12.077323,-0.038076,0.000253
1.000001,39.899307,-104.695816,0.283441,12.078898,-0.037198,0.001709
1.000001,39.899307,-104.695816,0.283637,12.076955,-0.034551,0.00032
1.000001,39.899307,-104.695816,0.283573,12.076809,-0.038761,0.000363
1.000001,39.899307,-104.695816,0.283637,12.076852,-0.035401,0.000547
1.000001,39.899307,-104.695816,0.283352,12.077826,-0.035437,0.000638
1.000001,39.899307,-104.695816,0.283487,12.075804,-0.037834,0.000279
1.000001,39.899307,-104.695816,0.283626,12.077384,-0.038885,0.000414
1.000001,39.899307,-104.695816,0.28337,12.07487,-0.033553,0.000765
1.000001,39.899307,-104.695816,0.283416,12.07563,-0.039408,0.000289
1.000001,39.899307,-104.695816,0.283443,12.075907,-0.037095,0.000745
1.000001,39.899307,-104.695816,0.283528,12.076079,-0.037116,0.000455
1.000001,39.899307,-104.695816,0.283505,12.076041,-0.034397,0.000481
1.000001,39.899307,-104.695816,0.283456,12.076824,-0.033571,0.000784
1.000001,39.899307,-104.695816,0.283302,12.076468,-0.037327,0.000925
1.000001,39.899307,-104.695816,0.283626,12.076782,-0.036163,0.001027
1.000001,39.899307,-104.695816,0.283375,12.075868,-0.036032,0.000511
1.000001,39.899307,-104.695816,0.283389,12.074884,-0.03705,0.000239
1.000001,39.899307,-104.695816,0.283603,12.078314,-0.033315,0.000401
1.000001,39.899307,-104.695816,0.283307,12.075656,-0.032769,0.001266
1.000001,39.899307,-104.695816,0.283444,12.076457,-0.041542,0.000803
1.000001,39.899307,-104.695816,0.283538,12.076346,-0.033077,0.000564
1.000001,39.899307,-104.695816,0.283679,12.077309,-0.03386,0.000129
1.000001,39.899307,-104.695816,0.283434,12.076803,-0.040162,0.000331
1.000001,39.899307,-104.695816,0.283454,12.075845,-0.037291,0.000149
1.000001,39.899307,-104.695816,0.283539,12.076098,-0.033752,0.000425
1.007887,39.899307,-104.695816,0.283524,12.077323,-0.035058,0.000344
1.000001,39.899307,-104.695816,0.283468,12.076631,-0.039298,0.000287
1.000001,39.899307,-104.695816,0.283727,12.077765,-0.034897,0.000339
1.000001,39.899307,-104.695816,0.283252,12.077893,-0.035559,0.000489
1.000001,39.899307,-104.695816,0.283454,12.076322,-0.036206,0.000818
1.000001,39.899307,-104.695816,0.283759,12.078275,-0.03489,0.000566
1.000001,39.899307,-104.695816,0.283454,12.076077,-0.033373,0.00044
1.000001,39.899307,-104.695816,0.283498,12.07659,-0.036197,0.000142
1.000001,39.899307,-104.695816,0.283596,12.076351,-0.034041,0.00048
1.000001,39.899307,-104.695816,0.283601,12.077163,-0.037143,0.000362
1.000001,39.899307,-104.695816,0.28329,12.075759,-0.036229,0.00033
1.000001,39.899307,-104.695816,0.283506,12.076098,-0.033569,0.000258
1.000001,39.899307,-104.695816,0.283628,12.078196,-0.036845,0.000828
1.000001,39.899307,-104.695816,0.283555,12.077233,-0.039804,0.000375
1.000001,39.899307,-104.695816,0.28327,12.074602,-0.0382,0.000125
1.000001,39.899307,-104.695816,0.283365,12.076042,-0.038181,0.000367
1.000001,39.899307,-104.695816,0.283356,12.076104,-0.031559,0.000214
1.000001,39.899307,-104.695816,0.283504,12.076794,-0.034276,0.000722
1.000001,39.899307,-104.695816,0.283383,12.076302,-0.037081,0.000629
1.004054,39.899307,-104.695816,0.283412,12.075983,-0.036445,0.00068
1.000001,39.899307,-104.695816,0.283188,12.073851,-0.035975,0.000839
1.000001,39.899307,-104.695816,0.283471,12.076923,-0.032896,0.00078
1.000646,39.899307,-104.695816,0.283483,12.076318,-0.033822,0.000303
1.000001,39.899307,-104.695816,0.283507,12.075806,-0.032976,0.000596
1.000001,39.899307,-104.695816,0.28348,12.076082,-0.033372,0.000824
1.000001,39.899307,-104.695816,0.283488,12.076019,-0.035755,0.000631
1.000001,39.899307,-104.695816,0.28353,12.077162,-0.038387,0.000552
1.000001,39.899307,-104.695816,0.28322,12.07531,-0.036814,0.000413
1.000001,39.899307,-104.695816,0.28349,12.075891,-0.034324,0.000462
1.000001,39.899307,-104.695816,0.283411,12.076217,-0.032899,0.000684
1.000001,39.899307,-104.695816,0.283547,12.07792,-0.036391,0.00024
1.000001,39.899307,-104.695816,0.283438,12.07628,-0.03641,0.000378
1.000001,39.899307,-104.695816,0.283569,12.076447,-0.035987,0.000287
1.000001,39.899307,-104.695816,0.283417,12.076265,-0.030505,0.000544
1.000001,39.899307,-104.695816,0.283472,12.075583,-0.031435,0.000409
1.000001,39.899307,-104.695816,0.283474,12.078139,-0.040044,0.000596
1.000001,39.899307,-104.695816,0.283532,12.076671,-0.035415,0.000373
1.000001,39.899307,-104.695816,0.28348,12.077312,-0.036557,0.000474
1.000001,39.899307,-104.695816,0.283513,12.076452,-0.034887,0.000826
1.000001,39.899307,-104.695816,0.283258,12.07496,-0.03396,0.000693
1.000001,39.899307,-104.695816,0.283447,12.075896,-0.032299,0.000127
1.000001,39.899307,-104.695816,0.283471,12.077063,-0.037477,0.000325
1.000001,39.899307,-104.695816,0.283569,12.07664,-0.034931,0.000244
1.000001,39.899307,-104.695816,0.283358,12.076231,-0.034404,0.000346
1.000001,39.899307,-104.695816,0.283405,12.075367,-0.039339,0.000325
1.000001,39.899307,-104.695816,0.283396,12.07652,-0.035712,0.000161
1.000001,39.899307,-104.695816,0.283678,12.077894,-0.034249,7.3e-05
1.000001,39.899307,-104.695816,0.283575,12.077106,-0.038204,0.0002
1.000001,39.899307,-104.695816,0.283677,12.079224,-0.032747,0.000668
1.000001,39.899307,-104.695816,0.283402,12.075491,-0.03582,0.000421
1.000001,39.899307,-104.695816,0.283441,12.077618,-0.035624,0.000414
1.000001,39.899307,-104.695816,0.283685,12.078663,-0.037356,0.001359
1.000001,39.899307,-104.695816,0.283603,12.076447,-0.032205,0.00048
1.000001,39.899307,-104.695816,0.28353,12.076704,-0.034225,0.000529
1.000001,39.899307,-104.695816,0.283402,12.075677,-0.040022,0.00061
1.000001,39.899307,-104.695816,0.283554,12.077307,-0.037802,0.000289
1.000001,39.899307,-104.695816,0.283392,12.078073,-0.033939,0.000696
1.002048,39.899307,-104.695816,0.283514,12.076931,-0.03373,0.000638
1.000001,39.899307,-104.695816,0.283537,12.076402,-0.034354,0.000613
1.003123,39.899307,-104.695816,0.283402,12.076795,-0.033559,0.000253
1.000001,39.899307,-104.695816,0.283523,12.078063,-0.035999,0.000585
1.000001,39.899307,-104.695816,0.283739,12.078324,-0.03558,0.000594
1.000001,39.899307,-104.695816,0.283572,12.077973,-0.0369,0.000267
1.000001,39.899307,-104.695816,0.283429,12.075442,-0.037607,0.000103
1.000001,39.899307,-104.695816,0.283422,12.0769,-0.036562,0.000454
1.000001,39.899307,-104.695816,0.283589,12.075652,-0.039682,0.000973
1.000001,39.899307,-104.695816,0.283466,12.076048,-0.038241,0.000623
1.000001,39.899307,-104.695816,0.283629,12.07727,-0.032594,0.000586
1.000001,39.899307,-104.695816,0.283479,12.076251,-0.0376,0.000726
1.000001,39.899307,-104.695816,0.283338,12.075433,-0.03881,0.000534
1.000001,39.899307,-104.695816,0.283522,12.078174,-0.035001,0.000712
1.000001,39.899307,-104.695816,0.283642,12.077109,-0.034763,0.000912
1.000001,39.899307,-104.695816,0.283277,12.07518,-0.036006,0.000542
1.000001,39.899307,-104.695816,0.283654,12.077975,-0.033665,0.000158
1.000001,39.899307,-104.695816,0.283705,12.07735,-0.036872,0.00016
1.000001,39.899307,-104.695816,0.283534,12.077991,-0.037547,0.000712
1.000001,39.899307,-104.695816,0.28369,12.078284,-0.032904,0.000797
1.000001,39.899307,-104.695816,0.283473,12.078025,-0.03572,0.000529
1.000001,39.899307,-104.695816,0.283585,12.078471,-0.038089,0.000321
1.000001,39.899307,-104.695816,0.283505,12.076459,-0.036143,0.000771
1.001988,39.899307,-104.695816,0.2836,12.078767,-0.03617,0.000528
1.000001,39.899307,-104.695816,0.283207,12.075047,-0.032894,0.000489
1.000001,39.899307,-104.695816,0.283549,12.07695,-0.031379,0.001003
1.000001,39.899307,-104.695816,0.283383,12.075652,-0.037401,0.001519
1.000001,39.899307,-104.695816,0.283473,12.075562,-0.036612,0.000292
1.000001,39.899307,-104.695816,0.283629,12.077639,-0.036706,0.000511
1.000001,39.899307,-104.695816,0.283445,12.075423,-0.039576,0.00124
1.000001,39.899307,-104.695816,0.28367,12.079152,-0.034749,0.000669
1.000001,39.899307,-104.695816,0.283535,12.07614,-0.040116,0.0003
1.002336,39.899307,-104.695816,0.283343,12.074529,-0.035209,0.001378
1.000001,39.899307,-104.695816,0.283427,12.076631,-0.03629,0.000824
1.000001,39.899307,-104.695816,0.283449,12.075646,-0.035439,0.000397
1.000001,39.899307,-104.695816,0.283573,12.076808,-0.039452,0.001294
1.000001,39.899307,-104.695816,0.283494,12.076932,-0.03987,0.001108
1.000001,39.899307,-104.695816,0.283458,12.075674,-0.031427,0.000247
1.000001,39.899307,-104.695816,0.283808,12.077748,-0.037381,0.000684
1.000001,39.899307,-104.695816,0.283514,12.075896,-0.035287,0.000224
1.000001,39.899307,-104.695816,0.283587,12.077916,-0.037017,0.000377
1.000001,39.899307,-104.695816,0.283582,12.076572,-0.032746,0.000649
1.000001,39.899307,-104.695816,0.283372,12.074957,-0.036234,0.00022
1.000001,39.899307,-104.695816,0.283532,12.077466,-0.031984,0.00073
1.000001,39.899307,-104.695816,0.28357,12.07659,-0.031133,0.000385
1.000001,39.899307,-104.695816,0.283673,12.077055,-0.037436,0.000255
1.000001,39.899307,-104.695816,0.283762,12.076654,-0.040086,0.001501
1.000001,39.899307,-104.695816,0.283599,12.077629,-0.036194,0.000159
1.000001,39.899307,-104.695816,0.283409,12.076077,-0.032982,0.000563
1.000001,39.899307,-104.695816,0.283651,12.077664,-0.036272,0.00116
1.000001,39.899307,-104.695816,0.283669,12.076968,-0.036782,0.000591
1.000001,39.899307,-104.695816,0.283498,12.076909,-0.036095,0.000457
1.000001,39.899307,-104.695816,0.283625,12.078207,-0.040845,0.000481
1.000001,39.899307,-104.695816,0.283377,12.076076,-0.029865,0.00024
1.000001,39.899307,-104.695816,0.283428,12.0775,-0.037976,0.000614
1.000001,39.899307,-104.695816,0.283689,12.076694,-0.031319,0.000536
1.000001,39.899307,-104.695816,0.28371,12.077409,-0.034085,0.000138
1.000001,39.899307,-104.695816,0.283684,12.077118,-0.035221,0.000894
1.000001,39.899307,-104.695816,0.283566,12.078689,-0.035826,0.000642
1.004183,39.899307,-104.695816,0.283668,12.076018,-0.03804,0.001385
1.000001,39.899307,-104.695816,0.283644,12.076827,-0.035015,0.000281
1.000001,39.899307,-104.695816,0.283633,12.078278,-0.037048,0.000862
1.000001,39.899307,-104.695816,0.283884,12.07972,-0.033611,0.000806
1.000001,39.899307,-104.695816,0.283481,12.076812,-0.034426,0.000477
1.000001,39.899307,-104.695816,0.283519,12.076925,-0.039219,0.000399
1.000001,39.899307,-104.695816,0.28374,12.077408,-0.038167,0.000755
1.000001,39.899307,-104.695816,0.283511,12.075698,-0.037861,0.000489
1.000001,39.899307,-104.695816,0.283629,12.077989,-0.035875,0.000206
1.005863,39.899307,-104.695816,0.283601,12.075825,-0.039874,0.000966
1.000001,39.899307,-104.695816,0.283484,12.07793,-0.039968,0.000608
1.000992,39.899307,-104.695816,0.28365,12.077077,-0.037755,0.000345
1.000001,39.899307,-104.695816,0.283577,12.078975,-0.034866,0.000449
1.000001,39.899307,-104.695816,0.28372,12.077177,-0.040004,0.000247
1.000001,39.899307,-104.695816,0.283549,12.079551,-0.035773,0.001265
1.000001,39.899307,-104.695816,0.283715,12.077385,-0.036045,0.000575
1.005577,39.899307,-104.695816,0.283439,12.077265,-0.036181,0.000612
1.000001,39.899307,-104.695816,0.283701,12.07861,-0.032253,0.000456
1.00001,39.899307,-104.695816,0.283714,12.079554,-0.039886,0.001032
1.000001,39.899307,-104.695816,0.283714,12.076129,-0.036265,0.001037
1.000001,39.899307,-104.695816,0.283555,12.078003,-0.037482,0.000592
1.000001,39.899307,-104.695816,0.2835,12.075956,-0.041039,0.000212
1.000001,39.899307,-104.695816,0.283588,12.077221,-0.039157,0.000548
1.000001,39.899307,-104.695816,0.283475,12.075743,-0.032086,0.000438
1.000001,39.899307,-104.695816,0.283419,12.075552,-0.040221,0.000186
1.000001,39.899307,-104.695816,0.283487,12.07636,-0.0388,0.000545
1.000001,39.899307,-104.695816,0.28369,12.076344,-0.037048,0.000195
1.000001,39.899307,-104.695816,0.283718,12.078444,-0.035234,0.000256
1.000001,39.899307,-104.695816,0.283628,12.076226,-0.035657,0.000388
1.000001,39.899307,-104.695816,0.283505,12.077984,-0.037288,0.000741
1.000001,39.899307,-104.695816,0.283601,12.076143,-0.031058,0.00048
1.000001,39.899307,-104.695816,0.28345,12.076235,-0.033748,0.000224
1.000001,39.899307,-104.695816,0.283445,12.075696,-0.037576,0.000312
1.000001,39.899307,-104.695816,0.283603,12.078391,-0.033902,0.000604
1.000001,39.899307,-104.695816,0.283479,12.077815,-0.036416,0.000808
1.000001,39.899307,-104.695816,0.283506,12.077218,-0.038731,0.000514
1.000001,39.899307,-104.695816,0.283656,12.07804,-0.035931,0.000351
1.000001,39.899307,-104.695816,0.283822,12.078336,-0.032737,0.000339
1.000001,39.899307,-104.695816,0.283547,12.077573,-0.038307,0.000358
1.000001,39.899307,-104.695816,0.283577,12.076169,-0.035921,0.000501
1.000001,39.899307,-104.695816,0.283574,12.077017,-0.033713,0.000235
1.000001,39.899307,-104.695816,0.283563,12.075675,-0.0347,0.000236
1.000001,39.899307,-104.695816,0.283658,12.078194,-0.038151,0.000626
1.000001,39.899307,-104.695816,0.283686,12.076496,-0.037876,0.000701
1.000001,39.899307,-104.695816,0.283262,12.077445,-0.03576,0.000266
1.000001,39.899307,-104.695816,0.283728,12.076484,-0.034445,0.001385
1.000001,39.899307,-104.695816,0.283795,12.079652,-0.03303,0.001248
1.000001,39.899307,-104.695816,0.283524,12.077634,-0.034567,0.000397
1.000001,39.899307,-104.695816,0.283561,12.077006,-0.035668,0.000357
1.000001,39.899307,-104.695816,0.28376,12.077888,-0.032331,0.000516
1.002251,39.899307,-104.695816,0.283636,12.077665,-0.03717,0.001109
1.000001,39.899307,-104.695816,0.283502,12.076771,-0.037524,0.000404
1.000001,39.899307,-104.695816,0.2835,12.078424,-0.034391,0.00081
1.000001,39.899307,-104.695816,0.283667,12.078064,-0.034636,0.000881
1.000001,39.899307,-104.695816,0.283562,12.076679,-0.038717,0.000772
1.000001,39.899307,-104.695816,0.283512,12.076121,-0.039084,0.000652
1.000001,39.899307,-104.695816,0.283465,12.076413,-0.03848,0.000257
1.000001,39.899307,-104.695816,0.283415,12.076075,-0.034048,0.00028
1.000001,39.899307,-104.695816,0.283564,12.076164,-0.033246,0.000161
1.000001,39.899307,-104.695816,0.283509,12.076863,-0.037734,0.000844
1.000001,39.899307,-104.695816,0.283588,12.075908,-0.038485,0.000666
1.000001,39.899307,-104.695816,0.283397,12.077521,-0.034625,0.000508
1.000001,39.899307,-104.695816,0.283534,12.076722,-0.036456,0.001158
1.000001,39.899307,-104.695816,0.283556,12.077181,-0.03278,0.000143
1.000001,39.899307,-104.695816,0.283584,12.077184,-0.035412,0.00015
1.000001,39.899307,-104.695816,0.283625,12.075749,-0.036378,0.001557
1.000001,39.899307,-104.695816,0.283589,12.078008,-0.033953,0.000437
1.000001,39.899307,-104.695816,0.283644,12.079264,-0.03971,0.001213
1.000001,39.899307,-104.695816,0.283318,12.076032,-0.035302,0.000409
1.000001,39.899307,-104.695816,0.283724,12.078113,-0.031281,0.000601
1.000001,39.899307,-104.695816,0.283475,12.075999,-0.033805,0.001538
1.000001,39.899307,-104.695816,0.283626,12.077629,-0.034569,0.000247
1.000001,39.899307,-104.695816,0.283518,12.077127,-0.036008,0.000665
1.000001,39.899307,-104.695816,0.283725,12.077647,-0.037329,0.000191
1.000001,39.899307,-104.695816,0.283608,12.076116,-0.031314,0.000937
1.000001,39.899307,-104.695816,0.28354,12.077101,-0.035108,0.000187
1.000001,39.899307,-104.695816,0.283576,12.077441,-0.03811,0.000367
1.000001,39.899307,-104.695816,0.283732,12.078139,-0.035186,0.000385
1.000001,39.899307,-104.695816,0.283636,12.076543,-0.037393,0.000177
1.000001,39.899307,-104.695816,0.283689,12.079824,-0.033987,7.8e-05
1.000001,39.899307,-104.695816,0.283385,12.075119,-0.035903,0.001085
1.000001,39.899307,-104.695816,0.28365,12.07728,-0.034508,0.000874
1.000001,39.899307,-104.695816,0.283585,12.07735,-0.037503,0.000361
1.000001,39.899307,-104.695816,0.283729,12.077112,-0.036104,0.000486
1.000001,39.899307,-104.695816,0.283443,12.075685,-0.035294,0.000358
1.000001,39.899307,-104.695816,0.283667,12.076369,-0.035988,0.000282
1.000001,39.899307,-104.695816,0.283434,12.077383,-0.037283,0.000209
1.000001,39.899307,-104.695816,0.283649,12.07771,-0.03405,0.000139
1.000001,39.899307,-104.695816,0.283707,12.080047,-0.034863,0.001169
1.000001,39.899307,-104.695816,0.283699,12.076847,-0.03657,0.000633
1.000001,39.899307,-104.695816,0.283566,12.076484,-0.034585,0.000498
1.000001,39.899307,-104.695816,0.283588,12.079075,-0.035544,0.000177
1.000001,39.899307,-104.695816,0.283846,12.079685,-0.036316,0.000429
1.000001,39.899307,-104.695816,0.28377,12.079247,-0.033966,0.000265
1.000001,39.899307,-104.695816,0.283809,12.077733,-0.034612,0.000793
1.000001,39.899307,-104.695816,0.283535,12.07857,-0.038064,0.000548
1.002027,39.899307,-104.695816,0.28367,12.077473,-0.035872,0.000386
1.000001,39.899307,-104.695816,0.283411,12.074887,-0.03329,0.000515
1.000001,39.899307,-104.695816,0.283643,12.078235,-0.035321,0.000525
1.000001,39.899307,-104.695816,0.283586,12.075861,-0.035629,0.000426
1.000001,39.899307,-104.695816,0.283634,12.079154,-0.034175,0.000264
1.000001,39.899307,-104.695816,0.283623,12.078077,-0.035699,0.000684
1.000001,39.899307,-104.695816,0.283788,12.076395,-0.039001,0.000684
1.000001,39.899307,-104.695816,0.283512,12.077721,-0.034164,0.000841
1.000001,39.899307,-104.695816,0.283467,12.075372,-0.036858,0.00051
1.000001,39.899307,-104.695816,0.283522,12.076818,-0.033865,0.00039
1.000001,39.899307,-104.695816,0.283733,12.078053,-0.038635,0.000362
1.000001,39.899307,-104.695816,0.283603,12.07568,-0.040034,0.000391
1.000001,39.899307,-104.695816,0.283724,12.077092,-0.032216,0.000992
1.000001,39.899307,-104.695816,0.283609,12.07747,-0.037018,0.000337
1.000001,39.899307,-104.695816,0.283573,12.077116,-0.037999,0.000778
1.000001,39.899307,-104.695816,0.283486,12.077737,-0.034382,0.001071
1.005934,39.899307,-104.695816,0.283747,12.07875,-0.033503,0.000135
1.000001,39.899307,-104.695816,0.283465,12.076305,-0.034728,0.000111
1.000001,39.899307,-104.695816,0.283768,12.077847,-0.034718,2.5e-05
1.000001,39.899307,-104.695816,0.283835,12.079456,-0.034817,0.001046
1.000001,39.899307,-104.695816,0.283556,12.078066,-0.033192,0.000899
1.000001,39.899307,-104.695816,0.283779,12.078545,-0.034825,0.000668
1.000001,39.899307,-104.695816,0.283578,12.077503,-0.036881,0.000357
1.000001,39.899307,-104.695816,0.283611,12.078238,-0.038796,0.000223
1.000001,39.899307,-104.695816,0.283673,12.077541,-0.03309,0.000291
1.000001,39.899307,-104.695816,0.283647,12.07819,-0.037301,0.000402
1.000001,39.899307,-104.695816,0.283487,12.076157,-0.03482,0.00043
1.000001,39.899307,-104.695816,0.283525,12.075026,-0.033112,0.000312
1.000001,39.899307,-104.695816,0.283595,12.077244,-0.035489,0.00112
1.000001,39.899307,-104.695816,0.283747,12.077002,-0.036059,0.000163
1.000001,39.899307,-104.695816,0.283602,12.07829,-0.038458,0.000516
1.000001,39.899307,-104.695816,0.283622,12.076449,-0.03781,0.000911
1.000001,39.899307,-104.695816,0.283864,12.079885,-0.037795,0.000368
1.000001,39.899307,-104.695816,0.283539,12.076776,-0.039548,0.000263
1.000001,39.899307,-104.695816,0.283555,12.077339,-0.036037,0.000419
1.000001,39.899307,-104.695816,0.283385,12.076682,-0.034257,0.001043
1.000001,39.899307,-104.695816,0.283571,12.077127,-0.036252,0.000578
1.000001,39.899307,-104.695816,0.283662,12.077413,-0.036383,0.000857
1.000001,39.899307,-104.695816,0.283549,12.07579,-0.03711,0.000813
1.000001,39.899307,-104.695816,0.283645,12.07746,-0.033099,0.000435
1.000001,39.899307,-104.695816,0.283801,12.078931,-0.03588,0.000326
1.000001,39.899307,-104.695816,0.283583,12.076797,-0.034016,0.000587
1.000001,39.899307,-104.695816,0.283563,12.077632,-0.036014,0.000612
1.001348,39.899307,-104.695816,0.283741,12.077334,-0.031763,0.001052
1.000001,39.899307,-104.695816,0.283506,12.076869,-0.036565,0.000226
1.000001,39.899307,-104.695816,0.283656,12.076557,-0.035066,0.00046
1.000001,39.899307,-104.695816,0.283767,12.077968,-0.030897,0.000713
1.000001,39.899307,-104.695816,0.28372,12.077448,-0.036467,0.000765
1.000001,39.899307,-104.695816,0.283796,12.078662,-0.036305,0.001229
1.000001,39.899307,-104.695816,0.283623,12.077244,-0.035319,0.000237
1.000001,39.899307,-104.695816,0.283495,12.074922,-0.033313,0.000727
1.000001,39.899307,-104.695816,0.2838,12.077677,-0.038914,0.001538
1.000001,39.899307,-104.695816,0.283701,12.077379,-0.033869,0.000348
1.000001,39.899307,-104.695816,0.283612,12.076887,-0.034982,0.000665
1.000001,39.899307,-104.695816,0.283732,12.077951,-0.038035,0.000523
1.000001,39.899307,-104.695816,0.28344,12.077783,-0.031488,0.001073
1.000001,39.899307,-104.695816,0.283483,12.077023,-0.039353,0.000322
1.001836,39.899307,-104.695816,0.283812,12.077126,-0.028686,0.000435
1.000001,39.899307,-104.695816,0.283768,12.076929,-0.035048,0.000105
1.000001,39.899307,-104.695816,0.283751,12.079319,-0.034991,0.000454
1.000001,39.899307,-104.695816,0.283647,12.07844,-0.035175,0.000376
1.000001,39.899307,-104.695816,0.283761,12.079358,-0.038801,0.000683
1.000001,39.899307,-104.695816,0.283709,12.076145,-0.033609,0.000755
1.000001,39.899307,-104.695816,0.283827,12.079486,-0.035841,0.000686
1.006908,39.899307,-104.695816,0.284057,12.080682,-0.036144,0.001255
1.000001,39.899307,-104.695816,0.28358,12.076885,-0.035007,0.000861
1.000001,39.899307,-104.695816,0.283803,12.07862,-0.037496,0.000701
1.000001,39.899307,-104.695816,0.283751,12.077559,-0.036406,0.001005
1.000001,39.899307,-104.695816,0.283617,12.077804,-0.037347,0.000522
1.000001,39.899307,-104.695816,0.283802,12.078886,-0.036458,0.000112
1.000001,39.899307,-104.695816,0.283675,12.077905,-0.038033,0.000834
1.000001,39.899307,-104.695816,0.283605,12.077853,-0.04264,0.000786
1.000001,39.899307,-104.695816,0.283799,12.076609,-0.037531,0.001144
1.000001,39.899307,-104.695816,0.283625,12.078208,-0.035979,0.000465
1.000001,39.899307,-104.695816,0.283868,12.079841,-0.04128,0.000328
1.000001,39.899307,-104.695816,0.283671,12.07902,-0.036937,0.000704
1.000001,39.899307,-104.695816,0.283781,12.07829,-0.033921,0.000206
1.000001,39.899307,-104.695816,0.283543,12.077042,-0.036687,0.000507
1.000001,39.899307,-104.695816,0.283752,12.078457,-0.033174,0.000418
1.000001,39.899307,-104.695816,0.283961,12.078713,-0.041182,0.000289
1.000001,39.899307,-104.695816,0.283948,12.079467,-0.037081,0.000423
1.000001,39.899307,-104.695816,0.283674,12.078447,-0.037989,0.000243
1.000001,39.899307,-104.695816,0.283757,12.076506,-0.040765,0.000519
1.000001,39.899307,-104.695816,0.283709,12.07863,-0.039307,0.00039
1.000001,39.899307,-104.695816,0.283677,12.077399,-0.033191,0.000633
1.000001,39.899307,-104.695816,0.283475,12.077865,-0.039931,0.000408
1.005111,39.899307,-104.695816,0.283587,12.07513,-0.04031,0.001112
1.000001,39.899307,-104.695816,0.283596,12.076828,-0.03696,0.000285
1.000001,39.899307,-104.695816,0.28382,12.079538,-0.035543,0.000294
1.000001,39.899307,-104.695816,0.28379,12.078485,-0.03697,0.000474
1.000001,39.899307,-104.695816,0.283547,12.077795,-0.034712,0.000568
1.000001,39.899307,-104.695816,0.283573,12.075451,-0.030288,0.000449
1.000001,39.899307,-104.695816,0.28367,12.076273,-0.03238,0.00049
1.000001,39.899307,-104.695816,0.283634,12.07834,-0.037956,0.000775
1.000001,39.899307,-104.695816,0.283643,12.078357,-0.034233,9.9e-05
1.000001,39.899307,-104.695816,0.283634,12.078051,-0.038587,0.000826
1.000281,39.899307,-104.695816,0.283765,12.078759,-0.039993,0.000458
1.000001,39.899307,-104.695816,0.283865,12.078858,-0.036047,0.000531
1.000001,39.899307,-104.695816,0.283816,12.079159,-0.032453,0.000454
1.000001,39.899307,-104.695816,0.283607,12.077147,-0.036536,6.1e-05
1.000001,39.899307,-104.695816,0.283889,12.077787,-0.036394,0.001059
1.000001,39.899307,-104.695816,0.283609,12.078093,-0.03293,0.000598
1.000001,39.899307,-104.695816,0.283621,12.077872,-0.03563,0.000783
1.000001,39.899307,-104.695816,0.283836,12.077869,-0.035532,0.000684
1.000001,39.899307,-104.695816,0.283633,12.076292,-0.037055,0.000943
1.000001,39.899307,-104.695816,0.283327,12.076862,-0.037174,0.000444
1.000001,39.899307,-104.695816,0.283787,12.079882,-0.031327,0.000954
1.000001,39.899307,-104.695816,0.283783,12.079168,-0.032118,0.000927
1.000003,39.899307,-104.695816,0.283485,12.077176,-0.034632,0.000575
1.000001,39.899307,-104.695816,0.283649,12.077281,-0.035924,0.000191
1.000001,39.899307,-104.695816,0.283897,12.077432,-0.034649,0.000592
1.000001,39.899307,-104.695816,0.283619,12.076453,-0.035893,0.000799
1.000001,39.899307,-104.695816,0.283532,12.076774,-0.033515,0.00038
1.000001,39.899307,-104.695816,0.283565,12.078067,-0.035662,0.000904
1.000001,39.899307,-104.695816,0.283742,12.077853,-0.035706,0.000462
1.000001,39.899307,-104.695816,0.283718,12.076485,-0.039747,0.000818
1.000001,39.899307,-104.695816,0.283697,12.08049,-0.042176,0.001193
1.000001,39.899307,-104.695816,0.283731,12.078677,-0.037949,0.000643
1.000001,39.899307,-104.695816,0.283529,12.076678,-0.03612,0.000678
1.000001,39.899307,-104.695816,0.283692,12.077541,-0.031799,0.000419
1.000001,39.899307,-104.695816,0.283688,12.078694,-0.038562,0.000232
1.004333,39.899307,-104.695816,0.283624,12.075044,-0.038104,0.000941
1.000001,39.899307,-104.695816,0.283545,12.076866,-0.036729,0.000676
1.000001,39.899307,-104.695816,0.283771,12.079743,-0.039946,0.000577
1.000001,39.899307,-104.695816,0.283716,12.078127,-0.0313,0.000728
1.000001,39.899307,-104.695816,0.283777,12.076814,-0.035357,0.000197
1.002619,39.899307,-104.695816,0.283877,12.079395,-0.036098,0.000555
1.000001,39.899307,-104.695816,0.283682,12.078171,-0.035159,0.000335
1.000001,39.899307,-104.695816,0.283649,12.078507,-0.041506,0.00123
1.000001,39.899307,-104.695816,0.283541,12.074904,-0.033533,0.00114
1.000001,39.899307,-104.695816,0.283774,12.079145,-0.034056,0.000351
1.000001,39.899307,-104.695816,0.28352,12.075979,-0.038518,0.000501
1.000001,39.899307,-104.695816,0.283798,12.078532,-0.034242,0.000493
1.000001,39.899307,-104.695816,0.283653,12.078368,-0.035165,0.000457
1.000001,39.899307,-104.695816,0.283793,12.079515,-0.037146,0.000396
1.000001,39.899307,-104.695816,0.283814,12.080084,-0.033631,0.000788
1.000001,39.899307,-104.695816,0.283656,12.07788,-0.035826,0.000447
1.000001,39.899307,-104.695816,0.28363,12.077237,-0.03741,8.8e-05
1.000001,39.899307,-104.695816,0.283845,12.078667,-0.034679,0.00026
1.000001,39.899307,-104.695816,0.283768,12.079165,-0.038153,0.000562
1.000001,39.899307,-104.695816,0.283678,12.078501,-0.032872,0.000456
1.000001,39.899307,-104.695816,0.283551,12.076973,-0.040353,0.000567
1.000001,39.899307,-104.695816,0.2837,12.079558,-0.035959,0.000473
1.000001,39.899307,-104.695816,0.283691,12.076013,-0.036768,0.000692
1.000001,39.899307,-104.695816,0.283783,12.07749,-0.037568,0.000785
1.000001,39.899307,-104.695816,0.283582,12.076089,-0.034743,0.000786
1.000001,39.899307,-104.695816,0.283898,12.078787,-0.035347,0.000311
1.000001,39.899307,-104.695816,0.283678,12.079086,-0.037849,0.000738
1.000001,39.899307,-104.695816,0.283785,12.078176,-0.034486,0.000185
1.000001,39.899307,-104.695816,0.283742,12.077992,-0.034059,0.00065
1.000001,39.899307,-104.695816,0.283674,12.075903,-0.038903,0.0006
1.000001,39.899307,-104.695816,0.28362,12.07762,-0.033465,0.000348
1.000001,39.899307,-104.695816,0.283628,12.07784,-0.036451,0.000334
1.000001,39.899307,-104.695816,0.284073,12.079344,-0.03418,0.000247
1.000001,39.899307,-104.695816,0.283805,12.079189,-0.034344,0.000746
1.000001,39.899307,-104.695816,0.283767,12.078469,-0.033213,0.00081
1.000001,39.899307,-104.695816,0.283598,12.077674,-0.035072,0.000459
1.000001,39.899307,-104.695816,0.283743,12.078197,-0.035039,0.000557
1.000001,39.899307,-104.695816,0.283607,12.076054,-0.034029,0.000623
1.000061,39.899307,-104.695816,0.283783,12.077967,-0.036029,0.000606
1.000001,39.899307,-104.695816,0.283679,12.077193,-0.035204,0.000669
1.000001,39.899307,-104.695816,0.283764,12.077079,-0.03609,0.000633
1.000001,39.899307,-104.695816,0.283752,12.07858,-0.034415,0.000416
1.000001,39.899307,-104.695816,0.284013,12.079448,-0.039739,0.000692
1.000001,39.899307,-104.695816,0.2836,12.077596,-0.032312,0.000583
1.000001,39.899307,-104.695816,0.283674,12.078109,-0.034291,0.000195
1.000006,39.899307,-104.695816,0.283627,12.077903,-0.032903,0.000411
1.000001,39.899307,-104.695816,0.283768,12.077738,-0.038284,0.000314
1.000001,39.899307,-104.695816,0.283413,12.075645,-0.039694,0.000497
1.000001,39.899307,-104.695816,0.283685,12.07618,-0.031819,0.001267
1.000001,39.899307,-104.695816,0.283779,12.078006,-0.034697,0.000362
1.000001,39.899307,-104.695816,0.283926,12.078203,-0.036278,0.001194
1.000001,39.899307,-104.695816,0.283745,12.078529,-0.034813,0.000233
1.000001,39.899307,-104.695816,0.28393,12.079321,-0.034966,0.000277
1.000001,39.899307,-104.695816,0.283561,12.077954,-0.035145,0.000266
1.000001,39.899307,-104.695816,0.283815,12.078815,-0.034481,0.000834
1.000001,39.899307,-104.695816,0.283978,12.079291,-0.035636,0.000398
1.000001,39.899307,-104.695816,0.283634,12.077439,-0.032024,0.000552
1.000001,39.899307,-104.695816,0.283804,12.078425,-0.035381,0.000392
1.000001,39.899307,-104.695816,0.283564,12.076433,-0.034937,0.000299
1.000001,39.899307,-104.695816,0.283663,12.078284,-0.041798,0.000472
1.000001,39.899307,-104.695816,0.283778,12.077787,-0.032336,0.000148
1.000001,39.899307,-104.695816,0.283768,12.077744,-0.038533,0.000447
1.000001,39.899307,-104.695816,0.283648,12.077573,-0.035985,0.000394
1.000001,39.899307,-104.695816,0.283546,12.077486,-0.032568,0.000436
1.000001,39.899307,-104.695816,0.283492,12.07678,-0.032879,0.000395
1.000001,39.899307,-104.695816,0.283797,12.078284,-0.036208,0.000191
1.000001,39.899307,-104.695816,0.283773,12.078748,-0.039363,0.000429
1.000001,39.899307,-104.695816,0.283787,12.079645,-0.037394,0.001013
1.000001,39.899307,-104.695816,0.284,12.080073,-0.038039,9e-05
1.000001,39.899307,-104.695816,0.283692,12.077305,-0.040884,0.000777
1.000001,39.899307,-104.695816,0.283662,12.078201,-0.03636,0.000614
1.000001,39.899307,-104.695816,0.283549,12.074707,-0.032159,0.000619
1.000001,39.899307,-104.695816,0.283668,12.077535,-0.0364,0.000368
1.000001,39.899307,-104.695816,0.283705,12.078113,-0.035818,0.000769
1.000001,39.899307,-104.695816,0.283511,12.076673,-0.036667,0.000563
1.000001,39.899307,-104.695816,0.283766,12.077134,-0.03311,0.000291
1.000001,39.899307,-104.695816,0.283822,12.078422,-0.034808,0.000685
1.000001,39.899307,-104.695816,0.283744,12.078481,-0.035865,0.000317
1.000001,39.899307,-104.695816,0.283646,12.078373,-0.033469,0.000324
1.000001,39.899307,-104.695816,0.283764,12.078432,-0.033214,0.000846
1.000001,39.899307,-104.695816,0.283718,12.077339,-0.037035,0.000573
1.000001,39.899307,-104.695816,0.283697,12.078714,-0.03613,0.00021
1.000001,39.899307,-104.695816,0.283813,12.077621,-0.033577,0.00075
1.000001,39.899307,-104.695816,0.28379,12.07941,-0.036126,0.000651
1.000001,39.899307,-104.695816,0.284018,12.079871,-0.033438,0.00045
1.000001,39.899307,-104.695816,0.283789,12.078589,-0.035649,0.000311
1.000001,39.899307,-104.695816,0.283727,12.077551,-0.032544,0.000805
1.000001,39.899307,-104.695816,0.283798,12.077715,-0.041384,0.000854
1.000001,39.899307,-104.695816,0.283843,12.077891,-0.032588,0.00055
1.000001,39.899307,-104.695816,0.283763,12.07811,-0.034742,0.000832
1.000001,39.899307,-104.695816,0.283928,12.079545,-0.036044,0.000376
1.000001,39.899307,-104.695816,0.283749,12.079329,-0.033814,0.001362
1.000001,39.899307,-104.695816,0.283479,12.077248,-0.038759,0.000276
1.000001,39.899307,-104.695816,0.283804,12.078751,-0.030545,0.00031
1.000001,39.899307,-104.695816,0.283922,12.079459,-0.036428,0.000253
1.000001,39.899307,-104.695816,0.283751,12.07861,-0.035741,0.000221
1.000001,39.899307,-104.695816,0.283788,12.078022,-0.036945,0.000649
1.000001,39.899307,-104.695816,0.2839,12.080254,-0.035956,0.000551
1.000001,39.899307,-104.695816,0.283737,12.07894,-0.036317,0.00124
1.000001,39.899307,-104.695816,0.283833,12.0784,-0.033086,0.000293
1.000001,39.899307,-104.695816,0.283921,12.078733,-0.038913,0.000849
1.000001,39.899307,-104.695816,0.283694,12.078779,-0.032088,0.000685
1.000001,39.899307,-104.695816,0.283937,12.08006,-0.036445,0.000446
1.000001,39.899307,-104.695816,0.283912,12.077527,-0.034895,0.000698
1.000001,39.899307,-104.695816,0.283666,12.077532,-0.037876,0.000691
1.000001,39.899307,-104.695816,0.283858,12.079491,-0.035029,0.000422
1.000001,39.899307,-104.695816,0.283761,12.077844,-0.035734,0.001097
1.000001,39.899307,-104.695816,0.283786,12.078394,-0.040657,0.000766
1.000001,39.899307,-104.695816,0.283992,12.079247,-0.037657,0.000423
1.000001,39.899307,-104.695816,0.283756,12.078355,-0.035178,0.000366
1.000001,39.899307,-104.695816,0.283981,12.07926,-0.038386,0.00033
1.000001,39.899307,-104.695816,0.283815,12.078005,-0.037087,0.000512
1.006296,39.899307,-104.695816,0.283832,12.077771,-0.034838,0.000484
1.000001,39.899307,-104.695816,0.28387,12.078086,-0.036886,0.00067
1.000001,39.899307,-104.695816,0.283813,12.078613,-0.033695,0.000615
1.000001,39.899307,-104.695816,0.284001,12.078992,-0.04227,0.001383
1.000001,39.899307,-104.695816,0.283955,12.079002,-0.038409,0.00044
1.000001,39.899307,-104.695816,0.283791,12.078572,-0.035518,0.001007
1.000001,39.899307,-104.695816,0.283976,12.077415,-0.040764,0.000732
1.000001,39.899307,-104.695816,0.28369,12.078407,-0.039359,0.000329
1.000001,39.899307,-104.695816,0.283822,12.077276,-0.032046,0.001095
1.000001,39.899307,-104.695816,0.283547,12.078118,-0.039136,0.000254
1.000001,39.899307,-104.695816,0.283829,12.079093,-0.037887,0.000865
1.000001,39.899307,-104.695816,0.283646,12.078272,-0.0391,0.000652
1.000001,39.899307,-104.695816,0.284028,12.080427,-0.034934,0.000397
1.000001,39.899307,-104.695816,0.283792,12.078444,-0.036425,0.000477
1.000001,39.899307,-104.695816,0.283669,12.077607,-0.034995,0.000614
1.000001,39.899307,-104.695816,0.283833,12.077992,-0.031793,0.000636
1.000001,39.899307,-104.695816,0.283872,12.078192,-0.036102,0.000622
1.000001,39.899307,-104.695816,0.28381,12.079168,-0.03855,0.000645
1.000001,39.899307,-104.695816,0.283677,12.077796,-0.033113,7.9e-05
1.000001,39.899307,-104.695816,0.283753,12.077933,-0.037273,0.000366
1.000001,39.899307,-104.695816,0.283828,12.078508,-0.03971,0.000766
1.000001,39.899307,-104.695816,0.284065,12.079707,-0.036216,0.000241
1.000001,39.899307,-104.695816,0.283755,12.078587,-0.029914,0.000545
1.000001,39.899307,-104.695816,0.283812,12.077385,-0.035493,0.000907
1.000001,39.899307,-104.695816,0.284046,12.079733,-0.036376,0.000369
1.000001,39.899307,-104.695816,0.283611,12.078674,-0.031397,0.000701
1.000001,39.899307,-104.695816,0.283615,12.077221,-0.038408,0.000204
1.000001,39.899307,-104.695816,0.283948,12.078366,-0.033814,0.000373
1.000001,39.899307,-104.695816,0.283672,12.077659,-0.036683,0.000283
1.000001,39.899307,-104.695816,0.283532,12.077875,-0.036581,0.000431
1.000001,39.899307,-104.695816,0.283845,12.078874,-0.031211,0.000291
1.000001,39.899307,-104.695816,0.28389,12.078982,-0.032924,0.000561
1.000001,39.899307,-104.695816,0.283708,12.077809,-0.032023,0.000597
1.000001,39.899307,-104.695816,0.283766,12.078042,-0.035513,0.000437
1.000001,39.899307,-104.695816,0.284072,12.080308,-0.032908,0.00041
1.000001,39.899307,-104.695816,0.283726,12.077715,-0.035103,0.000142
1.000001,39.899307,-104.695816,0.283717,12.077861,-0.03569,0.000315
1.000001,39.899307,-104.695816,0.283525,12.077652,-0.036399,0.001007
1.000001,39.899307,-104.695816,0.283692,12.076864,-0.033011,0.000581
1.000001,39.899307,-104.695816,0.283784,12.078654,-0.040634,0.00051
1.000001,39.899307,-104.695816,0.283769,12.07784,-0.043319,0.000548
1.000009,39.899307,-104.695816,0.283886,12.079883,-0.036835,0.000252
1.000001,39.899307,-104.695816,0.283666,12.0778,-0.036437,0.000247
1.000001,39.899307,-104.695816,0.283828,12.078811,-0.032067,0.00054
1.000001,39.899307,-104.695816,0.283765,12.079061,-0.036534,0.000361
1.000001,39.899307,-104.695816,0.283805,12.076755,-0.036549,0.000759
1.000001,39.899307,-104.695816,0.28381,12.078543,-0.036891,0.000637
1.000001,39.899307,-104.695816,0.283781,12.07888,-0.0413,0.000343
1.000001,39.899307,-104.695816,0.283925,12.081303,-0.034346,0.000926
1.000001,39.899307,-104.695816,0.283931,12.077716,-0.036145,0.000685
1.000001,39.899307,-104.695816,0.284104,12.079473,-0.038008,0.000201
1.000001,39.899307,-104.695816,0.283851,12.079274,-0.037614,0.000184
1.000001,39.899307,-104.695816,0.283821,12.078535,-0.04198,0.000271
1.000001,39.899307,-104.695816,0.283657,12.07861,-0.03425,0.000208
1.000001,39.899307,-104.695816,0.283915,12.079327,-0.035409,0.000112
1.000001,39.899307,-104.695816,0.283664,12.078282,-0.036834,0.000475
1.000001,39.899307,-104.695816,0.283852,12.078163,-0.036517,0.000481
1.000001,39.899307,-104.695816,0.283819,12.078341,-0.033839,0.000592
1.000001,39.899307,-104.695816,0.283833,12.078642,-0.036565,0.000269
1.000001,39.899307,-104.695816,0.283818,12.078798,-0.037804,0.000363
1.000001,39.899307,-104.695816,0.283827,12.078844,-0.03539,8.1e-05
1.000001,39.899307,-104.695816,0.283779,12.078182,-0.035823,0.00015
1.000001,39.899307,-104.695816,0.283914,12.078843,-0.034405,0.000294
1.000001,39.899307,-104.695816,0.283795,12.07871,-0.039462,0.000655
1.000001,39.899307,-104.695816,0.283721,12.079611,-0.032115,0.000937
1.000001,39.899307,-104.695816,0.283634,12.078147,-0.039687,0.000392
1.000001,39.899307,-104.695816,0.283798,12.078925,-0.035531,0.000298
1.000001,39.899307,-104.695816,0.283787,12.077861,-0.036622,0.000347
1.000001,39.899307,-104.695816,0.283858,12.076852,-0.035525,0.000628
1.000001,39.899307,-104.695816,0.283812,12.078407,-0.035974,0.000277
1.000001,39.899307,-104.695816,0.283977,12.079677,-0.036008,0.000612
1.000001,39.899307,-104.695816,0.283995,12.079468,-0.03779,0.000592
1.000001,39.899307,-104.695816,0.283802,12.078506,-0.0362,0.00059
1.000001,39.899307,-104.695816,0.283852,12.07808,-0.035042,0.00101
1.000001,39.899307,-104.695816,0.283811,12.078465,-0.038924,0.000378
1.000001,39.899307,-104.695816,0.283726,12.078211,-0.036653,0.000463
1.000001,39.899307,-104.695816,0.283692,12.0775,-0.037376,0.001254
1.000001,39.899307,-104.695816,0.284166,12.08111,-0.03307,0.000759
1.000001,39.899307,-104.695816,0.283772,12.078441,-0.034664,0.001123
1.000001,39.899307,-104.695816,0.283822,12.078706,-0.033331,0.000998
1.000001,39.899307,-104.695816,0.283597,12.076649,-0.033238,0.000619
1.000003,39.899307,-104.695816,0.283979,12.079081,-0.035499,0.001193
1.000001,39.899307,-104.695816,0.283814,12.079462,-0.034737,0.000383
1.000518,39.899307,-104.695816,0.283861,12.07758,-0.035617,0.000379
1.000001,39.899307,-104.695816,0.283807,12.076948,-0.035058,0.000876
1.000001,39.899307,-104.695816,0.283893,12.078213,-0.035913,0.00071
1.000001,39.899307,-104.695816,0.283877,12.078537,-0.034254,0.00055
1.000001,39.899307,-104.695816,0.283889,12.078713,-0.034902,0.000903
1.000001,39.899307,-104.695816,0.283741,12.07878,-0.034006,0.000395
1.000001,39.899307,-104.695816,0.283703,12.077942,-0.033294,0.000215
1.000001,39.899307,-104.695816,0.283669,12.078449,-0.033152,0.000482
1.000001,39.899307,-104.695816,0.283814,12.078502,-0.038926,0.000506
1.000001,39.899307,-104.695816,0.283685,12.077615,-0.035661,0.001053
1.000001,39.899307,-104.695816,0.283852,12.078857,-0.034943,0.000898
1.000001,39.899307,-104.695816,0.28389,12.07943,-0.034287,0.000437
1.000001,39.899307,-104.695816,0.283952,12.079141,-0.034358,0.000599
1.000001,39.899307,-104.695816,0.283945,12.080037,-0.035185,0.000509
1.000001,39.899307,-104.695816,0.283933,12.079655,-0.036563,0.000486
1.000001,39.899307,-104.695816,0.283672,12.078982,-0.035956,0.00035
1.000001,39.899307,-104.695816,0.284001,12.0801,-0.034906,0.00027
1.000001,39.899307,-104.695816,0.283902,12.079283,-0.036226,0.000518
1.000001,39.899307,-104.695816,0.283613,12.077332,-0.033729,0.000383
1.000001,39.899307,-104.695816,0.283677,12.077878,-0.0346,0.000226
1.000001,39.899307,-104.695816,0.283775,12.078016,-0.037294,0.000429
1.000001,39.899307,-104.695816,0.283792,12.078635,-0.039346,0.000665
1.000001,39.899307,-104.695816,0.283839,12.078649,-0.032972,0.000183
1.000001,39.899307,-104.695816,0.283839,12.077927,-0.037556,0.000319
1.000001,39.899307,-104.695816,0.283868,12.078408,-0.036885,0.000401
1.000001,39.899307,-104.695816,0.283712,12.078228,-0.033972,0.000501
1.000001,39.899307,-104.695816,0.283733,12.078957,-0.030879,0.000217
1.000001,39.899307,-104.695816,0.283821,12.07826,-0.03698,0.000868
1.000334,39.899307,-104.695816,0.283769,12.078183,-0.042645,0.000163
1.000001,39.899307,-104.695816,0.283971,12.079782,-0.035385,0.000412
1.000001,39.899307,-104.695816,0.284036,12.079955,-0.03446,0.000633
1.000001,39.899307,-104.695816,0.283986,12.080073,-0.039245,0.000482
1.000001,39.899307,-104.695816,0.283837,12.079729,-0.032996,0.00067
1.000001,39.899307,-104.695816,0.283624,12.077806,-0.033645,0.000944
1.000001,39.899307,-104.695816,0.283925,12.079182,-0.034148,0.000377
1.000001,39.899307,-104.695816,0.283793,12.078578,-0.035591,0.000341
1.000001,39.899307,-104.695816,0.283709,12.078876,-0.036299,0.000306
1.000001,39.899307,-104.695816,0.283901,12.07786,-0.036995,0.0008
1.000001,39.899307,-104.695816,0.283877,12.077794,-0.033387,0.000466
1.000001,39.899307,-104.695816,0.283773,12.078146,-0.03649,0.00049
1.000001,39.899307,-104.695816,0.283797,12.078053,-0.033372,0.000297
1.000001,39.899307,-104.695816,0.283788,12.07871,-0.036926,0.000268
1.000001,39.899307,-104.695816,0.283939,12.079703,-0.039113,0.000656
1.000001,39.899307,-104.695816,0.283774,12.07838,-0.03701,0.000138
1.000001,39.899307,-104.695816,0.283841,12.077522,-0.034397,0.00042
1.000001,39.899307,-104.695816,0.283785,12.079442,-0.038499,0.000764
1.000001,39.899307,-104.695816,0.283953,12.078785,-0.033694,0.000277
1.000001,39.899307,-104.695816,0.283804,12.078046,-0.03561,0.000316
1.000001,39.899307,-104.695816,0.28393,12.078904,-0.032907,7e-05
1.000001,39.899307,-104.695816,0.284081,12.080048,-0.041904,0.000835
1.008636,39.899307,-104.695816,0.283966,12.078919,-0.029952,0.000562
1.000001,39.899307,-104.695816,0.283861,12.07718,-0.034474,0.000616
1.000001,39.899307,-104.695816,0.283983,12.079793,-0.036109,0.000245
1.000001,39.899307,-104.695816,0.283966,12.079204,-0.037007,0.00104
1.000001,39.899307,-104.695816,0.283681,12.077706,-0.038577,0.000395
1.000001,39.899307,-104.695816,0.283865,12.078666,-0.0318,0.000202
1.000001,39.899307,-104.695816,0.283966,12.079199,-0.037762,0.00031
1.000001,39.899307,-104.695816,0.283805,12.078839,-0.035266,0.000107
1.000001,39.899307,-104.695816,0.283923,12.078873,-0.037967,0.000613
1.000001,39.899307,-104.695816,0.28385,12.079825,-0.033374,0.000168
1.000001,39.899307,-104.695816,0.283888,12.078472,-0.039258,0.000551
1.000001,39.899307,-104.695816,0.283907,12.079045,-0.033102,0.000821
1.000001,39.899307,-104.695816,0.283847,12.078195,-0.039552,0.000549
1.0091,39.899307,-104.695816,0.283894,12.079569,-0.031854,0.000872
1.000001,39.899307,-104.695816,0.283844,12.079972,-0.036642,0.001342
1.000001,39.899307,-104.695816,0.283879,12.077824,-0.035657,0.000573
1.000001,39.899307,-104.695816,0.283746,12.077293,-0.036027,0.000248
1.000001,39.899307,-104.695816,0.284025,12.079215,-0.03466,0.000262
1.000001,39.899307,-104.695816,0.283908,12.078963,-0.034086,0.000478
1.000001,39.899307,-104.695816,0.283869,12.078479,-0.036629,0.000538
1.000001,39.899307,-104.695816,0.28417,12.080656,-0.03546,0.000216
1.000001,39.899307,-104.695816,0.283785,12.079198,-0.034977,0.000316
1.000001,39.899307,-104.695816,0.284098,12.079797,-0.035279,0.000284
1.000001,39.899307,-104.695816,0.283933,12.079376,-0.037075,0.000167
1.000001,39.899307,-104.695816,0.283899,12.079144,-0.03612,0.00027
1.000001,39.899307,-104.695816,0.283939,12.079459,-0.034527,0.000709
1.000001,39.899307,-104.695816,0.283958,12.079597,-0.032719,0.000943
1.000001,39.899307,-104.695816,0.28392,12.078471,-0.035487,0.000976
1.004922,39.899307,-104.695816,0.284,12.079698,-0.039237,0.000276
1.000001,39.899307,-104.695816,0.283971,12.07946,-0.033832,0.000861
1.000001,39.899307,-104.695816,0.283963,12.079354,-0.040025,0.000452
1.000001,39.899307,-104.695816,0.283802,12.077775,-0.037781,0.000656
1.000001,39.899307,-104.695816,0.283948,12.079459,-0.034816,0.000634
1.000001,39.899307,-104.695816,0.283755,12.077739,-0.037966,0.000433
1.000001,39.899307,-104.695816,0.283875,12.079262,-0.035847,0.000601
1.000001,39.899307,-104.695816,0.283815,12.077886,-0.039938,0.000519
1.000001,39.899307,-104.695816,0.283926,12.078838,-0.035906,0.000438
1.000001,39.899307,-104.695816,0.28403,12.079751,-0.035038,0.00058
1.000001,39.899307,-104.695816,0.283687,12.077992,-0.032342,0.000268
1.000001,39.899307,-104.695816,0.28401,12.078997,-0.033669,0.000474
1.000001,39.899307,-104.695816,0.284071,12.080485,-0.034755,0.000497
1.000001,39.899307,-104.695816,0.283716,12.076618,-0.038729,0.000329
1.000001,39.899307,-104.695816,0.283874,12.07859,-0.035709,0.000306
1.000001,39.899307,-104.695816,0.283954,12.079077,-0.034652,0.000477
1.000001,39.899307,-104.695816,0.283782,12.077842,-0.03774,0.000844
1.000001,39.899307,-104.695816,0.28409,12.079441,-0.038532,0.000263
1.000001,39.899307,-104.695816,0.283954,12.079022,-0.03123,0.001463
1.000001,39.899307,-104.695816,0.283966,12.079011,-0.036134,0.001266
1.000001,39.899307,-104.695816,0.284226,12.078463,-0.037064,0.000552
1.000001,39.899307,-104.695816,0.283763,12.078566,-0.032673,0.001065
1.000001,39.899307,-104.695816,0.283825,12.077446,-0.03902,0.000651
1.000001,39.899307,-104.695816,0.284008,12.079897,-0.035175,0.000168
1.000001,39.899307,-104.695816,0.283769,12.079294,-0.037586,0.000646
1.000005,39.899307,-104.695816,0.283736,12.079207,-0.033377,0.00097
1.000001,39.899307,-104.695816,0.283864,12.078217,-0.03619,0.000888
1.000001,39.899307,-104.695816,0.283975,12.078364,-0.03409,0.000445
1.000001,39.899307,-104.695816,0.283961,12.079601,-0.030445,0.000763
1.000001,39.899307,-104.695816,0.283889,12.079062,-0.034438,0.000456
1.000001,39.899307,-104.695816,0.2841,12.079545,-0.033261,0.000554
1.000001,39.899307,-104.695816,0.283992,12.078693,-0.036193,0.00058
1.00143,39.899307,-104.695816,0.283759,12.077823,-0.038333,0.000598
1.000001,39.899307,-104.695816,0.283661,12.07747,-0.038115,0.000793
1.000001,39.899307,-104.695816,0.28379,12.079455,-0.03406,0.000133
1.000001,39.899307,-104.695816,0.283934,12.078752,-0.039584,0.000204
1.000001,39.899307,-104.695816,0.283916,12.078456,-0.040308,0.000592
1.000001,39.899307,-104.695816,0.283984,12.079812,-0.033994,0.000891
1.000001,39.899307,-104.695816,0.283922,12.078293,-0.035613,0.000341
1.000001,39.899307,-104.695816,0.283917,12.07917,-0.030734,0.000234
1.000001,39.899307,-104.695816,0.283862,12.077296,-0.035328,0.000307
1.000001,39.899307,-104.695816,0.283865,12.079187,-0.03497,0.000247
1.006245,39.899307,-104.695816,0.283937,12.079863,-0.037418,0.000793
1.000001,39.899307,-104.695816,0.283754,12.078009,-0.041787,0.000717
1.000001,39.899307,-104.695816,0.283924,12.07892,-0.036223,0.000218
1.000001,39.899307,-104.695816,0.284008,12.079827,-0.035277,0.000185
1.000001,39.899307,-104.695816,0.284173,12.080174,-0.034679,0.00033
1.000097,39.899307,-104.695816,0.283974,12.078891,-0.038701,0.000128
1.000001,39.899307,-104.695816,0.283931,12.078846,-0.040358,0.000771
1.000001,39.899307,-104.695816,0.283851,12.078625,-0.034906,0.00069
1.000001,39.899307,-104.695816,0.284027,12.079679,-0.034871,0.000133
1.000001,39.899307,-104.695816,0.28377,12.07819,-0.03508,0.000192
1.000001,39.899307,-104.695816,0.283822,12.078495,-0.035809,0.00043
1.000001,39.899307,-104.695816,0.284141,12.080442,-0.035645,0.000559
1.000001,39.899307,-104.695816,0.283898,12.078767,-0.033934,0.0004
1.000001,39.899307,-104.695816,0.283904,12.078567,-0.038521,0.000236
1.000001,39.899307,-104.695816,0.283904,12.079172,-0.034475,0.000504
1.000001,39.899307,-104.695816,0.283874,12.078688,-0.0384,0.000419
1.000001,39.899307,-104.695816,0.283933,12.079529,-0.033498,0.000305
1.000001,39.899307,-104.695816,0.283937,12.079381,-0.035044,0.000411
1.00075,39.899307,-104.695816,0.284038,12.079069,-0.034993,0.000746
1.000001,39.899307,-104.695816,0.283852,12.078914,-0.039152,0.000656
1.000001,39.899307,-104.695816,0.284019,12.079109,-0.032767,0.000515
1.000001,39.899307,-104.695816,0.284039,12.079035,-0.038211,0.000221
1.000001,39.899307,-104.695816,0.284029,12.077627,-0.033515,0.000597
1.000001,39.899307,-104.695816,0.284175,12.080316,-0.037802,0.000878
1.000001,39.899307,-104.695816,0.283953,12.07885,-0.038289,0.000552
1.000001,39.899307,-104.695816,0.284052,12.079314,-0.034426,0.000797
1.000001,39.899307,-104.695816,0.28382,12.078316,-0.04082,0.000452
1.000001,39.899307,-104.695816,0.284074,12.079422,-0.037342,0.000537
1.000001,39.899307,-104.695816,0.283961,12.079252,-0.038387,0.000779
1.000001,39.899307,-104.695816,0.283983,12.078953,-0.036554,0.000777
1.000001,39.899307,-104.695816,0.283884,12.078623,-0.038349,0.000622
1.000001,39.899307,-104.695816,0.284152,12.080384,-0.036165,0.000389
1.000001,39.899307,-104.695816,0.283772,12.078353,-0.039685,0.000322
1.000001,39.899307,-104.695816,0.283776,12.077705,-0.036773,0.000762
1.000001,39.899307,-104.695816,0.283761,12.078073,-0.033878,0.000818
1.000001,39.899307,-104.695816,0.283929,12.079066,-0.040615,0.00035
1.000001,39.899307,-104.695816,0.283961,12.079653,-0.034579,0.000355
1.000001,39.899307,-104.695816,0.28401,12.079826,-0.035672,0.00052
1.000001,39.899307,-104.695816,0.283738,12.078757,-0.036528,0.00064
1.000001,39.899307,-104.695816,0.284178,12.081765,-0.035876,0.000293
1.000001,39.899307,-104.695816,0.283845,12.078586,-0.03438,0.000555
1.000001,39.899307,-104.695816,0.283856,12.07858,-0.03132,0.000387
1.000001,39.899307,-104.695816,0.283869,12.078656,-0.033736,0.000261
1.000001,39.899307,-104.695816,0.283984,12.078663,-0.033188,0.000572
1.000001,39.899307,-104.695816,0.283866,12.078743,-0.036517,0.000537
1.000001,39.899307,-104.695816,0.283994,12.079364,-0.038535,0.000492
1.000001,39.899307,-104.695816,0.284122,12.079245,-0.034946,0.000361
1.000001,39.899307,-104.695816,0.284178,12.079597,-0.038713,0.000232
1.000001,39.899307,-104.695816,0.283913,12.079288,-0.034245,0.000605
1.000004,39.899307,-104.695816,0.283996,12.079108,-0.033984,0.000405
1.000001,39.899307,-104.695816,0.283858,12.077974,-0.036533,0.000526
1.000001,39.899307,-104.695816,0.283948,12.079047,-0.03604,0.000347
1.000001,39.899307,-104.695816,0.283811,12.078221,-0.033058,0.000538
1.000001,39.899307,-104.695816,0.284127,12.080224,-0.035198,0.000277
1.00469,39.899307,-104.695816,0.284024,12.079175,-0.039066,0.000133
1.000001,39.899307,-104.695816,0.283843,12.078091,-0.03269,0.000726
1.000001,39.899307,-104.695816,0.283939,12.078759,-0.03414,0.000651
1.000001,39.899307,-104.695816,0.283981,12.079357,-0.040291,0.000591
1.000001,39.899307,-104.695816,0.283933,12.079047,-0.036852,0.000493
1.000001,39.899307,-104.695816,0.283931,12.079149,-0.03497,0.000693
1.000001,39.899307,-104.695816,0.284008,12.079026,-0.037566,0.000157
1.000001,39.899307,-104.695816,0.283935,12.078796,-0.038204,0.000367
1.000001,39.899307,-104.695816,0.28367,12.07747,-0.036878,0.000378
1.000001,39.899307,-104.695816,0.283939,12.079208,-0.03068,0.000644
1.000001,39.899307,-104.695816,0.283882,12.078029,-0.037456,0.000553
1.000001,39.899307,-104.695816,0.28387,12.077799,-0.038312,0.000745
1.000001,39.899307,-104.695816,0.284056,12.079769,-0.034469,0.000334
1.000001,39.899307,-104.695816,0.283942,12.078927,-0.035714,0.000209
1.000001,39.899307,-104.695816,0.28399,12.080447,-0.037158,0.000747
1.000001,39.899307,-104.695816,0.283697,12.076576,-0.033669,0.000694
1.000001,39.899307,-104.695816,0.283812,12.0786,-0.038883,0.00101
1.000322,39.899307,-104.695816,0.28403,12.08063,-0.035879,0.000461
1.000001,39.899307,-104.695816,0.28389,12.079329,-0.036285,0.000529
1.000001,39.899307,-104.695816,0.28399,12.080175,-0.037403,0.000298
1.000001,39.899307,-104.695816,0.283936,12.078154,-0.039504,0.000355
1.000001,39.899307,-104.695816,0.283859,12.078049,-0.032617,0.000144
1.003394,39.899307,-104.695816,0.283882,12.0783,-0.036339,0.000746
1.000001,39.899307,-104.695816,0.283967,12.07895,-0.034626,0.000574
1.000001,39.899307,-104.695816,0.28395,12.079394,-0.035763,0.000399
1.000001,39.899307,-104.695816,0.284235,12.081043,-0.035932,0.000558
1.000001,39.899307,-104.695816,0.283951,12.078975,-0.036698,0.00044
1.007854,39.899307,-104.695816,0.283957,12.07714,-0.033984,0.000486
1.000001,39.899307,-104.695816,0.283856,12.077368,-0.037629,0.000723
1.000001,39.899307,-104.695816,0.284041,12.080051,-0.033766,0.000552
1.000001,39.899307,-104.695816,0.283888,12.078609,-0.037733,0.000468
1.000001,39.899307,-104.695816,0.284073,12.081156,-0.033865,0.000707
1.000001,39.899307,-104.695816,0.284171,12.081001,-0.037923,0.001058
1.000001,39.899307,-104.695816,0.283965,12.078958,-0.03048,0.000368
1.000001,39.899307,-104.695816,0.283882,12.078484,-0.034624,0.000549
1.000001,39.899307,-104.695816,0.284029,12.079539,-0.038041,0.000345
1.000001,39.899307,-104.695816,0.284168,12.080164,-0.040708,0.0003
1.000001,39.899307,-104.695816,0.28383,12.077997,-0.03603,0.000544
1.000001,39.899307,-104.695816,0.28393,12.078947,-0.033249,0.000146
1.006383,39.899307,-104.695816,0.284022,12.079633,-0.039104,0.000798
1.000001,39.899307,-104.695816,0.284046,12.080678,-0.036068,0.000192
1.000001,39.899307,-104.695816,0.284102,12.080226,-0.038606,0.000371
1.000001,39.899307,-104.695816,0.283927,12.07934,-0.034256,0.000281
1.000001,39.899307,-104.695816,0.283829,12.079105,-0.040669,0.000485
1.000001,39.899307,-104.695816,0.283792,12.077506,-0.032476,0.000485
1.000001,39.899307,-104.695816,0.283796,12.078635,-0.038373,0.001104
1.000001,39.899307,-104.695816,0.284069,12.078801,-0.031545,0.00042
1.000001,39.899307,-104.695816,0.283714,12.078475,-0.035812,0.000763
1.000001,39.899307,-104.695816,0.283867,12.079259,-0.035923,0.001111
1.000001,39.899307,-104.695816,0.283867,12.07788,-0.037699,0.000477
1.000001,39.899307,-104.695816,0.28408,12.079569,-0.036244,0.000221
1.000001,39.899307,-104.695816,0.283962,12.079536,-0.033968,0.000191
1.000001,39.899307,-104.695816,0.283914,12.079473,-0.035069,0.0005
1.000001,39.899307,-104.695816,0.284162,12.080331,-0.037155,0.00045
1.000001,39.899307,-104.695816,0.28403,12.079173,-0.033668,0.000432
1.000001,39.899307,-104.695816,0.284171,12.080371,-0.035554,0.000373
1.000001,39.899307,-104.695816,0.284116,12.079257,-0.035575,0.000245
1.000001,39.899307,-104.695816,0.284118,12.080175,-0.038362,0.000124
1.000001,39.899307,-104.695816,0.284158,12.080078,-0.030741,0.000186
1.000001,39.899307,-104.695816,0.284099,12.080095,-0.03035,0.000494
1.000001,39.899307,-104.695816,0.284125,12.079599,-0.033072,0.000278
1.000001,39.899307,-104.695816,0.284072,12.079898,-0.036714,0.000264
1.000001,39.899307,-104.695816,0.284108,12.079442,-0.034209,0.00029
1.000001,39.899307,-104.695816,0.284037,12.079185,-0.04249,0.000403
1.000001,39.899307,-104.695816,0.283917,12.078691,-0.039681,0.000281
1.000001,39.899307,-104.695816,0.284069,12.080333,-0.035527,0.000331
1.000001,39.899307,-104.695816,0.28389,12.078168,-0.037982,0.000318
1.000001,39.899307,-104.695816,0.284,12.079854,-0.034648,0.000229
1.000001,39.899307,-104.695816,0.284026,12.079483,-0.039048,0.000188
1.000001,39.899307,-104.695816,0.28403,12.079132,-0.037787,0.000424
1.000001,39.899307,-104.695816,0.284033,12.07956,-0.032618,0.000505
1.000001,39.899307,-104.695816,0.283834,12.078378,-0.033011,0.000265
1.000001,39.899307,-104.695816,0.284072,12.078733,-0.038094,0.000811
1.000001,39.899307,-104.695816,0.2843,12.081246,-0.035932,0.000435
1.000001,39.899307,-104.695816,0.283889,12.078804,-0.038822,0.000411
1.000001,39.899307,-104.695816,0.284061,12.079116,-0.035446,0.000414
1.000001,39.899307,-104.695816,0.28396,12.079462,-0.030125,0.000474
1.000001,39.899307,-104.695816,0.283742,12.078026,-0.037951,0.000474
1.000001,39.899307,-104.695816,0.284152,12.079432,-0.036166,0.000418
1.000001,39.899307,-104.695816,0.284051,12.079932,-0.036577,0.001045
1.000001,39.899307,-104.695816,0.284163,12.080495,-0.037666,0.000574
1.000001,39.899307,-104.695816,0.284094,12.079206,-0.034339,0.000464
1.000001,39.899307,-104.695816,0.284112,12.07957,-0.037338,0.00097
1.000001,39.899307,-104.695816,0.284049,12.080814,-0.036417,0.000435
1.000001,39.899307,-104.695816,0.284016,12.079206,-0.036296,0.000627
1.000001,39.899307,-104.695816,0.283855,12.078682,-0.032874,0.00043
1.000001,39.899307,-104.695816,0.284113,12.080021,-0.032965,0.000325
1.000001,39.899307,-104.695816,0.283919,12.078761,-0.040378,0.000469
1.000001,39.899307,-104.695816,0.283988,12.077301,-0.035042,0.000542
1.000001,39.899307,-104.695816,0.284221,12.080485,-0.031873,0.000622
1.000001,39.899307,-104.695816,0.283949,12.079865,-0.032973,0.000424
1.000001,39.899307,-104.695816,0.284142,12.080625,-0.03495,0.000677
1.000001,39.899307,-104.695816,0.284227,12.080708,-0.036341,0.000352
1.000001,39.899307,-104.695816,0.284044,12.079273,-0.037722,0.000588
1.000001,39.899307,-104.695816,0.283915,12.078952,-0.041784,0.000533
1.000001,39.899307,-104.695816,0.284022,12.079624,-0.036585,0.000369
1.000001,39.899307,-104.695816,0.284044,12.07996,-0.038339,0.000704
1.000001,39.899307,-104.695816,0.284123,12.079777,-0.034864,0.000432
1.000001,39.899307,-104.695816,0.283971,12.078496,-0.036,0.001158
1.000001,39.899307,-104.695816,0.284024,12.079044,-0.037008,0.000183
1.000001,39.899307,-104.695816,0.283984,12.079206,-0.031002,0.000489
1.000001,39.899307,-104.695816,0.283986,12.079065,-0.031883,0.000571
1.000001,39.899307,-104.695816,0.283932,12.079247,-0.035255,0.000472
1.000001,39.899307,-104.695816,0.284028,12.079822,-0.040032,0.000749
1.000001,39.899307,-104.695816,0.283754,12.077804,-0.03775,0.0008
1.000001,39.899307,-104.695816,0.284082,12.079735,-0.037383,0.000171
1.000001,39.899307,-104.695816,0.284092,12.079343,-0.034435,0.000177
1.000001,39.899307,-104.695816,0.284162,12.078874,-0.033763,0.000484
1.000001,39.899307,-104.695816,0.284221,12.079759,-0.038662,0.000243
1.000001,39.899307,-104.695816,0.284123,12.079752,-0.036369,0.000235
1.000001,39.899307,-104.695816,0.284026,12.079185,-0.038292,0.000777
1.000001,39.899307,-104.695816,0.284003,12.079096,-0.033747,0.000346
1.000001,39.899307,-104.695816,0.284015,12.079276,-0.033987,0.000283
1.000001,39.899307,-104.695816,0.28399,12.078652,-0.036265,0.000834
1.000001,39.899307,-104.695816,0.28415,12.08056,-0.033266,0.000593
1.000001,39.899307,-104.695816,0.284027,12.079347,-0.032941,0.000351
1.000001,39.899307,-104.695816,0.284071,12.079487,-0.038219,0.000245
1.000001,39.899307,-104.695816,0.284004,12.079035,-0.036242,0.000181
1.000001,39.899307,-104.695816,0.284034,12.078675,-0.035872,0.000219
1.000001,39.899307,-104.695816,0.284033,12.079526,-0.033099,0.00031
1.000001,39.899307,-104.695816,0.284104,12.079733,-0.035356,0.000146
1.000001,39.899307,-104.695816,0.284133,12.077733,-0.035431,0.000847
1.000001,39.899307,-104.695816,0.283955,12.079094,-0.037415,0.000791
1.000001,39.899307,-104.695816,0.284092,12.079817,-0.033583,0.000758
1.000001,39.899307,-104.695816,0.284081,12.079494,-0.04084,0.000257
1.000001,39.899307,-104.695816,0.284088,12.078603,-0.035245,0.000619
1.000001,39.899307,-104.695816,0.284322,12.080424,-0.03859,0.000512
1.008766,39.899307,-104.695816,0.284096,12.079775,-0.038013,0.000536
1.000001,39.899307,-104.695816,0.284155,12.079216,-0.032588,0.000517
1.000001,39.899307,-104.695816,0.283915,12.07854,-0.040991,0.000556
1.000001,39.899307,-104.695816,0.284249,12.08146,-0.036937,0.000372
1.000001,39.899307,-104.695816,0.284139,12.080467,-0.033976,0.000496
1.004102,39.899307,-104.695816,0.28413,12.080216,-0.038518,0.000187
1.000001,39.899307,-104.695816,0.284081,12.079263,-0.034594,0.000226
1.000001,39.899307,-104.695816,0.284202,12.079507,-0.038273,0.000756
1.000001,39.899307,-104.695816,0.283786,12.077137,-0.038386,0.001133
1.000001,39.899307,-104.695816,0.283917,12.078192,-0.038018,0.000487
1.000001,39.899307,-104.695816,0.283928,12.07725,-0.035279,0.00079
1.000001,39.899307,-104.695816,0.284051,12.078956,-0.041393,0.000583
1.000001,39.899307,-104.695816,0.283907,12.078714,-0.032413,0.000208
1.000001,39.899307,-104.695816,0.284317,12.080928,-0.03654,0.000434
1.000001,39.899307,-104.695816,0.283932,12.078815,-0.035373,0.00029
1.000001,39.899307,-104.695816,0.28421,12.080454,-0.036152,0.000735
1.000001,39.899307,-104.695816,0.283964,12.079215,-0.034971,0.000627
1.00039,39.899307,-104.695816,0.284043,12.079227,-0.035289,0.000467
1.000001,39.899307,-104.695816,0.284019,12.078725,-0.034423,0.000498
1.000001,39.899307,-104.695816,0.284259,12.080453,-0.031654,0.000118
1.000001,39.899307,-104.695816,0.283918,12.079312,-0.037389,0.000115
1.000001,39.899307,-104.695816,0.284222,12.079873,-0.039181,0.000428
1.000001,39.899307,-104.695816,0.284164,12.079484,-0.033852,0.000516
1.000001,39.899307,-104.695816,0.284198,12.080246,-0.039478,0.000535
1.000001,39.899307,-104.695816,0.284061,12.079453,-0.033522,0.000611
1.000001,39.899307,-104.695816,0.283926,12.078286,-0.03394,0.000355
1.000001,39.899307,-104.695816,0.283895,12.078074,-0.03664,0.000499
1.000001,39.899307,-104.695816,0.284011,12.079053,-0.037118,0.000197
1.006182,39.899307,-104.695816,0.284036,12.078569,-0.030055,0.000614
1.000001,39.899307,-104.695816,0.284201,12.0802,-0.032185,0.000252
1.000001,39.899307,-104.695816,0.284078,12.079129,-0.036895,0.000356
1.000001,39.899307,-104.695816,0.284125,12.079855,-0.033061,0.000397
1.000001,39.899307,-104.695816,0.284172,12.080162,-0.033673,0.00055
1.000001,39.899307,-104.695816,0.284176,12.07975,-0.03835,0.000569
1.000001,39.899307,-104.695816,0.284022,12.079366,-0.034837,0.000179
1.000001,39.899307,-104.695816,0.284027,12.078581,-0.034619,0.000248
1.000001,39.899307,-104.695816,0.284147,12.080078,-0.037011,0.000203
1.000001,39.899307,-104.695816,0.284063,12.078979,-0.036167,0.000359
1.000001,39.899307,-104.695816,0.283695,12.077225,-0.037388,0.000204
1.000001,39.899307,-104.695816,0.283951,12.078594,-0.033572,0.001056
1.000001,39.899307,-104.695816,0.283954,12.078416,-0.039034,0.000316
1.000001,39.899307,-104.695816,0.284099,12.079356,-0.036527,0.000376
1.000001,39.899307,-104.695816,0.284119,12.080139,-0.035678,0.000561
1.003561,39.899307,-104.695816,0.283986,12.0793,-0.034167,0.000597
1.000001,39.899307,-104.695816,0.284031,12.079665,-0.038058,8.8e-05
1.000001,39.899307,-104.695816,0.283844,12.078601,-0.03302,0.000599
1.000001,39.899307,-104.695816,0.283998,12.079229,-0.041595,0.000562
1.000001,39.899307,-104.695816,0.284119,12.080314,-0.034325,0.000461
1.000001,39.899307,-104.695816,0.283988,12.079429,-0.035225,0.00043
1.000001,39.899307,-104.695816,0.284112,12.080046,-0.035197,0.00048
1.000001,39.899307,-104.695816,0.284096,12.080019,-0.038266,0.000464
1.000001,39.899307,-104.695816,0.284051,12.078773,-0.033128,0.000306
1.000001,39.899307,-104.695816,0.2841,12.078749,-0.03271,0.000676
1.000001,39.899307,-104.695816,0.284152,12.080193,-0.034137,0.000648
1.000001,39.899307,-104.695816,0.284033,12.07931,-0.036262,0.000415
1.000001,39.899307,-104.695816,0.284257,12.080282,-0.035541,0.000448
1.000001,39.899307,-104.695816,0.284103,12.078873,-0.03695,0.000455
1.000001,39.899307,-104.695816,0.283972,12.078597,-0.037778,0.000983
1.000001,39.899307,-104.695816,0.284035,12.077606,-0.037816,0.000833
1.000001,39.899307,-104.695816,0.284366,12.081041,-0.035167,0.000224
1.000001,39.899307,-104.695816,0.284063,12.079662,-0.03466,0.000625
1.000001,39.899307,-104.695816,0.284143,12.079444,-0.034906,0.000382
1.000001,39.899307,-104.695816,0.284134,12.079776,-0.034646,0.000679
1.000001,39.899307,-104.695816,0.283946,12.078641,-0.033398,0.000283
1.000001,39.899307,-104.695816,0.284044,12.078545,-0.037019,0.000787
1.000001,39.899307,-104.695816,0.284106,12.080184,-0.036224,0.001098
1.000001,39.899307,-104.695816,0.28423,12.08078,-0.040713,0.000646
1.000001,39.899307,-104.695816,0.283817,12.078208,-0.033668,0.001074
1.000001,39.899307,-104.695816,0.28402,12.079709,-0.033552,0.000775
1.000001,39.899307,-104.695816,0.284132,12.079963,-0.037898,0.000771
1.000001,39.899307,-104.695816,0.284259,12.080572,-0.035628,0.00043
1.000001,39.899307,-104.695816,0.284214,12.080107,-0.038438,0.000486
1.000001,39.899307,-104.695816,0.283992,12.079249,-0.03336,0.000626
1.000001,39.899307,-104.695816,0.283859,12.078843,-0.038577,0.000548
1.000001,39.899307,-104.695816,0.284039,12.080052,-0.031581,0.0005
1.000001,39.899307,-104.695816,0.284009,12.07847,-0.034875,0.001104
1.000001,39.899307,-104.695816,0.28424,12.080069,-0.031663,0.000441
1.000001,39.899307,-104.695816,0.283865,12.078238,-0.039524,0.000606
1.000001,39.899307,-104.695816,0.284102,12.07937,-0.036143,0.000638
1.000001,39.899307,-104.695816,0.284051,12.077455,-0.035716,0.000539
1.000001,39.899307,-104.695816,0.284171,12.080515,-0.036692,2.1e-05
1.007438,39.899307,-104.695816,0.284106,12.07976,-0.034136,0.000258
1.000001,39.899307,-104.695816,0.284013,12.078955,-0.032479,0.000781
1.000001,39.899307,-104.695816,0.284165,12.080046,-0.038776,0.000446
1.000001,39.899307,-104.695816,0.284072,12.078895,-0.034208,0.000543
1.003637,39.899307,-104.695816,0.284242,12.079697,-0.037959,0.000708
1.000001,39.899307,-104.695816,0.284252,12.07992,-0.037025,0.001044
1.000001,39.899307,-104.695816,0.284273,12.08077,-0.038483,0.000456
1.000001,39.899307,-104.695816,0.284265,12.080709,-0.033042,0.000646
1.000001,39.899307,-104.695816,0.284202,12.080132,-0.033448,0.000862
1.000001,39.899307,-104.695816,0.28425,12.080543,-0.034414,0.000245
1.000001,39.899307,-104.695816,0.284187,12.080161,-0.038525,0.000454
1.000001,39.899307,-104.695816,0.284158,12.079084,-0.035503,0.000431
1.000001,39.899307,-104.695816,0.284193,12.080071,-0.043499,0.0009
1.000001,39.899307,-104.695816,0.284069,12.077481,-0.038377,0.000436
1.000001,39.899307,-104.695816,0.284291,12.080289,-0.033473,0.000639
1.000001,39.899307,-104.695816,0.283925,12.077798,-0.038261,5.5e-05
1.000001,39.899307,-104.695816,0.284084,12.079768,-0.034551,0.000423
1.000001,39.899307,-104.695816,0.284122,12.07941,-0.0393,0.000231
1.000001,39.899307,-104.695816,0.284161,12.080257,-0.038444,0.000243
1.000018,39.899307,-104.695816,0.284084,12.079597,-0.032104,0.000292
1.000001,39.899307,-104.695816,0.284095,12.079222,-0.034254,0.000532
1.000001,39.899307,-104.695816,0.284175,12.079136,-0.039052,0.000756
1.000001,39.899307,-104.695816,0.284355,12.080537,-0.033527,0.000235
1.000001,39.899307,-104.695816,0.284031,12.079408,-0.038502,0.000226
1.000001,39.899307,-104.695816,0.284019,12.079806,-0.035719,0.000255
1.000001,39.899307,-104.695816,0.28409,12.07982,-0.028292,0.001104
1.000001,39.899307,-104.695816,0.283864,12.077823,-0.038451,0.00036
1.000001,39.899307,-104.695816,0.284249,12.080249,-0.036655,0.000248
1.000001,39.899307,-104.695816,0.284257,12.080419,-0.037934,0.000385
1.000886,39.899307,-104.695816,0.28426,12.079592,-0.039705,0.000684
1.000001,39.899307,-104.695816,0.284022,12.079636,-0.035057,0.000339
1.000001,39.899307,-104.695816,0.284326,12.080962,-0.040089,0.000317
1.000001,39.899307,-104.695816,0.284214,12.080396,-0.033064,0.000716
1.000001,39.899307,-104.695816,0.284135,12.080449,-0.035942,0.000699
1.000001,39.899307,-104.695816,0.28397,12.078089,-0.032875,0.000252
1.000001,39.899307,-104.695816,0.284276,12.080975,-0.03364,0.000214
1.000001,39.899307,-104.695816,0.284059,12.078574,-0.040315,0.000356
1.000001,39.899307,-104.695816,0.28412,12.078279,-0.039761,0.000913
1.000001,39.899307,-104.695816,0.284334,12.080954,-0.031972,0.00043
1.000001,39.899307,-104.695816,0.284043,12.079539,-0.031279,0.000327
1.000001,39.899307,-104.695816,0.284189,12.079951,-0.037059,0.00057
1.000001,39.899307,-104.695816,0.284313,12.080822,-0.034463,0.000186
1.000005,39.899307,-104.695816,0.284341,12.081915,-0.03814,0.000313
1.000001,39.899307,-104.695816,0.284138,12.079122,-0.038113,0.000123
1.000001,39.899307,-104.695816,0.284109,12.079472,-0.039279,0.000379
1.000001,39.899307,-104.695816,0.284033,12.079315,-0.034804,0.000496
1.000001,39.899307,-104.695816,0.284352,12.08128,-0.034993,0.000138
1.000001,39.899307,-104.695816,0.284186,12.079942,-0.041234,0.00071
1.000001,39.899307,-104.695816,0.2841,12.079469,-0.03828,0.000563
1.000001,39.899307,-104.695816,0.283983,12.07963,-0.033368,0.000665
1.000001,39.899307,-104.695816,0.284109,12.079666,-0.030452,0.000332
1.000001,39.899307,-104.695816,0.284004,12.078552,-0.033111,9.6e-05
1.000001,39.899307,-104.695816,0.28413,12.079431,-0.039819,0.000343
1.000001,39.899307,-104.695816,0.283839,12.077887,-0.037359,0.000454
1.000001,39.899307,-104.695816,0.284162,12.079878,-0.038212,0.000469
1.000001,39.899307,-104.695816,0.284187,12.080238,-0.036249,0.00036
1.000001,39.899307,-104.695816,0.284268,12.078773,-0.033795,0.000454
1.000001,39.899307,-104.695816,0.284199,12.078747,-0.038283,0.000332
1.000001,39.899307,-104.695816,0.2842,12.080238,-0.03445,0.000172
1.000001,39.899307,-104.695816,0.284228,12.079577,-0.040304,0.000245
1.000001,39.899307,-104.695816,0.284064,12.079165,-0.035427,0.000242
1.000001,39.899307,-104.695816,0.284263,12.080932,-0.034626,0.000224
1.000001,39.899307,-104.695816,0.284041,12.078809,-0.038454,0.000491
1.000001,39.899307,-104.695816,0.28431,12.081015,-0.033158,0.000332
1.000001,39.899307,-104.695816,0.284133,12.0793,-0.034294,4.6e-05
1.000001,39.899307,-104.695816,0.284113,12.077704,-0.03763,0.000266
1.000001,39.899307,-104.695816,0.284096,12.079501,-0.036939,0.000291
1.000001,39.899307,-104.695816,0.284147,12.079333,-0.037577,0.000538
1.004313,39.899307,-104.695816,0.284078,12.079252,-0.034766,0.000105
1.000001,39.899307,-104.695816,0.284271,12.080762,-0.036223,0.000416
1.000001,39.899307,-104.695816,0.284126,12.079247,-0.03442,0.00037
1.000001,39.899307,-104.695816,0.284114,12.079628,-0.033642,0.000396
1.000001,39.899307,-104.695816,0.284135,12.079442,-0.034657,0.000863
1.000001,39.899307,-104.695816,0.284085,12.07937,-0.03899,0.000943
1.000001,39.899307,-104.695816,0.284221,12.079939,-0.035871,0.000641
1.000001,39.899307,-104.695816,0.284324,12.081064,-0.038677,0.000471
1.000001,39.899307,-104.695816,0.28417,12.080106,-0.035373,0.000666
1.000001,39.899307,-104.695816,0.284374,12.080106,-0.03,0.000513
1.000001,39.899307,-104.695816,0.284124,12.080063,-0.03951,0.000472
1.000001,39.899307,-104.695816,0.284332,12.081176,-0.037263,0.000355
1.000001,39.899307,-104.695816,0.284259,12.080353,-0.033931,0.000194
1.000001,39.899307,-104.695816,0.284071,12.079098,-0.038455,0.000952
1.000001,39.899307,-104.695816,0.284121,12.079202,-0.035197,8.7e-05
1.000001,39.899307,-104.695816,0.284072,12.078919,-0.034932,0.0005
1.000001,39.899307,-104.695816,0.284185,12.079679,-0.036624,0.00107
1.000001,39.899307,-104.695816,0.284131,12.079267,-0.036577,0.000507
1.000001,39.899307,-104.695816,0.28415,12.079538,-0.031483,0.000261
1.000001,39.899307,-104.695816,0.284154,12.079002,-0.040399,0.001073
1.000001,39.899307,-104.695816,0.284099,12.079844,-0.032213,0.00024
1.000001,39.899307,-104.695816,0.284187,12.078752,-0.039019,0.000823
1.000001,39.899307,-104.695816,0.284037,12.079567,-0.034732,0.000345
1.000001,39.899307,-104.695816,0.284213,12.079955,-0.037206,0.001164
1.000001,39.899307,-104.695816,0.284106,12.079659,-0.036708,0.000253
1.000001,39.899307,-104.695816,0.284083,12.079144,-0.035647,0.000262
1.000001,39.899307,-104.695816,0.284171,12.079254,-0.036029,0.000324
1.000001,39.899307,-104.695816,0.284209,12.07932,-0.033744,0.001008
1.000001,39.899307,-104.695816,0.284113,12.079261,-0.036094,0.000483
1.000001,39.899307,-104.695816,0.284175,12.079664,-0.035772,0.000449
1.000001,39.899307,-104.695816,0.284336,12.080673,-0.033364,0.000979
1.000006,39.899307,-104.695816,0.284212,12.07985,-0.038779,0.000704
1.000001,39.899307,-104.695816,0.284214,12.080168,-0.032861,0.000151
1.000001,39.899307,-104.695816,0.284059,12.079827,-0.032758,0.000278
1.006754,39.899307,-104.695816,0.284078,12.079073,-0.036326,0.00047
1.000001,39.899307,-104.695816,0.284143,12.080023,-0.036752,0.000877
1.000001,39.899307,-104.695816,0.284229,12.079567,-0.031603,0.000655
1.000001,39.899307,-104.695816,0.284287,12.080972,-0.033866,0.001147
1.000001,39.899307,-104.695816,0.284139,12.078542,-0.036295,0.000808
1.000001,39.899307,-104.695816,0.284232,12.080172,-0.032302,0.000489
1.000001,39.899307,-104.695816,0.28447,12.081639,-0.034375,0.000679
1.000001,39.899307,-104.695816,0.284227,12.080592,-0.036672,0.000524
1.000001,39.899307,-104.695816,0.284122,12.080041,-0.036838,0.000383
1.000001,39.899307,-104.695816,0.283992,12.07914,-0.034356,0.000363
1.000001,39.899307,-104.695816,0.284323,12.081074,-0.037968,0.000295
1.000001,39.899307,-104.695816,0.284245,12.079288,-0.036734,0.000649
1.000001,39.899307,-104.695816,0.28394,12.078783,-0.038641,0.000458
1.000001,39.899307,-104.695816,0.284083,12.079899,-0.034307,0.000666
1.000001,39.899307,-104.695816,0.284104,12.079361,-0.037721,0.00034
1.001523,39.899307,-104.695816,0.284278,12.079645,-0.039077,0.00043
1.000001,39.899307,-104.695816,0.284154,12.079356,-0.033882,0.000726
1.000001,39.899307,-104.695816,0.284074,12.079782,-0.031691,0.000599
1.000001,39.899307,-104.695816,0.284092,12.07998,-0.037976,0.000874
1.000001,39.899307,-104.695816,0.284083,12.07993,-0.034791,0.000144
1.000001,39.899307,-104.695816,0.284075,12.078644,-0.041177,0.001204
1.000001,39.899307,-104.695816,0.284267,12.08016,-0.036521,0.000415
1.000001,39.899307,-104.695816,0.28417,12.080187,-0.031806,5.3e-05
1.000001,39.899307,-104.695816,0.284198,12.080105,-0.032524,0.000831
1.000001,39.899307,-104.695816,0.284178,12.079515,-0.038235,0.000175
1.000001,39.899307,-104.695816,0.284141,12.079015,-0.035268,0.000323
1.000001,39.899307,-104.695816,0.284361,12.080371,-0.031886,0.000683
1.000001,39.899307,-104.695816,0.284263,12.080801,-0.034435,0.000256
1.000001,39.899307,-104.695816,0.284092,12.079564,-0.034078,0.000558
1.000001,39.899307,-104.695816,0.284174,12.080506,-0.037406,0.001005
1.000001,39.899307,-104.695816,0.284178,12.079291,-0.038657,0.000173
1.000001,39.899307,-104.695816,0.284069,12.079283,-0.039257,0.000531
1.000001,39.899307,-104.695816,0.284377,12.079422,-0.039647,0.000416
1.000001,39.899307,-104.695816,0.284469,12.081221,-0.033576,0.000366
1.000001,39.899307,-104.695816,0.28411,12.079229,-0.033448,0.000309
1.000001,39.899307,-104.695816,0.284266,12.08017,-0.03577,0.000265
1.000001,39.899307,-104.695816,0.284192,12.079518,-0.036442,0.000516
1.000001,39.899307,-104.695816,0.283998,12.078856,-0.035102,0.000325
1.000001,39.899307,-104.695816,0.284239,12.079829,-0.036894,0.000698
1.000001,39.899307,-104.695816,0.284198,12.080456,-0.035898,0.000674
1.000001,39.899307,-104.695816,0.284263,12.080171,-0.035686,0.000256
1.003322,39.899307,-104.695816,0.283951,12.078208,-0.032532,0.000522
1.000001,39.899307,-104.695816,0.28404,12.0791,-0.036618,0.000811
1.000001,39.899307,-104.695816,0.284274,12.080677,-0.036852,0.000275
1.000001,39.899307,-104.695816,0.28428,12.079619,-0.034511,0.000324
1.00351,39.899307,-104.695816,0.284173,12.08007,-0.03723,2.8e-05
1.000001,39.899307,-104.695816,0.28414,12.080347,-0.036141,0.00081
1.000001,39.899307,-104.695816,0.284013,12.078914,-0.038146,0.000466
1.000001,39.899307,-104.695816,0.284164,12.079589,-0.030038,0.000577
1.000001,39.899307,-104.695816,0.284283,12.077558,-0.033426,0.001392
1.000001,39.899307,-104.695816,0.284439,12.081438,-0.034569,0.000654
1.000001,39.899307,-104.695816,0.284139,12.078818,-0.039579,0.00073
1.000001,39.899307,-104.695816,0.284332,12.080423,-0.033214,0.000798
1.000001,39.899307,-104.695816,0.284314,12.080074,-0.035988,0.000793
1.000001,39.899307,-104.695816,0.28415,12.080664,-0.037539,0.000616
1.000001,39.899307,-104.695816,0.284264,12.081011,-0.034117,0.000156
1.000001,39.899307,-104.695816,0.284332,12.079889,-0.033302,0.000409
1.000001,39.899307,-104.695816,0.284264,12.079684,-0.040119,0.000219
1.000001,39.899307,-104.695816,0.284212,12.079211,-0.031704,0.00022
1.000001,39.899307,-104.695816,0.284186,12.07963,-0.036535,0.000984
1.000001,39.899307,-104.695816,0.284367,12.081394,-0.033548,0.000609
1.000001,39.899307,-104.695816,0.284162,12.080767,-0.037669,0.000843
1.000001,39.899307,-104.695816,0.284327,12.08095,-0.035221,0.000483
1.000001,39.899307,-104.695816,0.284184,12.07957,-0.034666,0.000423
1.000001,39.899307,-104.695816,0.284334,12.080598,-0.033651,0.000197
1.000001,39.899307,-104.695816,0.284389,12.08126,-0.037417,0.000416
1.000001,39.899307,-104.695816,0.284384,12.080526,-0.035099,0.000624
1.000001,39.899307,-104.695816,0.284254,12.080112,-0.038523,0.001053
1.000001,39.899307,-104.695816,0.284213,12.079642,-0.037618,0.000188
1.000001,39.899307,-104.695816,0.284271,12.080371,-0.033287,0.000905
1.000001,39.899307,-104.695816,0.284027,12.079311,-0.038769,0.000358
1.000001,39.899307,-104.695816,0.28417,12.079008,-0.033876,0.000244
1.000001,39.899307,-104.695816,0.284221,12.07965,-0.038731,0.000299
1.000001,39.899307,-104.695816,0.284183,12.078977,-0.037138,0.000373
1.000001,39.899307,-104.695816,0.284152,12.079554,-0.031662,0.000262
1.000001,39.899307,-104.695816,0.284361,12.080355,-0.032755,0.000505
1.000001,39.899307,-104.695816,0.284198,12.079244,-0.037039,0.000777
1.000001,39.899307,-104.695816,0.284486,12.080991,-0.034962,0.000472
1.000001,39.899307,-104.695816,0.284053,12.079259,-0.038675,0.00023
1.000001,39.899307,-104.695816,0.284118,12.079558,-0.03485,0.000487
1.000001,39.899307,-104.695816,0.284159,12.079852,-0.035163,0.001043
1.000001,39.899307,-104.695816,0.284136,12.079335,-0.037313,0.00034
1.000001,39.899307,-104.695816,0.284368,12.080754,-0.035361,0.000789
1.000001,39.899307,-104.695816,0.28441,12.080519,-0.03551,0.0009
1.000001,39.899307,-104.695816,0.284219,12.079925,-0.035116,0.00095
1.000001,39.899307,-104.695816,0.284135,12.080076,-0.035936,0.00053
1.000001,39.899307,-104.695816,0.284503,12.080734,-0.036909,0.001714
1.000001,39.899307,-104.695816,0.284392,12.080406,-0.031676,0.000672
1.000001,39.899307,-104.695816,0.284199,12.07998,-0.035698,0.000934
1.000001,39.899307,-104.695816,0.28416,12.07927,-0.033688,0.000223
1.000001,39.899307,-104.695816,0.28433,12.080925,-0.031393,0.000468
1.000001,39.899307,-104.695816,0.284094,12.078148,-0.037862,0.00051
1.000001,39.899307,-104.695816,0.28424,12.079989,-0.036853,0.000406
1.000001,39.899307,-104.695816,0.284539,12.080078,-0.032392,0.000559
1.000001,39.899307,-104.695816,0.284039,12.07976,-0.02989,0.001219
1.000001,39.899307,-104.695816,0.284309,12.080786,-0.038196,0.000545
1.000001,39.899307,-104.695816,0.284516,12.082308,-0.034868,0.000473
1.000001,39.899307,-104.695816,0.284461,12.081197,-0.037289,0.000825
1.000001,39.899307,-104.695816,0.284118,12.079049,-0.039369,0.000483
1.000001,39.899307,-104.695816,0.284207,12.080946,-0.03908,0.00051
1.000001,39.899307,-104.695816,0.284221,12.080673,-0.033054,0.000318
1.000001,39.899307,-104.695816,0.284525,12.082132,-0.033713,0.000326
1.000001,39.899307,-104.695816,0.284264,12.07979,-0.040924,0.000377
1.000001,39.899307,-104.695816,0.284098,12.07747,-0.036096,0.000829
1.000001,39.899307,-104.695816,0.283968,12.079223,-0.036407,0.00024
1.000001,39.899307,-104.695816,0.284192,12.080384,-0.031797,0.000265
1.000001,39.899307,-104.695816,0.284202,12.079529,-0.032645,0.00023
1.002407,39.899307,-104.695816,0.28428,12.079937,-0.039533,0.000616
1.000001,39.899307,-104.695816,0.283898,12.0773,-0.036231,0.000378
1.000001,39.899307,-104.695816,0.284388,12.080272,-0.039558,0.00018
1.000001,39.899307,-104.695816,0.284189,12.079714,-0.036879,0.000108
1.000001,39.899307,-104.695816,0.28439,12.07989,-0.036986,0.000149
1.000001,39.899307,-104.695816,0.284206,12.079328,-0.036406,0.00062
1.000001,39.899307,-104.695816,0.284451,12.081887,-0.0354,0.000693
1.000001,39.899307,-104.695816,0.284355,12.080007,-0.039646,0.00048
1.000001,39.899307,-104.695816,0.284123,12.07959,-0.035586,0.000244
1.000001,39.899307,-104.695816,0.284289,12.079947,-0.036819,0.000295
1.000001,39.899307,-104.695816,0.284051,12.079855,-0.039365,0.000812
1.000001,39.899307,-104.695816,0.284463,12.081708,-0.034054,0.000232
1.000001,39.899307,-104.695816,0.284322,12.079619,-0.034498,0.000412
1.000001,39.899307,-104.695816,0.284284,12.080057,-0.035308,0.000413
1.000001,39.899307,-104.695816,0.284322,12.080757,-0.037928,0.000263
1.000001,39.899307,-104.695816,0.284059,12.07947,-0.035909,0.000342
1.000001,39.899307,-104.695816,0.284175,12.079952,-0.033361,0.000407
1.000001,39.899307,-104.695816,0.28442,12.081583,-0.034745,0.00027
1.000001,39.899307,-104.695816,0.284243,12.078076,-0.03287,0.00046
1.000001,39.899307,-104.695816,0.284256,12.080078,-0.033562,0.000633
1.000001,39.899307,-104.695816,0.284105,12.079835,-0.036811,0.000855
1.000001,39.899307,-104.695816,0.28422,12.079845,-0.037352,0.000987
1.000001,39.899307,-104.695816,0.284254,12.080686,-0.037923,0.000142
1.000001,39.899307,-104.695816,0.284404,12.080703,-0.037914,0.0004
1.000001,39.899307,-104.695816,0.284139,12.079516,-0.035206,0.0001
1.000001,39.899307,-104.695816,0.284493,12.081669,-0.030726,0.000321
1.000001,39.899307,-104.695816,0.284315,12.079532,-0.042273,0.000626
1.000001,39.899307,-104.695816,0.284292,12.080547,-0.037199,0.00049
1.000001,39.899307,-104.695816,0.284251,12.0802,-0.033914,0.000359
1.000001,39.899307,-104.695816,0.284157,12.07957,-0.037872,0.00073
1.000001,39.899307,-104.695816,0.284191,12.079964,-0.036205,0.000255
1.000001,39.899307,-104.695816,0.284152,12.079718,-0.035371,0.000525
1.000001,39.899307,-104.695816,0.284304,12.082112,-0.031579,0.000945
1.000001,39.899307,-104.695816,0.284305,12.079823,-0.034798,0.000306
1.000001,39.899307,-104.695816,0.284187,12.079219,-0.034102,0.000947
1.000001,39.899307,-104.695816,0.284301,12.080176,-0.03718,0.000233
1.000001,39.899307,-104.695816,0.28423,12.080849,-0.036088,0.000432
1.000001,39.899307,-104.695816,0.284209,12.079448,-0.03777,0.000649
1.000001,39.899307,-104.695816,0.28428,12.080412,-0.034068,0.000191
1.000001,39.899307,-104.695816,0.284198,12.079199,-0.037766,0.000649
1.000001,39.899307,-104.695816,0.284124,12.079857,-0.034555,0.000493
1.000001,39.899307,-104.695816,0.284319,12.08152,-0.035798,0.000108
1.000001,39.899307,-104.695816,0.284303,12.080403,-0.032456,0.000282
1.000001,39.899307,-104.695816,0.284275,12.080309,-0.036012,0.000584
1.000001,39.899307,-104.695816,0.284234,12.07937,-0.03609,0.000386
1.000001,39.899307,-104.695816,0.284152,12.078524,-0.035656,0.000518
1.000001,39.899307,-104.695816,0.284386,12.080581,-0.035709,0.000226
1.000001,39.899307,-104.695816,0.284187,12.079265,-0.036832,0.000751
1.000001,39.899307,-104.695816,0.284235,12.080355,-0.034228,0.00036
1.000001,39.899307,-104.695816,0.284209,12.07946,-0.033454,0.000426
1.000001,39.899307,-104.695816,0.284288,12.079998,-0.034992,0.000634
1.000001,39.899307,-104.695816,0.284238,12.079683,-0.035706,0.000291
1.000001,39.899307,-104.695816,0.284295,12.080241,-0.035601,0.000349
1.000001,39.899307,-104.695816,0.284137,12.079228,-0.033981,0.000722
1.000001,39.899307,-104.695816,0.284442,12.081013,-0.040467,0.000831
1.000001,39.899307,-104.695816,0.284413,12.080999,-0.032686,0.000331
1.000001,39.899307,-104.695816,0.284378,12.081173,-0.032684,0.000883
1.000001,39.899307,-104.695816,0.284296,12.079287,-0.035857,0.000421
1.000001,39.899307,-104.695816,0.2842,12.080001,-0.038235,0.000303
1.000001,39.899307,-104.695816,0.28429,12.080193,-0.033553,0.000416
1.000001,39.899307,-104.695816,0.284368,12.080417,-0.035821,0.000698
1.000001,39.899307,-104.695816,0.284325,12.080186,-0.036181,0.000403
1.000001,39.899307,-104.695816,0.284091,12.079288,-0.037391,0.000439
1.000001,39.899307,-104.695816,0.284201,12.079648,-0.034882,0.000661
1.000001,39.899307,-104.695816,0.284043,12.078732,-0.0362,0.00077
1.000001,39.899307,-104.695816,0.284346,12.08057,-0.035511,0.000331
1.000001,39.899307,-104.695816,0.28429,12.079654,-0.03803,0.000633
1.000001,39.899307,-104.695816,0.284284,12.080121,-0.032967,0.000496
1.000001,39.899307,-104.695816,0.284225,12.080557,-0.035595,0.001
1.000001,39.899307,-104.695816,0.284223,12.080543,-0.034789,0.000355
1.000001,39.899307,-104.695816,0.284226,12.080102,-0.034985,0.001648
1.000001,39.899307,-104.695816,0.284279,12.079524,-0.038214,0.00057
1.000001,39.899307,-104.695816,0.284267,12.080029,-0.03071,0.000334
1.000001,39.899307,-104.695816,0.284217,12.079322,-0.033933,0.00115
1.000001,39.899307,-104.695816,0.28411,12.08034,-0.039435,0.001008
1.000001,39.899307,-104.695816,0.284309,12.079938,-0.034675,0.000317
1.000001,39.899307,-104.695816,0.284504,12.082057,-0.032558,0.000771
1.000001,39.899307,-104.695816,0.284313,12.080365,-0.035527,0.000242
1.000001,39.899307,-104.695816,0.284152,12.079349,-0.034093,0.000477
1.000001,39.899307,-104.695816,0.28421,12.077855,-0.038904,0.000388
1.000001,39.899307,-104.695816,0.284214,12.079109,-0.036636,0.000376
1.000001,39.899307,-104.695816,0.284274,12.079547,-0.037747,0.000243
1.000001,39.899307,-104.695816,0.284384,12.079998,-0.039194,0.000431
1.000001,39.899307,-104.695816,0.284474,12.080648,-0.035742,0.000288
1.000001,39.899307,-104.695816,0.284406,12.080812,-0.034599,0.000516
1.000001,39.899307,-104.695816,0.284407,12.08039,-0.034495,0.000211
1.000001,39.899307,-104.695816,0.284211,12.080315,-0.035021,0.000226
1.000001,39.899307,-104.695816,0.284207,12.080346,-0.033971,0.00079
1.000001,39.899307,-104.695816,0.284395,12.080484,-0.034878,0.000458
1.000001,39.899307,-104.695816,0.284158,12.080357,-0.036469,0.000337
1.000001,39.899307,-104.695816,0.284317,12.081226,-0.036293,0.000506
1.000001,39.899307,-104.695816,0.28406,12.079115,-0.036077,0.001359
1.000001,39.899307,-104.695816,0.284196,12.079992,-0.037799,0.000518
1.000001,39.899307,-104.695816,0.284462,12.081604,-0.038527,0.000486
1.000001,39.899307,-104.695816,0.284436,12.080964,-0.035509,0.000248
1.000001,39.899307,-104.695816,0.284308,12.080353,-0.036039,0.000532
1.000001,39.899307,-104.695816,0.284286,12.08075,-0.035737,0.000314
1.000001,39.899307,-104.695816,0.28433,12.080008,-0.037068,0.000592
1.000001,39.899307,-104.695816,0.284335,12.080113,-0.028437,0.000514
1.000001,39.899307,-104.695816,0.284452,12.080889,-0.0339,0.000204
1.000001,39.899307,-104.695816,0.284501,12.082445,-0.036196,0.00038
1.000001,39.899307,-104.695816,0.284302,12.079885,-0.040232,0.000674
1.000001,39.899307,-104.695816,0.28462,12.081173,-0.031366,0.000988
1.000001,39.899307,-104.695816,0.284643,12.0832,-0.036635,0.000477
1.000001,39.899307,-104.695816,0.284275,12.080759,-0.032624,0.000475
1.000001,39.899307,-104.695816,0.284285,12.080485,-0.033971,0.000754
1.000001,39.899307,-104.695816,0.284329,12.080104,-0.034059,0.000236
1.000001,39.899307,-104.695816,0.284353,12.080178,-0.038179,0.000734
1.000001,39.899307,-104.695816,0.284443,12.080122,-0.033242,0.000408
1.000001,39.899307,-104.695816,0.284245,12.079921,-0.03223,0.000579
1.000001,39.899307,-104.695816,0.284559,12.082208,-0.031711,0.000637
1.000001,39.899307,-104.695816,0.284211,12.078647,-0.036301,0.00028
1.000001,39.899307,-104.695816,0.284222,12.079515,-0.032807,0.000203
1.000001,39.899307,-104.695816,0.284284,12.079798,-0.034592,0.000315
1.000001,39.899307,-104.695816,0.284459,12.081267,-0.035382,0.000273
1.000001,39.899307,-104.695816,0.284464,12.081539,-0.034229,0.000401
1.000001,39.899307,-104.695816,0.28449,12.08128,-0.035141,0.000282
1.000001,39.899307,-104.695816,0.284397,12.080013,-0.033844,0.000446
1.000001,39.899307,-104.695816,0.284387,12.080977,-0.03754,0.000185
1.000001,39.899307,-104.695816,0.284192,12.079959,-0.033405,0.00055
1.000001,39.899307,-104.695816,0.284117,12.078609,-0.040963,0.000643
1.000001,39.899307,-104.695816,0.284381,12.080662,-0.034987,0.000265
1.000001,39.899307,-104.695816,0.284371,12.081162,-0.035998,0.000363
1.000001,39.899307,-104.695816,0.284291,12.078809,-0.037897,0.000337
1.000001,39.899307,-104.695816,0.284333,12.079993,-0.032664,0.000551
1.000001,39.899307,-104.695816,0.284471,12.080342,-0.034344,0.000314
1.000001,39.899307,-104.695816,0.28427,12.079186,-0.035764,0.00086
1.000001,39.899307,-104.695816,0.284495,12.081414,-0.036268,0.000301
1.000001,39.899307,-104.695816,0.284259,12.079821,-0.03723,0.000571
1.000001,39.899307,-104.695816,0.284434,12.08108,-0.036188,0.000115
1.000001,39.899307,-104.695816,0.284134,12.078986,-0.038821,0.000566
1.000001,39.899307,-104.695816,0.284238,12.07889,-0.037397,0.000608
1.000001,39.899307,-104.695816,0.284371,12.081093,-0.032126,0.000327
1.000001,39.899307,-104.695816,0.284495,12.08065,-0.033502,0.000419
1.000001,39.899307,-104.695816,0.284374,12.080164,-0.035888,0.000382
1.000001,39.899307,-104.695816,0.284436,12.08037,-0.036578,0.000406
1.000001,39.899307,-104.695816,0.28455,12.079711,-0.031299,0.00121
1.000001,39.899307,-104.695816,0.28435,12.079977,-0.033628,0.000468
1.000001,39.899307,-104.695816,0.284187,12.079369,-0.037792,0.000686
1.000001,39.899307,-104.695816,0.284294,12.079598,-0.031226,0.00026
1.002141,39.899307,-104.695816,0.284353,12.081227,-0.030577,0.000769
1.000001,39.899307,-104.695816,0.284254,12.08043,-0.038325,0.000596
1.000001,39.899307,-104.695816,0.284329,12.079782,-0.03692,0.000696
1.000001,39.899307,-104.695816,0.284573,12.080763,-0.033352,0.000609
1.000001,39.899307,-104.695816,0.284293,12.080624,-0.034815,0.000606
1.000001,39.899307,-104.695816,0.28448,12.080844,-0.03891,0.000411
1.000001,39.899307,-104.695816,0.284545,12.081137,-0.032874,0.000572
1.000001,39.899307,-104.695816,0.284317,12.080114,-0.036254,0.000633
1.000001,39.899307,-104.695816,0.284191,12.0793,-0.035842,0.00017
1.000001,39.899307,-104.695816,0.28431,12.081333,-0.039662,0.000692
1.000001,39.899307,-104.695816,0.284251,12.079696,-0.035169,0.000584
1.000001,39.899307,-104.695816,0.284522,12.080763,-0.036768,0.000668
1.000001,39.899307,-104.695816,0.284415,12.079884,-0.036928,0.000215
1.000001,39.899307,-104.695816,0.28433,12.079992,-0.034087,0.00054
1.000001,39.899307,-104.695816,0.284111,12.079164,-0.035695,0.00064
1.000001,39.899307,-104.695816,0.284243,12.080575,-0.033984,0.000125
1.000001,39.899307,-104.695816,0.284217,12.079466,-0.033749,0.000429
1.000001,39.899307,-104.695816,0.284468,12.080901,-0.036583,0.000401
1.000001,39.899307,-104.695816,0.284209,12.078752,-0.034817,0.000966
1.000001,39.899307,-104.695816,0.284467,12.08072,-0.038476,0.000816
1.000001,39.899307,-104.695816,0.284233,12.080619,-0.036949,0.000379
1.000001,39.899307,-104.695816,0.284444,12.080898,-0.037976,0.000562
1.000001,39.899307,-104.695816,0.284475,12.080109,-0.032352,0.000911
1.000001,39.899307,-104.695816,0.284509,12.080564,-0.035183,0.000565
1.000001,39.899307,-104.695816,0.284454,12.080445,-0.038127,0.000341
1.000001,39.899307,-104.695816,0.284205,12.079418,-0.037962,0.000401
1.000001,39.899307,-104.695816,0.284382,12.079955,-0.035739,0.000434
1.000001,39.899307,-104.695816,0.284173,12.080492,-0.038281,0.000786
1.000001,39.899307,-104.695816,0.284528,12.08175,-0.037655,0.000304
1.000001,39.899307,-104.695816,0.284498,12.080618,-0.036536,0.000349
1.000001,39.899307,-104.695816,0.284338,12.080169,-0.034692,0.000867
1.000001,39.899307,-104.695816,0.284484,12.081194,-0.039069,6.4e-05
1.000001,39.899307,-104.695816,0.284108,12.078927,-0.036525,0.000709
1.000001,39.899307,-104.695816,0.284239,12.079182,-0.034067,0.000994
1.000001,39.899307,-104.695816,0.284505,12.081171,-0.034767,0.000514
1.000001,39.899307,-104.695816,0.284263,12.079215,-0.032766,9.3e-05
1.000001,39.899307,-104.695816,0.284225,12.080242,-0.032276,0.000278
1.000001,39.899307,-104.695816,0.284146,12.077518,-0.037573,0.000485
1.000001,39.899307,-104.695816,0.284239,12.079507,-0.036802,0.000929
1.000005,39.899307,-104.695816,0.284239,12.08061,-0.036991,0.000445
1.000001,39.899307,-104.695816,0.284428,12.080096,-0.034142,0.000298
1.000001,39.899307,-104.695816,0.284226,12.080894,-0.034156,0.000574
1.000001,39.899307,-104.695816,0.284565,12.082335,-0.03475,0.000424
1.000001,39.899307,-104.695816,0.284415,12.079838,-0.037694,0.000677
1.000001,39.899307,-104.695816,0.284433,12.08007,-0.038303,0.000305
1.000001,39.899307,-104.695816,0.284375,12.080558,-0.032454,0.000874
1.000001,39.899307,-104.695816,0.284279,12.079397,-0.037902,0.000328
1.000001,39.899307,-104.695816,0.284333,12.080079,-0.035078,0.00046
1.00614,39.899307,-104.695816,0.284131,12.079638,-0.033096,0.000571
1.000001,39.899307,-104.695816,0.284506,12.082129,-0.032176,0.001182
1.000001,39.899307,-104.695816,0.284395,12.080047,-0.036553,0.00035
1.000001,39.899307,-104.695816,0.284313,12.080494,-0.036208,0.000357
1.000001,39.899307,-104.695816,0.284375,12.079595,-0.037304,0.000257
1.000001,39.899307,-104.695816,0.28435,12.080279,-0.036489,0.000334
1.000001,39.899307,-104.695816,0.284451,12.080688,-0.035255,0.000347
1.000001,39.899307,-104.695816,0.284278,12.079809,-0.03418,0.00031
1.000001,39.899307,-104.695816,0.284413,12.080163,-0.037622,0.000334
1.000001,39.899307,-104.695816,0.28421,12.079484,-0.03415,0.000378
1.000001,39.899307,-104.695816,0.284509,12.082262,-0.035736,0.00042
1.000001,39.899307,-104.695816,0.284415,12.080503,-0.031912,0.000716
1.000001,39.899307,-104.695816,0.28422,12.08023,-0.037617,0.000267
1.000001,39.899307,-104.695816,0.28424,12.080373,-0.034687,0.000812
1.000001,39.899307,-104.695816,0.284125,12.078918,-0.035903,0.000509
1.000001,39.899307,-104.695816,0.284466,12.081039,-0.034388,0.00041
1.000001,39.899307,-104.695816,0.284293,12.079041,-0.034289,0.000503
1.000001,39.899307,-104.695816,0.284309,12.080051,-0.035517,0.000271
1.000001,39.899307,-104.695816,0.284555,12.081205,-0.035546,0.000936
1.000001,39.899307,-104.695816,0.284398,12.081118,-0.033301,0.000374
1.000001,39.899307,-104.695816,0.284416,12.080125,-0.035676,0.000372
1.000001,39.899307,-104.695816,0.284253,12.080111,-0.036218,0.000328
1.000001,39.899307,-104.695816,0.284306,12.07993,-0.033924,0.000485
1.000001,39.899307,-104.695816,0.284506,12.081141,-0.039829,0.000366
1.000001,39.899307,-104.695816,0.284549,12.081095,-0.033608,0.00015
1.000001,39.899307,-104.695816,0.284341,12.08066,-0.033534,0.000886
1.000001,39.899307,-104.695816,0.284323,12.079598,-0.037818,0.00038
1.000001,39.899307,-104.695816,0.284236,12.078983,-0.034831,0.000279
1.000001,39.899307,-104.695816,0.284515,12.081193,-0.034766,0.000195
1.000001,39.899307,-104.695816,0.284512,12.081011,-0.034458,0.000408
1.000001,39.899307,-104.695816,0.284496,12.081041,-0.032898,0.000596
1.000001,39.899307,-104.695816,0.284329,12.079628,-0.035971,0.00031
1.000001,39.899307,-104.695816,0.284276,12.079823,-0.03588,0.000848
1.000133,39.899307,-104.695816,0.284221,12.079271,-0.03801,0.000259
1.000001,39.899307,-104.695816,0.28443,12.081254,-0.035107,0.000186
1.000001,39.899307,-104.695816,0.284496,12.080791,-0.039953,0.000277
1.000001,39.899307,-104.695816,0.284506,12.081247,-0.033911,4.2e-05
1.000001,39.899307,-104.695816,0.284389,12.080976,-0.035641,0.000496
1.000001,39.899307,-104.695816,0.284473,12.081002,-0.03342,0.000399
1.000001,39.899307,-104.695816,0.28432,12.080103,-0.033546,0.001039
1.000001,39.899307,-104.695816,0.284365,12.080557,-0.038808,0.000876
1.000001,39.899307,-104.695816,0.284308,12.080032,-0.03098,0.000253
1.000001,39.899307,-104.695816,0.28437,12.079602,-0.036168,0.000835
1.000001,39.899307,-104.695816,0.284325,12.079612,-0.038462,0.000101
1.000001,39.899307,-104.695816,0.284398,12.08044,-0.036557,0.00024
1.000001,39.899307,-104.695816,0.284642,12.082404,-0.03516,0.00072
1.000001,39.899307,-104.695816,0.284461,12.081079,-0.035389,0.000409
1.000001,39.899307,-104.695816,0.284257,12.079104,-0.035701,0.00051
1.000001,39.899307,-104.695816,0.284367,12.078336,-0.036534,0.000812
1.000001,39.899307,-104.695816,0.28443,12.079496,-0.036927,0.000408
1.000001,39.899307,-104.695816,0.284296,12.079939,-0.035911,0.000514
1.000001,39.899307,-104.695816,0.284535,12.081201,-0.037703,0.000171
1.000001,39.899307,-104.695816,0.28447,12.080733,-0.0375,0.000803
1.000001,39.899307,-104.695816,0.284497,12.0815,-0.034942,0.000809
1.000001,39.899307,-104.695816,0.284583,12.080865,-0.035345,0.000414
1.000001,39.899307,-104.695816,0.284333,12.080518,-0.034099,0.000484
1.000001,39.899307,-104.695816,0.284307,12.079525,-0.033675,0.000869
1.000001,39.899307,-104.695816,0.284425,12.080287,-0.034878,0.000215
1.000001,39.899307,-104.695816,0.284343,12.080216,-0.035894,0.000439
1.000001,39.899307,-104.695816,0.284445,12.081467,-0.035959,0.000889
1.000001,39.899307,-104.695816,0.284205,12.079892,-0.039738,0.000687
1.000001,39.899307,-104.695816,0.284412,12.08076,-0.036286,0.000695
1.000001,39.899307,-104.695816,0.284436,12.08064,-0.037538,0.000621
1.000001,39.899307,-104.695816,0.284625,12.082187,-0.036585,0.000666
1.000001,39.899307,-104.695816,0.28442,12.080437,-0.036383,0.000464
1.000001,39.899307,-104.695816,0.284526,12.080818,-0.035255,0.000186
1.000001,39.899307,-104.695816,0.284414,12.081267,-0.039291,0.000616
1.000001,39.899307,-104.695816,0.284356,12.080579,-0.028897,0.000611
1.000001,39.899307,-104.695816,0.284661,12.082535,-0.035631,0.000406
1.000001,39.899307,-104.695816,0.284594,12.082603,-0.035028,0.000432
1.000001,39.899307,-104.695816,0.284526,12.080402,-0.036816,0.000549
1.000001,39.899307,-104.695816,0.284609,12.083488,-0.032646,0.001093
1.000001,39.899307,-104.695816,0.284713,12.082241,-0.036491,0.000521
1.000001,39.899307,-104.695816,0.284378,12.080046,-0.033754,0.000419
1.000001,39.899307,-104.695816,0.28444,12.08225,-0.034447,0.001028
1.000001,39.899307,-104.695816,0.284489,12.08123,-0.034413,0.000342
1.000001,39.899307,-104.695816,0.284508,12.080913,-0.035552,0.000846
1.000001,39.899307,-104.695816,0.284563,12.080902,-0.03511,0.000368
1.000001,39.899307,-104.695816,0.28435,12.079172,-0.034428,0.001008
1.000001,39.899307,-104.695816,0.284549,12.082026,-0.031643,0.000555
1.000001,39.899307,-104.695816,0.284432,12.079595,-0.033947,0.000441
1.000001,39.899307,-104.695816,0.284401,12.080623,-0.032078,0.000556
1.000001,39.899307,-104.695816,0.28448,12.081707,-0.037487,0.000606
1.000001,39.899307,-104.695816,0.284526,12.081375,-0.035719,0.000595
1.000001,39.899307,-104.695816,0.284516,12.081579,-0.032747,0.000934
1.000001,39.899307,-104.695816,0.284603,12.080233,-0.033661,0.000439
1.003654,39.899307,-104.695816,0.284449,12.080862,-0.033829,0.000483
1.000001,39.899307,-104.695816,0.284538,12.081494,-0.038038,0.000506
1.000001,39.899307,-104.695816,0.284294,12.079161,-0.03414,0.000421
1.000001,39.899307,-104.695816,0.284293,12.079126,-0.040567,0.00102
1.000001,39.899307,-104.695816,0.284393,12.08039,-0.035062,0.000448
1.000001,39.899307,-104.695816,0.284467,12.080724,-0.036627,0.000184
1.000001,39.899307,-104.695816,0.284374,12.079432,-0.037996,0.000476
1.000001,39.899307,-104.695816,0.284402,12.080664,-0.032457,0.00023
1.000001,39.899307,-104.695816,0.284537,12.080876,-0.034676,0.000167
1.000001,39.899307,-104.695816,0.284351,12.080111,-0.039335,0.000439
1.000001,39.899307,-104.695816,0.284614,12.081512,-0.038294,8.6e-05
1.000001,39.899307,-104.695816,0.284413,12.081367,-0.037246,0.000319
1.000001,39.899307,-104.695816,0.284594,12.081929,-0.037855,0.000384
1.000001,39.899307,-104.695816,0.284352,12.080754,-0.038039,0.000504
1.000001,39.899307,-104.695816,0.284439,12.080297,-0.038151,0.000637
1.000001,39.899307,-104.695816,0.284519,12.080991,-0.032954,0.000415
1.000001,39.899307,-104.695816,0.284526,12.081914,-0.03265,0.000171
1.000001,39.899307,-104.695816,0.284428,12.080296,-0.036746,0.000308
1.000001,39.899307,-104.695816,0.284498,12.080687,-0.03543,0.000334
1.004578,39.899307,-104.695816,0.284552,12.081242,-0.029312,0.000183
1.000001,39.899307,-104.695816,0.28438,12.080444,-0.034166,0.000552
1.000001,39.899307,-104.695816,0.284295,12.079108,-0.037086,0.000547
1.000001,39.899307,-104.695816,0.28444,12.080145,-0.02944,0.000536
1.000001,39.899307,-104.695816,0.284435,12.080766,-0.029956,0.000398
1.000001,39.899307,-104.695816,0.284383,12.079153,-0.037479,0.000729
1.000001,39.899307,-104.695816,0.284325,12.079844,-0.038528,0.000175
1.000001,39.899307,-104.695816,0.284647,12.082901,-0.03255,0.000446
1.000001,39.899307,-104.695816,0.284295,12.080387,-0.036553,0.000417
1.000001,39.899307,-104.695816,0.28449,12.080797,-0.037938,0.00042
1.000001,39.899307,-104.695816,0.284769,12.082542,-0.032558,0.000452
1.000001,39.899307,-104.695816,0.284416,12.080425,-0.035394,0.000176
1.000001,39.899307,-104.695816,0.284446,12.080873,-0.036321,0.000204
1.000001,39.899307,-104.695816,0.284369,12.080366,-0.038772,0.00036
1.000001,39.899307,-104.695816,0.284343,12.080361,-0.034995,0.000332
1.000001,39.899307,-104.695816,0.28463,12.0821,-0.038663,0.000233
1.001,39.899307,-104.695816,0.28453,12.080602,-0.034709,0.000608
1.000001,39.899307,-104.695816,0.284474,12.081504,-0.035837,0.000511
1.00162,39.899307,-104.695816,0.28423,12.07932,-0.035214,0.000842
1.000001,39.899307,-104.695816,0.284437,12.080995,-0.037738,0.000272
1.000001,39.899307,-104.695816,0.2845,12.081629,-0.030914,0.000404
1.000001,39.899307,-104.695816,0.284589,12.081773,-0.037283,0.000545
1.000001,39.899307,-104.695816,0.284316,12.080054,-0.034572,0.000456
1.000001,39.899307,-104.695816,0.284452,12.080894,-0.036621,0.000717
1.000001,39.899307,-104.695816,0.284431,12.080409,-0.03617,0.000367
1.000001,39.899307,-104.695816,0.284564,12.079694,-0.03713,0.000916
1.000001,39.899307,-104.695816,0.284651,12.08204,-0.031683,0.00045
1.000001,39.899307,-104.695816,0.284508,12.080749,-0.038399,0.000412
1.000001,39.899307,-104.695816,0.28462,12.080841,-0.035586,0.000769
1.000001,39.899307,-104.695816,0.284332,12.08037,-0.039193,0.000553
1.000001,39.899307,-104.695816,0.284549,12.080769,-0.038126,0.000631
1.000001,39.899307,-104.695816,0.284469,12.081468,-0.037967,0.000587
1.000001,39.899307,-104.695816,0.28458,12.081194,-0.037268,0.000205
1.000001,39.899307,-104.695816,0.284616,12.081224,-0.035783,0.000517
1.000001,39.899307,-104.695816,0.284419,12.080532,-0.033131,0.000369
1.000001,39.899307,-104.695816,0.284507,12.080861,-0.038309,0.000522
1.000001,39.899307,-104.695816,0.284405,12.080454,-0.037053,0.000532
1.000001,39.899307,-104.695816,0.28446,12.079866,-0.036307,0.000745
1.000001,39.899307,-104.695816,0.284696,12.081633,-0.034554,0.000368
1.000001,39.899307,-104.695816,0.284436,12.079722,-0.031991,0.000398
1.000001,39.899307,-104.695816,0.284411,12.080944,-0.034707,0.000162
1.000001,39.899307,-104.695816,0.284377,12.079223,-0.037592,0.001185
1.000001,39.899307,-104.695816,0.284236,12.078834,-0.034169,0.000775
1.000001,39.899307,-104.695816,0.284478,12.080715,-0.038218,0.000418
1.000003,39.899307,-104.695816,0.284571,12.080608,-0.033931,0.000446
1.000001,39.899307,-104.695816,0.284451,12.08009,-0.035833,0.001027
1.000001,39.899307,-104.695816,0.284591,12.081775,-0.036658,0.000137
1.000001,39.899307,-104.695816,0.284557,12.080413,-0.035595,0.00053
1.000001,39.899307,-104.695816,0.284581,12.080464,-0.038693,0.000154
1.000001,39.899307,-104.695816,0.284522,12.081459,-0.034748,0.000995
1.000001,39.899307,-104.695816,0.284325,12.080394,-0.036701,0.000349
1.000001,39.899307,-104.695816,0.284344,12.079918,-0.035476,0.000615
1.000001,39.899307,-104.695816,0.284276,12.07929,-0.034397,0.000971
1.000001,39.899307,-104.695816,0.284523,12.081268,-0.034249,0.000688
1.000001,39.899307,-104.695816,0.284318,12.079918,-0.034302,0.000482
1.000001,39.899307,-104.695816,0.284356,12.081027,-0.035913,0.000313
1.000001,39.899307,-104.695816,0.284534,12.08017,-0.037773,0.000626
1.000001,39.899307,-104.695816,0.284506,12.080597,-0.036144,0.000746
1.000001,39.899307,-104.695816,0.284561,12.080966,-0.037953,0.000297
1.000001,39.899307,-104.695816,0.284421,12.080296,-0.033963,0.000427
1.000001,39.899307,-104.695816,0.284483,12.080949,-0.037859,0.000582
1.000001,39.899307,-104.695816,0.284356,12.081032,-0.032824,0.000403
1.000001,39.899307,-104.695816,0.284551,12.081564,-0.036798,0.000476
1.000001,39.899307,-104.695816,0.284598,12.081346,-0.032946,0.000956
1.000001,39.899307,-104.695816,0.284388,12.0809,-0.037009,0.000334
1.000001,39.899307,-104.695816,0.284384,12.079926,-0.03162,0.00022
1.000001,39.899307,-104.695816,0.284189,12.078787,-0.034775,0.000772
1.000001,39.899307,-104.695816,0.284437,12.080387,-0.032816,0.000296
1.000001,39.899307,-104.695816,0.284421,12.080245,-0.032982,0.000749
1.000001,39.899307,-104.695816,0.284456,12.080914,-0.034435,0.000502
1.000001,39.899307,-104.695816,0.28468,12.082378,-0.037865,0.000242
1.000001,39.899307,-104.695816,0.284644,12.082119,-0.032453,0.000375
1.000001,39.899307,-104.695816,0.284529,12.081203,-0.038116,0.000215
1.000001,39.899307,-104.695816,0.284347,12.079416,-0.036648,0.000233
1.00382,39.899307,-104.695816,0.284366,12.079838,-0.034071,0.000156
1.000001,39.899307,-104.695816,0.284709,12.081385,-0.04106,0.000452
1.000001,39.899307,-104.695816,0.284679,12.081463,-0.033683,0.000153
1.000001,39.899307,-104.695816,0.284295,12.080798,-0.031448,0.00021
1.000001,39.899307,-104.695816,0.284245,12.080648,-0.037799,0.00046
1.000001,39.899307,-104.695816,0.28443,12.081673,-0.034961,0.001018
1.000001,39.899307,-104.695816,0.284661,12.082421,-0.033771,0.00022
1.000001,39.899307,-104.695816,0.284552,12.080208,-0.035276,0.000548
1.000001,39.899307,-104.695816,0.284559,12.081081,-0.032139,0.000103
1.000001,39.899307,-104.695816,0.284458,12.080815,-0.034218,0.000138
1.000001,39.899307,-104.695816,0.28436,12.080643,-0.037891,0.000836
1.000001,39.899307,-104.695816,0.284347,12.079643,-0.035208,0.000394
1.000001,39.899307,-104.695816,0.284537,12.080975,-0.034939,8.9e-05
1.000001,39.899307,-104.695816,0.28467,12.081646,-0.040075,0.000623
1.000001,39.899307,-104.695816,0.284614,12.081979,-0.033511,9.9e-05
1.000001,39.899307,-104.695816,0.284465,12.077833,-0.033654,0.000917
1.000001,39.899307,-104.695816,0.284762,12.082988,-0.033348,0.000676
1.000001,39.899307,-104.695816,0.284314,12.080198,-0.032861,0.000407
1.000001,39.899307,-104.695816,0.284503,12.081253,-0.041834,0.000802
1.000002,39.899307,-104.695816,0.284453,12.080152,-0.033962,0.000466
1.000001,39.899307,-104.695816,0.284578,12.078465,-0.039194,0.000487
1.000958,39.899307,-104.695816,0.284384,12.079609,-0.037551,0.000707
1.000001,39.899307,-104.695816,0.284471,12.080707,-0.035309,0.000352
1.000001,39.899307,-104.695816,0.284608,12.081468,-0.036061,0.000556
1.000001,39.899307,-104.695816,0.284468,12.080172,-0.034631,0.000493
1.000001,39.899307,-104.695816,0.284338,12.079314,-0.032714,0.000441
1.000001,39.899307,-104.695816,0.284674,12.081467,-0.037064,0.000781
1.000001,39.899307,-104.695816,0.284597,12.07993,-0.03541,0.000244
1.000001,39.899307,-104.695816,0.284419,12.080324,-0.034731,0.000275
1.000001,39.899307,-104.695816,0.284614,12.081673,-0.038765,0.000481
1.000001,39.899307,-104.695816,0.284497,12.080206,-0.040276,0.001201
1.000001,39.899307,-104.695816,0.284583,12.081324,-0.037888,0.000486
1.000001,39.899307,-104.695816,0.284576,12.081863,-0.035742,0.000401
1.000001,39.899307,-104.695816,0.284481,12.080255,-0.03288,0.000398
1.000001,39.899307,-104.695816,0.284778,12.081961,-0.033604,0.000878
1.000001,39.899307,-104.695816,0.284499,12.080859,-0.037804,0.000487
1.000879,39.899307,-104.695816,0.284396,12.080493,-0.035305,0.000228
1.000001,39.899307,-104.695816,0.284628,12.081246,-0.04045,0.000161
1.000001,39.899307,-104.695816,0.284518,12.081179,-0.038906,0.000445
1.000001,39.899307,-104.695816,0.284426,12.080297,-0.036734,0.00021
1.000001,39.899307,-104.695816,0.284383,12.080341,-0.034808,0.000263
1.000001,39.899307,-104.695816,0.284649,12.081749,-0.037517,0.000717
1.000001,39.899307,-104.695816,0.284404,12.080347,-0.034306,0.000188
1.000001,39.899307,-104.695816,0.284568,12.081037,-0.03635,0.000423
1.000001,39.899307,-104.695816,0.284468,12.081047,-0.037175,0.000977
1.000001,39.899307,-104.695816,0.284298,12.079904,-0.032598,0.000878
1.000001,39.899307,-104.695816,0.284628,12.081208,-0.039189,0.000607
1.000001,39.899307,-104.695816,0.284673,12.081154,-0.034904,0.000352
1.000001,39.899307,-104.695816,0.284475,12.080559,-0.036314,0.00036
1.000001,39.899307,-104.695816,0.284602,12.081386,-0.0365,0.001217
1.000001,39.899307,-104.695816,0.284581,12.081498,-0.035958,0.000673
1.000001,39.899307,-104.695816,0.284447,12.080828,-0.035811,0.000892
1.000001,39.899307,-104.695816,0.28447,12.082767,-0.03602,0.000959
1.000001,39.899307,-104.695816,0.284519,12.080613,-0.036314,0.000234
1.000001,39.899307,-104.695816,0.284559,12.080652,-0.032409,0.000674
1.000001,39.899307,-104.695816,0.284634,12.081415,-0.03585,0.000346
1.000001,39.899307,-104.695816,0.284453,12.079945,-0.031991,0.000638
1.000001,39.899307,-104.695816,0.284671,12.081855,-0.032202,0.000402
1.000001,39.899307,-104.695816,0.284642,12.081633,-0.035437,0.000353
1.000001,39.899307,-104.695816,0.284546,12.080759,-0.03634,0.000309
1.000001,39.899307,-104.695816,0.284631,12.082371,-0.036908,0.000689
1.000001,39.899307,-104.695816,0.284605,12.081139,-0.035095,0.000141
1.000001,39.899307,-104.695816,0.284736,12.082161,-0.038288,0.000578
1.000001,39.899307,-104.695816,0.284705,12.081488,-0.033239,0.000736
1.000001,39.899307,-104.695816,0.284495,12.080962,-0.032678,0.00024
1.000001,39.899307,-104.695816,0.28468,12.081943,-0.039221,0.000285
1.000001,39.899307,-104.695816,0.284511,12.080874,-0.035903,0.000176
1.000007,39.899307,-104.695816,0.284634,12.081014,-0.036368,0.001144
1.000001,39.899307,-104.695816,0.284511,12.080872,-0.034771,0.000655
1.000001,39.899307,-104.695816,0.284557,12.081382,-0.036658,0.000199
1.000001,39.899307,-104.695816,0.284544,12.080925,-0.036586,0.000888
1.000001,39.899307,-104.695816,0.28444,12.081094,-0.031588,0.000402
1.000001,39.899307,-104.695816,0.284654,12.081681,-0.036281,0.000444
1.000001,39.899307,-104.695816,0.284376,12.080061,-0.038779,0.000715
1.000001,39.899307,-104.695816,0.284685,12.08214,-0.039304,0.0006
1.000001,39.899307,-104.695816,0.284575,12.081399,-0.034147,0.000691
1.000001,39.899307,-104.695816,0.284623,12.081049,-0.037664,0.000726
1.000001,39.899307,-104.695816,0.284494,12.081329,-0.035771,0.000265
1.000002,39.899307,-104.695816,0.284619,12.081393,-0.036949,0.000286
1.000001,39.899307,-104.695816,0.284695,12.081651,-0.035493,0.001264
1.000001,39.899307,-104.695816,0.284648,12.081797,-0.03313,0.000753
1.000001,39.899307,-104.695816,0.284438,12.081499,-0.037902,0.000325
1.000001,39.899307,-104.695816,0.284688,12.081176,-0.038408,0.000706
1.000001,39.899307,-104.695816,0.284622,12.081941,-0.030806,0.000634
1.000001,39.899307,-104.695816,0.28439,12.080375,-0.037695,0.000682
1.000001,39.899307,-104.695816,0.284475,12.079499,-0.038095,0.000857
1.000001,39.899307,-104.695816,0.284646,12.081226,-0.032001,0.000247
1.000001,39.899307,-104.695816,0.284392,12.080473,-0.03219,0.000418
1.000001,39.899307,-104.695816,0.284523,12.07908,-0.0368,0.0011
1.000001,39.899307,-104.695816,0.284516,12.080376,-0.037345,0.000654
1.000001,39.899307,-104.695816,0.284596,12.082168,-0.032082,0.001097
1.000001,39.899307,-104.695816,0.28454,12.08259,-0.037067,0.000173
1.000001,39.899307,-104.695816,0.284498,12.08138,-0.037366,0.000201
1.000001,39.899307,-104.695816,0.284856,12.083965,-0.03768,0.001095
1.000001,39.899307,-104.695816,0.284439,12.079639,-0.031737,0.000304
1.000001,39.899307,-104.695816,0.284579,12.080545,-0.038077,0.000466
1.000001,39.899307,-104.695816,0.284514,12.080652,-0.039421,0.000295
1.000001,39.899307,-104.695816,0.284405,12.08047,-0.034564,0.000602
1.000001,39.899307,-104.695816,0.284717,12.080992,-0.035075,0.000696
1.000001,39.899307,-104.695816,0.284563,12.080902,-0.034359,0.000174
1.000001,39.899307,-104.695816,0.284609,12.081719,-0.037046,0.000575
1.000001,39.899307,-104.695816,0.284497,12.080223,-0.030517,0.000431
1.000001,39.899307,-104.695816,0.284561,12.08157,-0.039663,0.000279
1.000001,39.899307,-104.695816,0.284566,12.079729,-0.031185,0.00063
1.000001,39.899307,-104.695816,0.284621,12.080519,-0.039769,0.000357
1.000001,39.899307,-104.695816,0.284618,12.080998,-0.032604,9.6e-05
1.000001,39.899307,-104.695816,0.284542,12.081996,-0.032636,0.000448
1.000001,39.899307,-104.695816,0.284594,12.080021,-0.036825,0.000653
1.000002,39.899307,-104.695816,0.284556,12.081097,-0.035757,0.000332
1.000001,39.899307,-104.695816,0.284922,12.083263,-0.032306,0.00037
1.000001,39.899307,-104.695816,0.284498,12.08069,-0.037227,0.000299
1.000001,39.899307,-104.695816,0.284827,12.082445,-0.033149,0.000258
1.000001,39.899307,-104.695816,0.284676,12.08241,-0.040159,0.00057
1.000001,39.899307,-104.695816,0.284786,12.082558,-0.03963,0.000247
1.000001,39.899307,-104.695816,0.284704,12.081361,-0.039428,0.000287
1.000001,39.899307,-104.695816,0.284524,12.081193,-0.036926,0.000289
1.000001,39.899307,-104.695816,0.284666,12.081593,-0.036414,0.000241
1.000001,39.899307,-104.695816,0.284679,12.081738,-0.036241,0.000492
1.000001,39.899307,-104.695816,0.28464,12.08139,-0.03578,0.00057
1.000001,39.899307,-104.695816,0.284552,12.081808,-0.038498,0.000132
1.000001,39.899307,-104.695816,0.284647,12.081022,-0.038257,0.000368
1.000001,39.899307,-104.695816,0.2847,12.082099,-0.037377,0.000425
1.000001,39.899307,-104.695816,0.284544,12.081021,-0.033323,0.000446
1.000001,39.899307,-104.695816,0.284509,12.080779,-0.035505,0.000377
1.000001,39.899307,-104.695816,0.28457,12.081227,-0.033557,0.000263
1.000001,39.899307,-104.695816,0.284427,12.079919,-0.031161,0.000747
1.000001,39.899307,-104.695816,0.284678,12.081198,-0.03874,0.000459
1.000001,39.899307,-104.695816,0.28469,12.081867,-0.032862,0.000409
1.000001,39.899307,-104.695816,0.284778,12.082146,-0.039297,0.000133
1.000001,39.899307,-104.695816,0.2847,12.081258,-0.035,0.000328
1.000001,39.899307,-104.695816,0.284726,12.081435,-0.035492,0.000376
1.000001,39.899307,-104.695816,0.284779,12.081976,-0.040308,0.000816
1.000001,39.899307,-104.695816,0.284664,12.081432,-0.036085,0.000649
1.000001,39.899307,-104.695816,0.284622,12.081092,-0.035302,0.000686
1.000001,39.899307,-104.695816,0.284593,12.081839,-0.033545,0.000374
1.000001,39.899307,-104.695816,0.284576,12.08174,-0.037002,0.000445
1.000001,39.899307,-104.695816,0.284658,12.08216,-0.03662,0.000407
1.000001,39.899307,-104.695816,0.284357,12.080652,-0.034938,0.000231
1.000001,39.899307,-104.695816,0.284483,12.080239,-0.036287,0.000384
1.000001,39.899307,-104.695816,0.284551,12.080729,-0.037359,0.000378
1.000001,39.899307,-104.695816,0.284614,12.080777,-0.036703,0.00011
1.000001,39.899307,-104.695816,0.284679,12.081434,-0.036493,8.2e-05
1.000001,39.899307,-104.695816,0.284664,12.079564,-0.034512,0.001445
1.000001,39.899307,-104.695816,0.284574,12.081022,-0.039117,0.00037
1.000001,39.899307,-104.695816,0.284647,12.081944,-0.033167,0.000657
1.000001,39.899307,-104.695816,0.284585,12.080665,-0.037845,0.000454
1.000001,39.899307,-104.695816,0.284565,12.082002,-0.034651,0.000726
1.000001,39.899307,-104.695816,0.284495,12.08045,-0.038182,0.000472
1.000001,39.899307,-104.695816,0.284505,12.080682,-0.032124,0.000358
1.000001,39.899307,-104.695816,0.284571,12.080636,-0.037791,0.000592
1.000001,39.899307,-104.695816,0.284582,12.080022,-0.032919,0.000878
1.000001,39.899307,-104.695816,0.284572,12.081224,-0.032455,0.000248
1.000001,39.899307,-104.695816,0.284617,12.081406,-0.034265,0.000145
1.000001,39.899307,-104.695816,0.284732,12.081516,-0.039205,0.000323
1.000001,39.899307,-104.695816,0.284611,12.081349,-0.034259,0.000677
1.000001,39.899307,-104.695816,0.284678,12.081973,-0.041017,0.000473
1.000001,39.899307,-104.695816,0.284461,12.080162,-0.033284,0.000811
1.000001,39.899307,-104.695816,0.284478,12.080182,-0.03557,0.000294
1.000001,39.899307,-104.695816,0.284708,12.081885,-0.036153,0.000636
1.000001,39.899307,-104.695816,0.284716,12.081504,-0.035074,0.000486
1.000001,39.899307,-104.695816,0.284463,12.081157,-0.032022,0.000396
1.000001,39.899307,-104.695816,0.284424,12.080907,-0.033889,0.000962
1.000001,39.899307,-104.695816,0.284609,12.078992,-0.035765,0.000966
1.000001,39.899307,-104.695816,0.284548,12.080872,-0.033595,0.000756
1.000001,39.899307,-104.695816,0.284559,12.08066,-0.036262,0.000211
1.000001,39.899307,-104.695816,0.284752,12.082726,-0.032026,0.000652
1.000001,39.899307,-104.695816,0.28452,12.08152,-0.036938,0.000228
1.000001,39.899307,-104.695816,0.284469,12.079738,-0.039156,0.000437
1.000001,39.899307,-104.695816,0.284389,12.08014,-0.03505,0.000566
1.000001,39.899307,-104.695816,0.284667,12.081186,-0.034986,0.000158
1.000001,39.899307,-104.695816,0.284736,12.081097,-0.03841,0.000718
1.000001,39.899307,-104.695816,0.284704,12.082604,-0.033402,0.000519
1.000001,39.899307,-104.695816,0.28469,12.081747,-0.035385,0.000859
1.000001,39.899307,-104.695816,0.284793,12.082364,-0.035515,0.000886
1.000001,39.899307,-104.695816,0.284528,12.080314,-0.034658,0.000338
1.000001,39.899307,-104.695816,0.284484,12.081359,-0.042225,0.000134
1.000001,39.899307,-104.695816,0.284744,12.080921,-0.036851,0.000499
1.000001,39.899307,-104.695816,0.284643,12.080851,-0.039334,0.000741
1.000001,39.899307,-104.695816,0.284588,12.080893,-0.035516,0.000641
1.000001,39.899307,-104.695816,0.284622,12.080693,-0.034841,0.000381
1.000001,39.899307,-104.695816,0.28461,12.081642,-0.038088,0.000344
1.000001,39.899307,-104.695816,0.284508,12.078852,-0.036429,0.000726
1.000001,39.899307,-104.695816,0.284483,12.079947,-0.034356,0.00066
1.000001,39.899307,-104.695816,0.284808,12.081744,-0.038111,0.00055
1.000001,39.899307,-104.695816,0.284775,12.081138,-0.035682,0.000812
1.000001,39.899307,-104.695816,0.284535,12.080037,-0.034407,0.000551
1.000001,39.899307,-104.695816,0.284659,12.08233,-0.042054,0.000684
1.000001,39.899307,-104.695816,0.284691,12.081241,-0.04381,0.000386
1.000001,39.899307,-104.695816,0.284702,12.082165,-0.036012,0.001047
1.000001,39.899307,-104.695816,0.284631,12.081619,-0.033728,0.0005
1.000001,39.899307,-104.695816,0.284692,12.082051,-0.036156,0.00035
1.005595,39.899307,-104.695816,0.284961,12.08271,-0.032739,0.000539
1.000001,39.899307,-104.695816,0.284577,12.080901,-0.037134,0.000283
1.000001,39.899307,-104.695816,0.28447,12.079482,-0.03105,0.000553
1.000001,39.899307,-104.695816,0.284738,12.08157,-0.040387,0.000771
1.000001,39.899307,-104.695816,0.284841,12.082043,-0.036466,0.000473
1.000001,39.899307,-104.695816,0.284604,12.080675,-0.035518,0.000237
1.000001,39.899307,-104.695816,0.284519,12.08116,-0.034299,0.00014
1.000001,39.899307,-104.695816,0.284679,12.081445,-0.036894,0.000415
1.000001,39.899307,-104.695816,0.284567,12.081184,-0.032149,0.000685
1.000001,39.899307,-104.695816,0.284836,12.082708,-0.03433,0.00037
1.000001,39.899307,-104.695816,0.284599,12.080956,-0.0366,0.000197
1.000001,39.899307,-104.695816,0.284581,12.08092,-0.035378,0.000837
1.000001,39.899307,-104.695816,0.284625,12.080917,-0.039759,0.0008
1.000001,39.899307,-104.695816,0.284794,12.082034,-0.033312,0.000348
1.000001,39.899307,-104.695816,0.284513,12.080719,-0.037416,0.00032
1.000001,39.899307,-104.695816,0.284492,12.080122,-0.037182,0.000774
1.000001,39.899307,-104.695816,0.284578,12.080393,-0.036294,0.000211
1.000001,39.899307,-104.695816,0.284782,12.082433,-0.041425,0.000322
1.000001,39.899307,-104.695816,0.284627,12.080647,-0.035941,0.000206
1.000001,39.899307,-104.695816,0.284489,12.079664,-0.034681,0.000466
1.000001,39.899307,-104.695816,0.284569,12.081438,-0.033481,0.000753
1.000001,39.899307,-104.695816,0.284838,12.08208,-0.035426,0.00016
1.000001,39.899307,-104.695816,0.284632,12.081366,-0.031859,0.000374
1.000001,39.899307,-104.695816,0.284845,12.082815,-0.033765,0.00052
1.000001,39.899307,-104.695816,0.284842,12.082832,-0.033999,0.000551
1.000001,39.899307,-104.695816,0.284724,12.081119,-0.034702,0.000343
1.006421,39.899307,-104.695816,0.284626,12.081447,-0.036031,0.000745
1.000001,39.899307,-104.695816,0.284618,12.080992,-0.035795,0.000485
1.000001,39.899307,-104.695816,0.284843,12.081944,-0.037093,0.00045
1.000001,39.899307,-104.695816,0.284758,12.08148,-0.034034,0.000261
1.000001,39.899307,-104.695816,0.284511,12.080983,-0.032285,0.000303
1.000001,39.899307,-104.695816,0.284819,12.081879,-0.036032,0.000652
1.000001,39.899307,-104.695816,0.284648,12.079086,-0.032928,0.000913
1.000001,39.899307,-104.695816,0.284906,12.083332,-0.035936,0.000781
1.000001,39.899307,-104.695816,0.28454,12.081032,-0.034698,0.000575
1.000001,39.899307,-104.695816,0.284696,12.081757,-0.037624,0.000291
1.000001,39.899307,-104.695816,0.284858,12.082279,-0.03572,0.000327
1.000001,39.899307,-104.695816,0.284678,12.081455,-0.033186,0.000779
1.000001,39.899307,-104.695816,0.284632,12.081856,-0.03384,0.000732
1.000001,39.899307,-104.695816,0.284591,12.081151,-0.036204,0.000422
1.000001,39.899307,-104.695816,0.284795,12.081862,-0.037004,0.000526
1.000001,39.899307,-104.695816,0.284688,12.080931,-0.032304,0.000534
1.000001,39.899307,-104.695816,0.284703,12.082453,-0.03518,0.000264
1.000001,39.899307,-104.695816,0.284538,12.080379,-0.036213,0.000672
1.000001,39.899307,-104.695816,0.284743,12.082473,-0.038193,0.000441
1.000001,39.899307,-104.695816,0.284637,12.081057,-0.039993,0.000513
1.000001,39.899307,-104.695816,0.284889,12.083872,-0.036599,0.000221
1.000002,39.899307,-104.695816,0.284657,12.081461,-0.037562,0.000999
1.000242,39.899307,-104.695816,0.284876,12.082828,-0.033544,0.000893
1.000001,39.899307,-104.695816,0.284741,12.081116,-0.0358,0.000586
1.000001,39.899307,-104.695816,0.284736,12.079317,-0.038079,0.00124
1.000001,39.899307,-104.695816,0.284732,12.081656,-0.035117,0.000451
1.000001,39.899307,-104.695816,0.284731,12.081529,-0.032799,0.00053
1.000001,39.899307,-104.695816,0.284548,12.081018,-0.035415,0.000499
1.000001,39.899307,-104.695816,0.284798,12.081551,-0.033392,0.000775
1.000001,39.899307,-104.695816,0.284735,12.081386,-0.037287,0.000519
1.000001,39.899307,-104.695816,0.28473,12.081312,-0.03326,0.000685
1.000001,39.899307,-104.695816,0.284639,12.081782,-0.036997,0.000712
1.000001,39.899307,-104.695816,0.284619,12.082277,-0.037615,0.000144
1.000001,39.899307,-104.695816,0.284904,12.082746,-0.039715,0.000409
1.000001,39.899307,-104.695816,0.284553,12.08106,-0.03418,0.00055
1.000001,39.899307,-104.695816,0.28479,12.082202,-0.037979,0.000749
1.000001,39.899307,-104.695816,0.284742,12.081528,-0.038815,0.000187
1.000001,39.899307,-104.695816,0.284594,12.081376,-0.035913,0.000341
1.000001,39.899307,-104.695816,0.28473,12.082067,-0.034906,0.000315
1.000001,39.899307,-104.695816,0.284774,12.082043,-0.033863,0.000384
1.000001,39.899307,-104.695816,0.284815,12.08149,-0.036687,0.000451
1.000001,39.899307,-104.695816,0.284556,12.081104,-0.02876,0.000648
1.000001,39.899307,-104.695816,0.28467,12.082003,-0.037486,0.00052
1.000001,39.899307,-104.695816,0.284712,12.080512,-0.03346,0.00068
1.000001,39.899307,-104.695816,0.284737,12.081835,-0.038091,0.000691
1.000013,39.899307,-104.695816,0.284767,12.081135,-0.033983,0.000463
1.000001,39.899307,-104.695816,0.284596,12.081296,-0.032127,0.001194
1.000001,39.899307,-104.695816,0.284732,12.08073,-0.039382,0.000628
1.000001,39.899307,-104.695816,0.284667,12.081414,-0.034731,0.000291
1.000001,39.899307,-104.695816,0.284868,12.082837,-0.034427,0.001485
1.000001,39.899307,-104.695816,0.284733,12.081155,-0.035553,0.000419
1.000001,39.899307,-104.695816,0.284874,12.081664,-0.035054,0.000777
1.000001,39.899307,-104.695816,0.284805,12.081072,-0.038787,0.000893
1.000001,39.899307,-104.695816,0.284785,12.081558,-0.039893,0.001008
1.000001,39.899307,-104.695816,0.284876,12.082476,-0.036773,0.000478
1.00068,39.899307,-104.695816,0.28451,12.080815,-0.035648,0.000157
1.000001,39.899307,-104.695816,0.284677,12.082099,-0.034559,0.000236
1.000001,39.899307,-104.695816,0.284847,12.082839,-0.038243,0.000605
1.000001,39.899307,-104.695816,0.284795,12.082478,-0.034323,0.000363
1.000001,39.899307,-104.695816,0.284658,12.081282,-0.035554,0.000438
1.000001,39.899307,-104.695816,0.284744,12.082654,-0.037472,0.000527
1.000001,39.899307,-104.695816,0.284662,12.081464,-0.036243,0.000794
1.000001,39.899307,-104.695816,0.284737,12.081781,-0.032305,0.000536
1.000001,39.899307,-104.695816,0.284573,12.080791,-0.034116,0.000107
1.000001,39.899307,-104.695816,0.284667,12.080768,-0.032892,0.000532
1.000001,39.899307,-104.695816,0.284603,12.082211,-0.030804,0.001159
1.000001,39.899307,-104.695816,0.284726,12.081458,-0.036155,0.000321
1.000001,39.899307,-104.695816,0.284773,12.081589,-0.0353,0.000345
1.000001,39.899307,-104.695816,0.284843,12.082164,-0.039169,0.000753
1.000001,39.899307,-104.695816,0.284801,12.082685,-0.03462,0.000635
1.000001,39.899307,-104.695816,0.284894,12.082661,-0.034855,0.000529
1.000001,39.899307,-104.695816,0.284588,12.080437,-0.037597,0.000313
1.000001,39.899307,-104.695816,0.284824,12.082441,-0.036031,0.00024
1.000001,39.899307,-104.695816,0.284819,12.081517,-0.034454,0.000157
1.000001,39.899307,-104.695816,0.284676,12.08124,-0.034283,0.000316
1.000001,39.899307,-104.695816,0.284733,12.08274,-0.037182,0.000252
1.000001,39.899307,-104.695816,0.284581,12.080438,-0.033934,0.0002
1.000001,39.899307,-104.695816,0.284634,12.081601,-0.033246,0.000339
1.000001,39.899307,-104.695816,0.284774,12.081987,-0.034629,0.000328
1.000001,39.899307,-104.695816,0.28476,12.082551,-0.040772,0.000322
1.000001,39.899307,-104.695816,0.28464,12.080656,-0.035321,0.000238
1.000001,39.899307,-104.695816,0.284804,12.082004,-0.036174,0.000311
1.000001,39.899307,-104.695816,0.284934,12.08324,-0.036443,0.0001
1.000001,39.899307,-104.695816,0.284611,12.080663,-0.039208,0.000571
1.000001,39.899307,-104.695816,0.28479,12.081348,-0.034935,0.000336
1.000001,39.899307,-104.695816,0.284671,12.08117,-0.037748,0.000817
1.000001,39.899307,-104.695816,0.284565,12.08094,-0.034446,0.000215
1.000001,39.899307,-104.695816,0.28471,12.081137,-0.038492,0.001097
1.000001,39.899307,-104.695816,0.28465,12.081376,-0.033275,0.000281
1.000001,39.899307,-104.695816,0.284728,12.081223,-0.039501,0.000295
1.000001,39.899307,-104.695816,0.284889,12.082936,-0.034813,0.000276
1.000001,39.899307,-104.695816,0.284663,12.081373,-0.0317,0.000346
1.000001,39.899307,-104.695816,0.284771,12.082801,-0.030623,0.000254
1.000001,39.899307,-104.695816,0.284766,12.081256,-0.038966,0.000376
1.000001,39.899307,-104.695816,0.284619,12.081418,-0.036761,0.000356
1.000001,39.899307,-104.695816,0.284659,12.081702,-0.040031,0.000592
1.000001,39.899307,-104.695816,0.284588,12.080791,-0.033737,0.000307
1.000001,39.899307,-104.695816,0.28459,12.081697,-0.035535,0.000261
1.000001,39.899307,-104.695816,0.284811,12.082327,-0.034552,7.7e-05
1.000001,39.899307,-104.695816,0.284679,12.080952,-0.033924,0.000374
1.000001,39.899307,-104.695816,0.284691,12.081439,-0.0349,0.000105
1.000001,39.899307,-104.695816,0.284687,12.081412,-0.033401,0.000569
1.000001,39.899307,-104.695816,0.284793,12.082019,-0.034771,0.000392
1.000001,39.899307,-104.695816,0.284526,12.081137,-0.032597,0.000911
1.000001,39.899307,-104.695816,0.284697,12.081599,-0.038393,0.000361
1.000001,39.899307,-104.695816,0.284824,12.08264,-0.035524,0.000291
1.000001,39.899307,-104.695816,0.28475,12.080667,-0.035867,0.000449
1.000001,39.899307,-104.695816,0.284556,12.079982,-0.035925,0.000334
1.001996,39.899307,-104.695816,0.284537,12.081168,-0.034665,0.000365
1.000001,39.899307,-104.695816,0.284803,12.082172,-0.031974,0.000753
1.000001,39.899307,-104.695816,0.284671,12.080129,-0.034122,0.000362
1.000001,39.899307,-104.695816,0.284707,12.081737,-0.034959,0.001119
1.000001,39.899307,-104.695816,0.284774,12.082208,-0.037963,0.000324
1.000001,39.899307,-104.695816,0.284836,12.082743,-0.03527,0.000886
1.000001,39.899307,-104.695816,0.284762,12.081402,-0.036364,0.000256
1.000001,39.899307,-104.695816,0.284748,12.081695,-0.039995,0.000919
1.000001,39.899307,-104.695816,0.284731,12.082433,-0.035829,0.000416
1.000001,39.899307,-104.695816,0.284684,12.080937,-0.035235,0.000504
1.000001,39.899307,-104.695816,0.28475,12.082383,-0.036209,0.000509
1.000001,39.899307,-104.695816,0.284793,12.081596,-0.034212,4.3e-05
1.000001,39.899307,-104.695816,0.284732,12.081017,-0.037144,0.000286
1.000001,39.899307,-104.695816,0.284743,12.081576,-0.036196,0.000962
1.000001,39.899307,-104.695816,0.2847,12.081141,-0.035729,0.000506
1.000001,39.899307,-104.695816,0.284775,12.080902,-0.035753,0.000329
1.000001,39.899307,-104.695816,0.284791,12.081613,-0.039137,0.000354
1.000001,39.899307,-104.695816,0.284707,12.082045,-0.036055,0.000191
1.000001,39.899307,-104.695816,0.284633,12.080903,-0.03963,0.000688
1.000001,39.899307,-104.695816,0.284959,12.082723,-0.041711,0.000272
1.000001,39.899307,-104.695816,0.284725,12.081808,-0.030675,0.000554
1.000001,39.899307,-104.695816,0.284683,12.081547,-0.033192,0.000549
1.000001,39.899307,-104.695816,0.28485,12.0818,-0.03732,0.000542
1.000001,39.899307,-104.695816,0.284802,12.081978,-0.035022,0.000556
1.000001,39.899307,-104.695816,0.28476,12.081736,-0.037599,0.000384
1.000001,39.899307,-104.695816,0.284661,12.081416,-0.032088,0.0009
1.000001,39.899307,-104.695816,0.284727,12.082023,-0.036922,0.00033
1.000001,39.899307,-104.695816,0.284908,12.082636,-0.034732,0.00055
1.000001,39.899307,-104.695816,0.284518,12.081283,-0.037813,0.000714
1.000001,39.899307,-104.695816,0.284629,12.082012,-0.03411,0.000199
1.000001,39.899307,-104.695816,0.284932,12.082895,-0.038518,0.000534
1.000001,39.899307,-104.695816,0.284819,12.0818,-0.036178,0.000622
1.000001,39.899307,-104.695816,0.284902,12.083044,-0.037721,0.000675
1.000001,39.899307,-104.695816,0.284744,12.081451,-0.038757,0.000574
1.001297,39.899307,-104.695816,0.28476,12.082099,-0.03652,0.000213
1.000001,39.899307,-104.695816,0.284664,12.080517,-0.036914,0.001217
1.000001,39.899307,-104.695816,0.284704,12.080946,-0.033941,0.00021
1.000001,39.899307,-104.695816,0.28475,12.081904,-0.037559,0.000731
1.000001,39.899307,-104.695816,0.284659,12.080966,-0.037206,0.000662
1.000001,39.899307,-104.695816,0.284687,12.080917,-0.036477,0.000614
1.000001,39.899307,-104.695816,0.284901,12.081555,-0.040784,0.001213
1.000001,39.899307,-104.695816,0.284804,12.081445,-0.03622,0.000214
1.000001,39.899307,-104.695816,0.284773,12.081977,-0.032283,0.000532
1.000001,39.899307,-104.695816,0.284709,12.07879,-0.033441,0.001037
1.000001,39.899307,-104.695816,0.284919,12.082267,-0.03277,0.000425
1.006243,39.899307,-104.695816,0.284742,12.081186,-0.034853,0.000192
1.000001,39.899307,-104.695816,0.284844,12.08249,-0.035063,0.000511
1.000001,39.899307,-104.695816,0.284983,12.082727,-0.031046,0.001134
1.000001,39.899307,-104.695816,0.284809,12.080729,-0.037457,0.000719
1.000001,39.899307,-104.695816,0.284824,12.082891,-0.034306,0.000432
1.000001,39.899307,-104.695816,0.284688,12.081728,-0.035553,0.000767
1.000001,39.899307,-104.695816,0.284911,12.083607,-0.036637,0.000479
1.000001,39.899307,-104.695816,0.284955,12.081692,-0.033068,0.000688
1.000001,39.899307,-104.695816,0.284687,12.081805,-0.034683,0.000949
1.000001,39.899307,-104.695816,0.284926,12.082167,-0.032822,0.000381
1.000001,39.899307,-104.695816,0.284831,12.081802,-0.033277,0.000314
1.000001,39.899307,-104.695816,0.284956,12.083051,-0.035788,0.000209
1.000001,39.899307,-104.695816,0.2845,12.080918,-0.036428,0.000149
1.000001,39.899307,-104.695816,0.28466,12.080014,-0.036185,0.000268
1.000028,39.899307,-104.695816,0.284897,12.082726,-0.033543,0.000207
1.000001,39.899307,-104.695816,0.284899,12.083151,-0.03609,0.000358
1.000001,39.899307,-104.695816,0.284621,12.080819,-0.033664,0.000449
1.000001,39.899307,-104.695816,0.284742,12.082378,-0.036686,7.1e-05
1.000001,39.899307,-104.695816,0.28489,12.082476,-0.037495,0.000519
1.000001,39.899307,-104.695816,0.284916,12.082516,-0.036088,0.000696
1.000001,39.899307,-104.695816,0.28468,12.082326,-0.035484,0.000773
1.000001,39.899307,-104.695816,0.284699,12.081168,-0.036501,0.000576
1.00223,39.899307,-104.695816,0.284832,12.081643,-0.04023,0.000663
1.000001,39.899307,-104.695816,0.284653,12.081133,-0.041534,0.000138
1.000001,39.899307,-104.695816,0.284833,12.08277,-0.035781,0.00056
1.000001,39.899307,-104.695816,0.284836,12.08192,-0.033922,0.000442
1.000001,39.899307,-104.695816,0.284936,12.083732,-0.032397,0.000934
1.000001,39.899307,-104.695816,0.284875,12.082138,-0.039137,0.000143
1.000001,39.899307,-104.695816,0.284989,12.082866,-0.034895,0.000521
1.000001,39.899307,-104.695816,0.284899,12.082974,-0.035628,0.000548
1.000001,39.899307,-104.695816,0.28481,12.082391,-0.03622,0.00062
1.000001,39.899307,-104.695816,0.284897,12.082866,-0.039988,0.000379
1.000001,39.899307,-104.695816,0.284828,12.082605,-0.033149,0.000392
1.000001,39.899307,-104.695816,0.284753,12.081821,-0.036796,0.000267
1.000001,39.899307,-104.695816,0.28502,12.081384,-0.038994,0.00078
1.000001,39.899307,-104.695816,0.284833,12.08269,-0.038535,0.000658
1.000001,39.899307,-104.695816,0.284655,12.081533,-0.038313,0.000492
1.000001,39.899307,-104.695816,0.284868,12.083165,-0.035176,0.001326
1.000001,39.899307,-104.695816,0.284794,12.08132,-0.036167,0.000265
1.000001,39.899307,-104.695816,0.285076,12.083685,-0.037847,0.000565
1.000001,39.899307,-104.695816,0.284751,12.081458,-0.037541,0.000265
1.000001,39.899307,-104.695816,0.284739,12.081965,-0.034882,0.000253
1.000001,39.899307,-104.695816,0.284728,12.080896,-0.036872,0.000208
1.000001,39.899307,-104.695816,0.285073,12.083857,-0.034349,0.000143
1.000001,39.899307,-104.695816,0.285027,12.082726,-0.035584,0.000374
1.000001,39.899307,-104.695816,0.284725,12.080894,-0.028664,0.000383
1.000001,39.899307,-104.695816,0.284569,12.080075,-0.038265,0.000393
1.000001,39.899307,-104.695816,0.284663,12.079481,-0.036993,0.000585
1.000001,39.899307,-104.695816,0.284763,12.082736,-0.034146,0.000644
1.000001,39.899307,-104.695816,0.28498,12.082436,-0.034415,0.000378
1.000001,39.899307,-104.695816,0.284663,12.080857,-0.037255,0.000299
1.000001,39.899307,-104.695816,0.284887,12.082156,-0.037455,0.000395
1.000001,39.899307,-104.695816,0.284692,12.081559,-0.036163,0.000449
1.000001,39.899307,-104.695816,0.284998,12.082884,-0.038106,0.000235
1.000001,39.899307,-104.695816,0.284891,12.082318,-0.036388,0.000544
1.000001,39.899307,-104.695816,0.284906,12.082645,-0.036465,0.0004
1.000001,39.899307,-104.695816,0.284952,12.083018,-0.037111,0.000533
1.000001,39.899307,-104.695816,0.284687,12.081508,-0.037365,0.000545
1.000001,39.899307,-104.695816,0.284834,12.081585,-0.036638,0.000365
1.000001,39.899307,-104.695816,0.284611,12.081054,-0.033993,0.000269
1.000001,39.899307,-104.695816,0.284852,12.082003,-0.031147,0.000565
1.000001,39.899307,-104.695816,0.284907,12.083416,-0.039994,0.00066
1.000001,39.899307,-104.695816,0.284867,12.082626,-0.03334,0.000176
1.000001,39.899307,-104.695816,0.284734,12.081357,-0.034314,0.000244
1.000001,39.899307,-104.695816,0.2848,12.081928,-0.036494,0.00056
1.000001,39.899307,-104.695816,0.28473,12.08152,-0.038091,0.000398
1.000001,39.899307,-104.695816,0.284806,12.081566,-0.035277,0.000383
1.000001,39.899307,-104.695816,0.28477,12.081545,-0.034875,0.000316
1.000001,39.899307,-104.695816,0.284647,12.080647,-0.035664,0.00062
1.000001,39.899307,-104.695816,0.28477,12.082039,-0.034501,0.000824
1.000001,39.899307,-104.695816,0.284839,12.082115,-0.036307,0.00044
1.000001,39.899307,-104.695816,0.284848,12.081599,-0.03723,0.000405
1.000001,39.899307,-104.695816,0.285098,12.083859,-0.036661,0.000566
1.000001,39.899307,-104.695816,0.284725,12.082106,-0.036183,0.000582
1.000001,39.899307,-104.695816,0.284777,12.081062,-0.035792,0.000287
1.000001,39.899307,-104.695816,0.284674,12.080344,-0.036694,0.000436
1.000001,39.899307,-104.695816,0.284969,12.083023,-0.036872,0.000339
1.000001,39.899307,-104.695816,0.284808,12.08212,-0.033753,0.000464
1.000001,39.899307,-104.695816,0.284677,12.08168,-0.032487,0.000793
1.000001,39.899307,-104.695816,0.284833,12.081972,-0.035757,0.000761
1.000001,39.899307,-104.695816,0.284675,12.080997,-0.034198,0.000393
1.000001,39.899307,-104.695816,0.284736,12.08183,-0.033789,0.00033
1.000001,39.899307,-104.695816,0.284804,12.081797,-0.034727,0.000325
1.000001,39.899307,-104.695816,0.284655,12.082331,-0.040097,0.000884
1.00831,39.899307,-104.695816,0.284838,12.082479,-0.035216,0.000584
1.000001,39.899307,-104.695816,0.284863,12.082376,-0.03425,0.000149
1.000001,39.899307,-104.695816,0.284904,12.08305,-0.03565,0.000728
1.000001,39.899307,-104.695816,0.284673,12.080607,-0.039356,0.000696
1.000001,39.899307,-104.695816,0.284824,12.081873,-0.036677,0.000206
1.000001,39.899307,-104.695816,0.284773,12.081491,-0.037785,0.001087
1.000001,39.899307,-104.695816,0.2847,12.081804,-0.033617,0.000277
1.000001,39.899307,-104.695816,0.284736,12.081499,-0.036566,0.001191
1.000001,39.899307,-104.695816,0.284689,12.081536,-0.03368,0.00051
1.000001,39.899307,-104.695816,0.284857,12.082692,-0.037996,0.000416
1.000001,39.899307,-104.695816,0.284797,12.081605,-0.036877,0.000591
1.000001,39.899307,-104.695816,0.284924,12.083138,-0.032229,0.000353
1.000001,39.899307,-104.695816,0.284892,12.08222,-0.031136,0.000544
1.000001,39.899307,-104.695816,0.284772,12.081178,-0.039549,0.000488
1.000001,39.899307,-104.695816,0.284734,12.081243,-0.037403,0.00024
1.000001,39.899307,-104.695816,0.284821,12.081524,-0.038482,0.000543
1.000001,39.899307,-104.695816,0.284677,12.080198,-0.035194,0.000322
1.000001,39.899307,-104.695816,0.28467,12.080543,-0.033278,0.000182
1.000001,39.899307,-104.695816,0.284901,12.083321,-0.035365,0.000531
1.000001,39.899307,-104.695816,0.284748,12.081398,-0.031899,0.000678
1.000001,39.899307,-104.695816,0.284741,12.081862,-0.034394,0.000207
1.000001,39.899307,-104.695816,0.284853,12.081784,-0.034763,0.000653
1.000001,39.899307,-104.695816,0.284925,12.083305,-0.037345,0.00043
1.000001,39.899307,-104.695816,0.284646,12.081208,-0.034019,0.00065
1.000001,39.899307,-104.695816,0.284699,12.080997,-0.034535,0.000712
1.000001,39.899307,-104.695816,0.284874,12.082905,-0.03382,0.000764
1.000001,39.899307,-104.695816,0.284859,12.081417,-0.033835,0.000349
1.000001,39.899307,-104.695816,0.284697,12.080681,-0.035955,0.000214
1.000001,39.899307,-104.695816,0.284741,12.081899,-0.034295,0.000785
1.000001,39.899307,-104.695816,0.284733,12.081042,-0.032666,0.000811
1.000001,39.899307,-104.695816,0.284781,12.081659,-0.032523,0.000504
1.000001,39.899307,-104.695816,0.284776,12.082183,-0.035645,0.000497
1.000001,39.899307,-104.695816,0.284867,12.082417,-0.037382,0.00052
1.000001,39.899307,-104.695816,0.284908,12.08236,-0.034262,0.000293
1.000001,39.899307,-104.695816,0.284805,12.08174,-0.037366,0.000323
1.000001,39.899307,-104.695816,0.285021,12.083469,-0.039276,0.000393
1.000001,39.899307,-104.695816,0.284791,12.080455,-0.033633,0.000579
1.000001,39.899307,-104.695816,0.284748,12.080912,-0.03486,0.000506
1.000001,39.899307,-104.695816,0.284803,12.082347,-0.035726,0.000244
1.000001,39.899307,-104.695816,0.284876,12.081493,-0.035344,0.000257
1.000001,39.899307,-104.695816,0.284814,12.081873,-0.038819,0.000509
1.000001,39.899307,-104.695816,0.284901,12.082197,-0.033608,0.000201
1.000001,39.899307,-104.695816,0.284924,12.082205,-0.036804,0.000519
1.000001,39.899307,-104.695816,0.284731,12.081017,-0.035074,0.000175
1.000001,39.899307,-104.695816,0.284835,12.080864,-0.038319,0.000387
1.000001,39.899307,-104.695816,0.284823,12.081628,-0.037683,0.000286
1.000001,39.899307,-104.695816,0.284869,12.081849,-0.038381,0.000421
1.000001,39.899307,-104.695816,0.285039,12.083325,-0.038339,0.00045
1.002371,39.899307,-104.695816,0.284865,12.082413,-0.032736,0.000657
1.000001,39.899307,-104.695816,0.28475,12.080896,-0.035988,0.000353
1.000001,39.899307,-104.695816,0.284874,12.08215,-0.037594,0.000317
1.000001,39.899307,-104.695816,0.284777,12.081923,-0.033788,0.000646
1.000001,39.899307,-104.695816,0.284796,12.081528,-0.037939,0.000461
1.000001,39.899307,-104.695816,0.284788,12.081996,-0.032073,0.000633
1.000001,39.899307,-104.695816,0.284679,12.080795,-0.035579,0.000599
1.000001,39.899307,-104.695816,0.284983,12.082716,-0.031926,0.000711
1.000001,39.899307,-104.695816,0.284555,12.080832,-0.040288,0.000346
1.000001,39.899307,-104.695816,0.284731,12.081749,-0.032493,0.000336
1.000001,39.899307,-104.695816,0.28504,12.083369,-0.038274,0.000198
1.000001,39.899307,-104.695816,0.284949,12.08224,-0.035237,0.000324
1.000001,39.899307,-104.695816,0.285011,12.082955,-0.037676,0.000517
1.002471,39.899307,-104.695816,0.284849,12.0818,-0.037038,0.00048
1.000001,39.899307,-104.695816,0.284863,12.081749,-0.034942,0.000546
1.002891,39.899307,-104.695816,0.284831,12.082218,-0.035169,0.000602
1.000001,39.899307,-104.695816,0.284863,12.081291,-0.033638,0.000562
1.000001,39.899307,-104.695816,0.284835,12.081936,-0.036133,0.000876
1.000001,39.899307,-104.695816,0.284931,12.082397,-0.03808,0.000688
1.000001,39.899307,-104.695816,0.28486,12.082125,-0.035942,0.00054
1.000001,39.899307,-104.695816,0.28502,12.081747,-0.03769,0.000664
1.000001,39.899307,-104.695816,0.284913,12.082116,-0.035554,0.000284
1.000001,39.899307,-104.695816,0.284839,12.082192,-0.031647,0.000166
1.000001,39.899307,-104.695816,0.284865,12.082552,-0.034759,0.000473
1.000001,39.899307,-104.695816,0.285001,12.081734,-0.03012,0.000438
1.000001,39.899307,-104.695816,0.284824,12.082098,-0.034777,0.000385
1.000001,39.899307,-104.695816,0.284854,12.081812,-0.035981,0.000652
1.000002,39.899307,-104.695816,0.284949,12.082214,-0.032677,0.000723
1.000001,39.899307,-104.695816,0.284882,12.08204,-0.035248,0.000438
1.000001,39.899307,-104.695816,0.285041,12.083594,-0.033956,0.000361
1.000001,39.899307,-104.695816,0.284866,12.082253,-0.038534,0.000497
1.000001,39.899307,-104.695816,0.284934,12.082759,-0.03683,0.00027
1.000001,39.899307,-104.695816,0.285181,12.083422,-0.031834,0.000341
1.000001,39.899307,-104.695816,0.284871,12.082062,-0.031539,0.000871
1.000001,39.899307,-104.695816,0.285001,12.082282,-0.032237,0.000269
1.000001,39.899307,-104.695816,0.285062,12.083212,-0.034169,8.3e-05
1.000001,39.899307,-104.695816,0.285113,12.083905,-0.037091,0.000135
1.000001,39.899307,-104.695816,0.284664,12.081243,-0.035234,0.000271
1.000001,39.899307,-104.695816,0.284877,12.081299,-0.036355,0.000663
1.000001,39.899307,-104.695816,0.284931,12.083158,-0.032874,0.00042
1.000001,39.899307,-104.695816,0.284912,12.082705,-0.036753,0.000427
1.000001,39.899307,-104.695816,0.28471,12.081244,-0.033145,0.000561
1.000001,39.899307,-104.695816,0.284904,12.082924,-0.036845,0.000476
1.000001,39.899307,-104.695816,0.284952,12.082725,-0.03935,0.000538
1.000001,39.899307,-104.695816,0.284997,12.083038,-0.034827,0.000627
1.000001,39.899307,-104.695816,0.284771,12.081239,-0.033378,0.000485
1.000001,39.899307,-104.695816,0.28499,12.083654,-0.035392,0.000165
1.000001,39.899307,-104.695816,0.28481,12.080917,-0.038944,0.000534
1.000001,39.899307,-104.695816,0.284884,12.082234,-0.039531,0.000556
1.000001,39.899307,-104.695816,0.28499,12.082775,-0.035236,0.000218
1.000001,39.899307,-104.695816,0.285087,12.082768,-0.034202,0.000127
1.000001,39.899307,-104.695816,0.284933,12.083481,-0.034859,0.00148
1.000001,39.899307,-104.695816,0.285037,12.082479,-0.037681,0.000103
1.000001,39.899307,-104.695816,0.285067,12.083082,-0.03297,0.000253
1.000001,39.899307,-104.695816,0.284898,12.082963,-0.037609,0.000954
1.000001,39.899307,-104.695816,0.284749,12.082141,-0.038611,0.000171
1.000001,39.899307,-104.695816,0.28503,12.082988,-0.039991,0.001547
1.000001,39.899307,-104.695816,0.284826,12.082629,-0.033114,0.000343
1.000001,39.899307,-104.695816,0.284825,12.08302,-0.037454,0.000849
1.000001,39.899307,-104.695816,0.285015,12.081059,-0.040435,0.000591
1.000001,39.899307,-104.695816,0.285046,12.083264,-0.03668,0.000882
1.000001,39.899307,-104.695816,0.284758,12.081023,-0.037407,0.000625
1.000001,39.899307,-104.695816,0.284967,12.082307,-0.03488,0.000373
1.000001,39.899307,-104.695816,0.284956,12.082794,-0.035702,0.000291
1.000001,39.899307,-104.695816,0.285186,12.083182,-0.038328,0.0008
1.000001,39.899307,-104.695816,0.284884,12.082661,-0.03568,0.000584
1.000001,39.899307,-104.695816,0.284839,12.081382,-0.036734,0.000487
1.000001,39.899307,-104.695816,0.284805,12.080634,-0.037164,0.000574
1.000001,39.899307,-104.695816,0.285079,12.083552,-0.03482,0.000532
1.000001,39.899307,-104.695816,0.28526,12.084069,-0.033152,0.00033
1.000001,39.899307,-104.695816,0.28478,12.081779,-0.031403,0.000953
1.000001,39.899307,-104.695816,0.284634,12.080777,-0.036648,0.000581
1.000001,39.899307,-104.695816,0.284714,12.081064,-0.038645,0.000131
1.000001,39.899307,-104.695816,0.284673,12.082329,-0.033523,0.001206
1.000001,39.899307,-104.695816,0.285079,12.083253,-0.034256,0.000169
1.000001,39.899307,-104.695816,0.284719,12.08031,-0.040774,0.000738
1.000001,39.899307,-104.695816,0.284914,12.081684,-0.034143,0.00032
1.000001,39.899307,-104.695816,0.284873,12.081856,-0.037571,0.000407
1.000001,39.899307,-104.695816,0.285081,12.08285,-0.038784,0.001177
1.000001,39.899307,-104.695816,0.284957,12.081903,-0.034681,6e-05
1.000001,39.899307,-104.695816,0.285001,12.082997,-0.03524,0.000287
1.000001,39.899307,-104.695816,0.285018,12.082789,-0.032791,0.000202
1.000001,39.899307,-104.695816,0.284807,12.081107,-0.038229,0.000172
1.000001,39.899307,-104.695816,0.284911,12.081782,-0.035326,0.000331
1.000001,39.899307,-104.695816,0.284749,12.080283,-0.034151,0.000435
1.000001,39.899307,-104.695816,0.284934,12.082393,-0.032189,0.000411
1.000006,39.899307,-104.695816,0.28498,12.082927,-0.041131,0.000784
1.000001,39.899307,-104.695816,0.28486,12.082133,-0.034898,0.000334
1.000001,39.899307,-104.695816,0.284917,12.082712,-0.032901,0.00058
1.000001,39.899307,-104.695816,0.284909,12.081635,-0.037684,0.000181
1.000001,39.899307,-104.695816,0.284826,12.081312,-0.039648,0.000501
1.000001,39.899307,-104.695816,0.285056,12.082275,-0.036817,0.00043
1.000001,39.899307,-104.695816,0.284885,12.081793,-0.033241,0.000396
1.000001,39.899307,-104.695816,0.284754,12.08145,-0.039632,0.000479
1.000001,39.899307,-104.695816,0.284807,12.081646,-0.034931,0.000523
1.000001,39.899307,-104.695816,0.284915,12.082537,-0.034685,0.000564
1.000001,39.899307,-104.695816,0.285,12.082716,-0.038087,0.000155
1.000001,39.899307,-104.695816,0.285156,12.083649,-0.036288,0.000583
1.000001,39.899307,-104.695816,0.284786,12.081663,-0.036324,0.000126
1.000001,39.899307,-104.695816,0.285017,12.082454,-0.03357,0.00044
1.000001,39.899307,-104.695816,0.284915,12.081121,-0.03379,0.000276
1.000001,39.899307,-104.695816,0.285098,12.083361,-0.038687,0.000432
1.000001,39.899307,-104.695816,0.284794,12.080727,-0.037506,0.000325
1.000001,39.899307,-104.695816,0.28474,12.08151,-0.030713,0.000265
1.000001,39.899307,-104.695816,0.284924,12.081793,-0.037913,0.000277
1.000001,39.899307,-104.695816,0.284822,12.081492,-0.038467,0.000169
1.000001,39.899307,-104.695816,0.284918,12.082632,-0.032104,0.000457
1.000001,39.899307,-104.695816,0.284943,12.082666,-0.035878,0.000446
1.000001,39.899307,-104.695816,0.284776,12.081219,-0.038923,0.000577
1.000001,39.899307,-104.695816,0.285005,12.082747,-0.038306,0.000203
1.000001,39.899307,-104.695816,0.285001,12.082611,-0.035433,0.000595
1.000001,39.899307,-104.695816,0.28494,12.082684,-0.038376,0.000419
1.000001,39.899307,-104.695816,0.284861,12.081425,-0.037538,0.000638
1.000001,39.899307,-104.695816,0.285068,12.082913,-0.035734,0.000244
1.000001,39.899307,-104.695816,0.284861,12.082423,-0.035099,0.000677
1.000001,39.899307,-104.695816,0.284805,12.081263,-0.03406,0.000264
1.000001,39.899307,-104.695816,0.284817,12.081569,-0.035277,0.00064
1.000001,39.899307,-104.695816,0.284798,12.081656,-0.035231,0.000269
1.000001,39.899307,-104.695816,0.284979,12.082997,-0.037828,0.000628
1.000001,39.899307,-104.695816,0.284794,12.081914,-0.038968,0.00053
1.000001,39.899307,-104.695816,0.285004,12.082771,-0.034089,0.000321
1.000001,39.899307,-104.695816,0.28477,12.081164,-0.032281,0.000555
1.000001,39.899307,-104.695816,0.284916,12.082441,-0.038482,0.000375
1.000001,39.899307,-104.695816,0.28483,12.081725,-0.03666,0.000562
1.000001,39.899307,-104.695816,0.285068,12.083138,-0.039447,0.000346
1.000001,39.899307,-104.695816,0.284863,12.081663,-0.035623,0.000923
1.000001,39.899307,-104.695816,0.28485,12.081408,-0.03374,0.000222
1.000001,39.899307,-104.695816,0.284877,12.082535,-0.035641,0.000556
1.000001,39.899307,-104.695816,0.284929,12.082972,-0.033373,0.000315
1.000001,39.899307,-104.695816,0.285001,12.082666,-0.035428,0.000188
1.000001,39.899307,-104.695816,0.284856,12.081682,-0.037408,0.000825
1.000001,39.899307,-104.695816,0.284862,12.081629,-0.032988,0.000736
1.000001,39.899307,-104.695816,0.284942,12.079379,-0.037126,0.001174
1.000001,39.899307,-104.695816,0.284896,12.080766,-0.033573,0.000402
1.000001,39.899307,-104.695816,0.284993,12.082754,-0.037423,0.00084
1.000001,39.899307,-104.695816,0.2849,12.08214,-0.034568,0.000302
1.000001,39.899307,-104.695816,0.284922,12.081954,-0.037405,0.000456
1.000001,39.899307,-104.695816,0.284821,12.082109,-0.037477,0.000999
1.000001,39.899307,-104.695816,0.284822,12.08126,-0.03594,0.000638
1.000001,39.899307,-104.695816,0.285065,12.083054,-0.035606,0.000365
1.000001,39.899307,-104.695816,0.284931,12.082412,-0.03545,0.000515
1.000001,39.899307,-104.695816,0.285112,12.084132,-0.0375,0.00036
1.000001,39.899307,-104.695816,0.285025,12.082939,-0.036791,0.00024
1.000001,39.899307,-104.695816,0.285122,12.083499,-0.039201,0.000604
1.000001,39.899307,-104.695816,0.284979,12.082194,-0.03791,0.000729
1.000001,39.899307,-104.695816,0.284928,12.08192,-0.035355,0.000848
1.000001,39.899307,-104.695816,0.284808,12.08143,-0.037776,0.000362
1.000001,39.899307,-104.695816,0.285078,12.082823,-0.036215,0.00108
1.000001,39.899307,-104.695816,0.284999,12.082478,-0.035381,0.00058
1.000001,39.899307,-104.695816,0.284958,12.082049,-0.036532,0.000744
1.000001,39.899307,-104.695816,0.285083,12.083557,-0.036085,0.00054
1.000001,39.899307,-104.695816,0.285032,12.083338,-0.039067,0.000407
1.000001,39.899307,-104.695816,0.284914,12.081929,-0.035166,0.000405
1.008367,39.899307,-104.695816,0.284991,12.082372,-0.038206,0.000523
1.000001,39.899307,-104.695816,0.285001,12.08223,-0.034769,0.000641
1.000001,39.899307,-104.695816,0.284897,12.082248,-0.037367,0.000299
1.000001,39.899307,-104.695816,0.284924,12.082045,-0.03794,0.000203
1.000001,39.899307,-104.695816,0.285015,12.082402,-0.038293,0.000771
1.000001,39.899307,-104.695816,0.284902,12.081988,-0.036251,0.000411
1.000001,39.899307,-104.695816,0.284832,12.081571,-0.033875,0.00053
1.000001,39.899307,-104.695816,0.284788,12.080664,-0.033515,0.000331
1.000001,39.899307,-104.695816,0.284973,12.081473,-0.036718,0.000793
1.000001,39.899307,-104.695816,0.284942,12.082182,-0.036192,0.000815
1.000001,39.899307,-104.695816,0.284787,12.08061,-0.036446,0.000449
1.000001,39.899307,-104.695816,0.285105,12.084259,-0.035674,0.000647
1.000001,39.899307,-104.695816,0.284809,12.081573,-0.037277,0.000938
1.005366,39.899307,-104.695816,0.28485,12.081136,-0.033972,0.00051
1.000001,39.899307,-104.695816,0.285028,12.08197,-0.037681,0.000843
1.000001,39.899307,-104.695816,0.285068,12.083175,-0.032818,0.000356
1.000001,39.899307,-104.695816,0.28499,12.083103,-0.037063,0.000718
1.000001,39.899307,-104.695816,0.285161,12.083386,-0.035989,0.000173
1.000001,39.899307,-104.695816,0.285046,12.082771,-0.039932,0.00056
1.000001,39.899307,-104.695816,0.284885,12.081829,-0.034153,0.000382
1.000001,39.899307,-104.695816,0.284997,12.083198,-0.03438,0.001683
1.000001,39.899307,-104.695816,0.285023,12.08205,-0.03169,0.00055
1.000001,39.899307,-104.695816,0.285125,12.083766,-0.040018,0.000499
1.000001,39.899307,-104.695816,0.285055,12.083006,-0.036684,0.000385
1.000001,39.899307,-104.695816,0.28517,12.083135,-0.036591,0.000438
1.000001,39.899307,-104.695816,0.285019,12.08242,-0.037256,0.000688
1.000001,39.899307,-104.695816,0.284921,12.083064,-0.032888,0.000332
1.000001,39.899307,-104.695816,0.284861,12.082013,-0.034146,0.000769
1.000001,39.899307,-104.695816,0.285131,12.082608,-0.032059,0.001185
1.000001,39.899307,-104.695816,0.285183,12.083242,-0.036184,0.000149
1.000001,39.899307,-104.695816,0.284737,12.08097,-0.035144,0.000332
1.000001,39.899307,-104.695816,0.28484,12.081534,-0.031763,0.000194
1.000001,39.899307,-104.695816,0.284923,12.082108,-0.036743,0.000272
1.000001,39.899307,-104.695816,0.284896,12.082022,-0.032265,0.000284
1.000001,39.899307,-104.695816,0.285024,12.08237,-0.038979,0.000301
1.000001,39.899307,-104.695816,0.28498,12.082512,-0.034109,0.00052
1.000001,39.899307,-104.695816,0.285247,12.084006,-0.031805,0.0003
1.000001,39.899307,-104.695816,0.285116,12.083463,-0.031056,0.000739
1.000001,39.899307,-104.695816,0.285039,12.082699,-0.031413,0.000549
1.000001,39.899307,-104.695816,0.285236,12.083754,-0.034828,0.000421
1.000001,39.899307,-104.695816,0.285165,12.084055,-0.037506,0.000186
1.000001,39.899307,-104.695816,0.284747,12.080844,-0.034969,0.000122
1.000001,39.899307,-104.695816,0.285072,12.083303,-0.036913,0.00031
1.000001,39.899307,-104.695816,0.284955,12.082718,-0.032421,0.000486
1.000001,39.899307,-104.695816,0.285131,12.082931,-0.037243,0.000274
1.00563,39.899307,-104.695816,0.284855,12.081552,-0.035307,0.000421
1.000001,39.899307,-104.695816,0.285167,12.083555,-0.036348,0.00044
1.000001,39.899307,-104.695816,0.285014,12.082549,-0.040953,0.000202
1.000001,39.899307,-104.695816,0.285076,12.082816,-0.036348,0.0004
1.000001,39.899307,-104.695816,0.284912,12.082343,-0.033099,0.00035
1.000001,39.899307,-104.695816,0.285133,12.083167,-0.038379,0.00023
1.000001,39.899307,-104.695816,0.284892,12.081319,-0.036145,0.000698
1.000001,39.899307,-104.695816,0.285133,12.083077,-0.040982,0.000537
1.000001,39.899307,-104.695816,0.285103,12.082599,-0.034943,0.000191
1.000001,39.899307,-104.695816,0.285123,12.082522,-0.032201,0.000288
1.000001,39.899307,-104.695816,0.284942,12.082284,-0.041836,0.000649
1.000001,39.899307,-104.695816,0.28508,12.082519,-0.037164,0.000681
1.001878,39.899307,-104.695816,0.285166,12.083595,-0.033944,0.000177
1.000017,39.899307,-104.695816,0.284861,12.082294,-0.04078,0.000681
1.000001,39.899307,-104.695816,0.284991,12.082604,-0.037084,0.000504
1.000001,39.899307,-104.695816,0.284963,12.081952,-0.034708,0.0012
1.000001,39.899307,-104.695816,0.28503,12.083542,-0.035477,0.000735
1.003507,39.899307,-104.695816,0.284868,12.079947,-0.037562,0.000407
1.000001,39.899307,-104.695816,0.284968,12.08279,-0.039193,0.00079
1.000001,39.899307,-104.695816,0.285233,12.084649,-0.037319,0.000307
1.000001,39.899307,-104.695816,0.284796,12.081615,-0.039437,0.000328
1.000001,39.899307,-104.695816,0.285067,12.082726,-0.034399,0.000494
1.000001,39.899307,-104.695816,0.285118,12.083097,-0.034969,0.000345
1.000001,39.899307,-104.695816,0.28515,12.083072,-0.034347,0.00073
1.000001,39.899307,-104.695816,0.285107,12.083382,-0.037349,0.000606
1.000001,39.899307,-104.695816,0.284911,12.081873,-0.039148,0.000249
1.000001,39.899307,-104.695816,0.284827,12.080938,-0.034245,0.000304
1.000001,39.899307,-104.695816,0.285199,12.082875,-0.032837,9.4e-05
1.000001,39.899307,-104.695816,0.285199,12.084202,-0.035018,0.000816
1.000001,39.899307,-104.695816,0.285049,12.083601,-0.036092,0.000465
1.000001,39.899307,-104.695816,0.284824,12.082,-0.035348,0.000491
1.000001,39.899307,-104.695816,0.284892,12.081398,-0.037084,0.000572
1.000001,39.899307,-104.695816,0.284914,12.079747,-0.035894,0.001905
1.000001,39.899307,-104.695816,0.28504,12.082136,-0.034898,0.00037
1.000001,39.899307,-104.695816,0.284842,12.081611,-0.036012,0.000844
1.000001,39.899307,-104.695816,0.284977,12.082599,-0.033275,0.000148
1.000001,39.899307,-104.695816,0.284989,12.082758,-0.037681,0.000365
1.00178,39.899307,-104.695816,0.285099,12.083707,-0.033946,0.001033
1.000001,39.899307,-104.695816,0.285124,12.082928,-0.036271,0.000584
1.000001,39.899307,-104.695816,0.285058,12.082773,-0.034194,0.000669
1.000001,39.899307,-104.695816,0.285237,12.083452,-0.033653,0.000182
1.000001,39.899307,-104.695816,0.28489,12.082356,-0.037641,0.000892
1.000001,39.899307,-104.695816,0.285037,12.081753,-0.034094,0.001265
1.000001,39.899307,-104.695816,0.284994,12.081721,-0.036049,0.000628
1.000001,39.899307,-104.695816,0.284992,12.082365,-0.034184,0.000356
1.000001,39.899307,-104.695816,0.285132,12.082603,-0.036501,0.000349
1.000001,39.899307,-104.695816,0.285015,12.081849,-0.036914,0.000539
1.00429,39.899307,-104.695816,0.285157,12.083099,-0.032645,0.000355
1.000001,39.899307,-104.695816,0.285104,12.082632,-0.039251,0.000888
1.000001,39.899307,-104.695816,0.285038,12.082059,-0.036312,0.000957
1.000001,39.899307,-104.695816,0.285194,12.08385,-0.03845,0.000493
1.000001,39.899307,-104.695816,0.284975,12.0829,-0.033244,0.000365
1.000001,39.899307,-104.695816,0.285054,12.08359,-0.038265,0.00074
1.000001,39.899307,-104.695816,0.284987,12.081042,-0.033444,0.000459
1.000001,39.899307,-104.695816,0.285055,12.082421,-0.036368,0.000453
1.000001,39.899307,-104.695816,0.285129,12.08344,-0.037078,0.000231
1.000001,39.899307,-104.695816,0.285217,12.082749,-0.035435,0.000374
1.000001,39.899307,-104.695816,0.284937,12.081459,-0.035485,0.000633
1.000001,39.899307,-104.695816,0.285034,12.083118,-0.033168,0.000173
1.000001,39.899307,-104.695816,0.285022,12.082437,-0.032905,0.000461
1.000001,39.899307,-104.695816,0.285282,12.083934,-0.036416,0.000944
1.000001,39.899307,-104.695816,0.284804,12.08095,-0.03638,0.000702
1.001389,39.899307,-104.695816,0.284903,12.082006,-0.031673,0.000595
1.000001,39.899307,-104.695816,0.285023,12.082099,-0.039694,0.000315
1.000001,39.899307,-104.695816,0.28491,12.082221,-0.039175,0.000832
1.000001,39.899307,-104.695816,0.28511,12.083639,-0.034301,0.000301
1.000001,39.899307,-104.695816,0.285057,12.081595,-0.039262,9.1e-05
1.000001,39.899307,-104.695816,0.284845,12.081646,-0.038462,0.000626
1.000001,39.899307,-104.695816,0.285008,12.081295,-0.038113,0.000376
1.000001,39.899307,-104.695816,0.285048,12.082484,-0.038365,0.001189
1.000001,39.899307,-104.695816,0.285075,12.082802,-0.038245,0.000228
1.000001,39.899307,-104.695816,0.28495,12.081886,-0.032809,0.00058
1.000001,39.899307,-104.695816,0.285207,12.083906,-0.03536,0.000711
1.000001,39.899307,-104.695816,0.285012,12.08274,-0.031027,0.000186
1.000001,39.899307,-104.695816,0.284961,12.082391,-0.033406,0.00052
1.000001,39.899307,-104.695816,0.285001,12.082882,-0.035704,0.000301
1.000001,39.899307,-104.695816,0.284894,12.08239,-0.036286,0.000497
1.000001,39.899307,-104.695816,0.285029,12.082158,-0.039665,0.000361
1.000001,39.899307,-104.695816,0.28478,12.081341,-0.038861,0.000289
1.000001,39.899307,-104.695816,0.285105,12.082905,-0.036817,0.000339
1.000001,39.899307,-104.695816,0.284826,12.081194,-0.033952,0.000394
1.000001,39.899307,-104.695816,0.284987,12.081644,-0.036261,0.000465
1.000001,39.899307,-104.695816,0.285157,12.084047,-0.037419,0.000501
1.000001,39.899307,-104.695816,0.28517,12.083903,-0.035433,0.000293
1.000001,39.899307,-104.695816,0.28514,12.082979,-0.038221,0.000572
1.000001,39.899307,-104.695816,0.285073,12.082677,-0.036686,0.000199
1.003427,39.899307,-104.695816,0.284908,12.082414,-0.037514,0.000448
1.000001,39.899307,-104.695816,0.285093,12.082847,-0.031728,0.000522
1.000001,39.899307,-104.695816,0.285075,12.082507,-0.03423,0.000285
1.000001,39.899307,-104.695816,0.284867,12.081348,-0.037548,0.001257
1.000001,39.899307,-104.695816,0.284866,12.081174,-0.034561,0.000469
1.000001,39.899307,-104.695816,0.284998,12.082668,-0.037623,0.000212
1.000001,39.899307,-104.695816,0.285099,12.081981,-0.035475,0.000762
1.000001,39.899307,-104.695816,0.285126,12.083301,-0.039083,0.000761
1.000001,39.899307,-104.695816,0.285036,12.082311,-0.033082,0.000269
1.000001,39.899307,-104.695816,0.285028,12.082068,-0.038751,0.000202
1.000001,39.899307,-104.695816,0.284983,12.082122,-0.03821,0.000423
1.000001,39.899307,-104.695816,0.284883,12.081349,-0.040226,0.000337
1.000597,39.899307,-104.695816,0.285127,12.082787,-0.037119,0.000357
1.000001,39.899307,-104.695816,0.285209,12.083685,-0.034508,0.000625
1.000001,39.899307,-104.695816,0.285167,12.084169,-0.03771,0.000434
1.000001,39.899307,-104.695816,0.284956,12.079837,-0.038572,0.000462
1.000001,39.899307,-104.695816,0.285243,12.083565,-0.039691,0.0002
1.000001,39.899307,-104.695816,0.284942,12.081512,-0.039208,0.001013
1.000001,39.899307,-104.695816,0.284935,12.082976,-0.036012,0.000671
1.000001,39.899307,-104.695816,0.284927,12.081427,-0.037071,0.000672
1.000001,39.899307,-104.695816,0.285195,12.083281,-0.036675,0.00083
1.000001,39.899307,-104.695816,0.285158,12.083187,-0.037195,0.00079
1.000001,39.899307,-104.695816,0.285024,12.08202,-0.034349,0.000418
1.000001,39.899307,-104.695816,0.285137,12.083117,-0.036461,0.000445
1.000001,39.899307,-104.695816,0.285104,12.082596,-0.038696,0.000567
1.000001,39.899307,-104.695816,0.285033,12.082123,-0.039015,0.000247
1.000001,39.899307,-104.695816,0.285125,12.082791,-0.039247,0.000226
1.000001,39.899307,-104.695816,0.285203,12.083818,-0.035418,0.000311
1.000001,39.899307,-104.695816,0.284952,12.081811,-0.03581,0.000266
1.000001,39.899307,-104.695816,0.285164,12.08254,-0.036789,0.000348
1.000001,39.899307,-104.695816,0.285195,12.083726,-0.039094,0.000572
1.000001,39.899307,-104.695816,0.285025,12.082747,-0.035326,0.000163
1.000001,39.899307,-104.695816,0.284971,12.082931,-0.031842,0.00047
1.000001,39.899307,-104.695816,0.284899,12.081616,-0.035628,0.000415
1.000001,39.899307,-104.695816,0.285129,12.082026,-0.034684,0.000713
1.000001,39.899307,-104.695816,0.285066,12.083031,-0.035834,0.000731
1.000001,39.899307,-104.695816,0.285072,12.081683,-0.038347,0.000475
1.000001,39.899307,-104.695816,0.285313,12.084867,-0.035054,0.00069
1.001155,39.899307,-104.695816,0.285003,12.082532,-0.03552,0.001269
1.000001,39.899307,-104.695816,0.285008,12.0825,-0.035673,0.000313
1.006108,39.899307,-104.695816,0.285086,12.082194,-0.038101,0.000641
1.000001,39.899307,-104.695816,0.285135,12.083273,-0.032264,0.000403
1.000001,39.899307,-104.695816,0.28504,12.083491,-0.035188,0.001241
1.000001,39.899307,-104.695816,0.285234,12.084129,-0.036968,0.000545
1.000001,39.899307,-104.695816,0.285152,12.082879,-0.039426,0.000281
1.003738,39.899307,-104.695816,0.284876,12.081821,-0.036593,0.000446
1.000001,39.899307,-104.695816,0.285079,12.082241,-0.035961,0.001236
1.000001,39.899307,-104.695816,0.285099,12.082984,-0.03369,0.00042
1.000001,39.899307,-104.695816,0.285143,12.084145,-0.039171,0.00069
1.000001,39.899307,-104.695816,0.285152,12.083756,-0.036145,0.000343
1.000001,39.899307,-104.695816,0.28526,12.083376,-0.037299,0.000794
1.000001,39.899307,-104.695816,0.2851,12.082421,-0.038265,0.000278
1.000001,39.899307,-104.695816,0.285034,12.083183,-0.034463,0.000279
1.000001,39.899307,-104.695816,0.284967,12.082666,-0.034885,0.000524
1.000001,39.899307,-104.695816,0.285313,12.083056,-0.036372,0.001388
1.000001,39.899307,-104.695816,0.285336,12.084224,-0.036602,0.000307
1.000001,39.899307,-104.695816,0.284876,12.082406,-0.036989,0.000234
1.000001,39.899307,-104.695816,0.284977,12.081363,-0.032936,0.000444
1.000001,39.899307,-104.695816,0.28515,12.083291,-0.036076,0.000449
1.000001,39.899307,-104.695816,0.284955,12.081981,-0.033062,0.000223
1.000001,39.899307,-104.695816,0.285205,12.082428,-0.039478,0.00021
1.000001,39.899307,-104.695816,0.285059,12.082797,-0.034213,0.000542
1.000001,39.899307,-104.695816,0.285271,12.083457,-0.03171,0.000488
1.000001,39.899307,-104.695816,0.285285,12.084674,-0.033235,0.001295
1.000001,39.899307,-104.695816,0.285136,12.083234,-0.034968,0.000303
1.000001,39.899307,-104.695816,0.285317,12.084863,-0.034774,0.001085
1.000001,39.899307,-104.695816,0.285311,12.084234,-0.035052,0.000102
1.000001,39.899307,-104.695816,0.284857,12.081494,-0.034164,0.000449
1.000001,39.899307,-104.695816,0.285155,12.082764,-0.037264,0.000427
1.000001,39.899307,-104.695816,0.285174,12.083821,-0.033631,0.000537
1.000001,39.899307,-104.695816,0.285381,12.08417,-0.038381,0.000702
1.000001,39.899307,-104.695816,0.284887,12.080533,-0.0355,0.000519
1.000001,39.899307,-104.695816,0.285217,12.083032,-0.034732,0.00028
1.000001,39.899307,-104.695816,0.285134,12.082428,-0.041237,0.000595
1.000001,39.899307,-104.695816,0.285179,12.082376,-0.037278,0.000781
1.000001,39.899307,-104.695816,0.285016,12.082606,-0.030757,0.000243
1.000001,39.899307,-104.695816,0.285164,12.083125,-0.036539,0.00024
1.000001,39.899307,-104.695816,0.284979,12.08121,-0.035372,0.000287
1.000001,39.899307,-104.695816,0.285343,12.084723,-0.039329,0.000383
1.000001,39.899307,-104.695816,0.285062,12.083014,-0.036213,0.000523
1.000001,39.899307,-104.695816,0.285142,12.082995,-0.033404,0.000334
1.005017,39.899307,-104.695816,0.285019,12.082438,-0.044107,0.000161
1.000001,39.899307,-104.695816,0.285122,12.082309,-0.034257,0.001254
1.000001,39.899307,-104.695816,0.285249,12.08406,-0.034468,0.000437
1.000001,39.899307,-104.695816,0.284875,12.080909,-0.039711,0.000558
1.000001,39.899307,-104.695816,0.285227,12.083276,-0.035037,0.000476
1.000001,39.899307,-104.695816,0.285031,12.082345,-0.032921,0.000312
1.000001,39.899307,-104.695816,0.285101,12.083163,-0.038626,0.000999
1.000001,39.899307,-104.695816,0.284952,12.081895,-0.036528,0.000145
1.000001,39.899307,-104.695816,0.285055,12.083214,-0.035435,0.000546
1.000001,39.899307,-104.695816,0.285141,12.083942,-0.036495,0.000817
1.000001,39.899307,-104.695816,0.28503,12.082541,-0.037805,0.000294
1.000001,39.899307,-104.695816,0.285069,12.082635,-0.034371,0.000326
1.000001,39.899307,-104.695816,0.285329,12.08462,-0.035103,0.000349
1.000001,39.899307,-104.695816,0.285019,12.082757,-0.034234,0.000783
1.000001,39.899307,-104.695816,0.285122,12.083346,-0.036706,0.000354
1.000001,39.899307,-104.695816,0.285095,12.082503,-0.034824,0.000232
1.000001,39.899307,-104.695816,0.284855,12.081412,-0.034068,0.000559
1.000001,39.899307,-104.695816,0.285211,12.083154,-0.033411,0.000379
1.000001,39.899307,-104.695816,0.285261,12.083325,-0.036387,0.000502
1.000001,39.899307,-104.695816,0.285173,12.083609,-0.038171,0.000508
1.000001,39.899307,-104.695816,0.285056,12.082135,-0.033582,0.000323
1.000001,39.899307,-104.695816,0.285048,12.082928,-0.036577,0.000278
1.000001,39.899307,-104.695816,0.285084,12.083078,-0.037587,0.000695
1.000001,39.899307,-104.695816,0.285084,12.08224,-0.035335,0.00031
1.000001,39.899307,-104.695816,0.285021,12.082048,-0.034139,0.000354
1.000001,39.899307,-104.695816,0.285173,12.083061,-0.032845,0.000284
1.001208,39.899307,-104.695816,0.285174,12.082531,-0.037025,0.000244
1.000001,39.899307,-104.695816,0.28513,12.083179,-0.032688,0.000569
1.000001,39.899307,-104.695816,0.285187,12.083705,-0.036213,0.000603
1.000001,39.899307,-104.695816,0.285144,12.081874,-0.033856,0.000399
1.000001,39.899307,-104.695816,0.28536,12.084765,-0.034586,0.000397
1.000001,39.899307,-104.695816,0.285148,12.083436,-0.039095,0.000539
1.000001,39.899307,-104.695816,0.285263,12.083639,-0.035145,0.001234
1.000001,39.899307,-104.695816,0.285135,12.08298,-0.038442,0.000634
1.000001,39.899307,-104.695816,0.28513,12.082682,-0.036475,0.000325
1.000001,39.899307,-104.695816,0.285114,12.082769,-0.034188,0.000588
1.000001,39.899307,-104.695816,0.285138,12.082911,-0.037617,0.000677
1.000001,39.899307,-104.695816,0.28526,12.083153,-0.034812,0.000226
1.000001,39.899307,-104.695816,0.285267,12.083023,-0.039019,0.000538
1.000001,39.899307,-104.695816,0.285213,12.083653,-0.033948,0.000679
1.000001,39.899307,-104.695816,0.285277,12.083079,-0.039319,0.000363
1.000001,39.899307,-104.695816,0.28515,12.082516,-0.034801,0.000227
1.000001,39.899307,-104.695816,0.285145,12.083623,-0.036156,0.00022
1.000001,39.899307,-104.695816,0.284981,12.081334,-0.0329,0.000482
1.000001,39.899307,-104.695816,0.28514,12.082292,-0.037821,0.000102
1.000001,39.899307,-104.695816,0.285304,12.084235,-0.033974,0.000331
1.000001,39.899307,-104.695816,0.285243,12.083185,-0.037027,0.000466
1.000001,39.899307,-104.695816,0.285152,12.082633,-0.035995,0.000516
1.000001,39.899307,-104.695816,0.285048,12.083619,-0.034021,0.000465
1.000001,39.899307,-104.695816,0.285145,12.083217,-0.033546,0.000862
1.000001,39.899307,-104.695816,0.285438,12.084372,-0.034255,0.00043
1.000001,39.899307,-104.695816,0.28499,12.081031,-0.035683,0.000776
1.000001,39.899307,-104.695816,0.28521,12.083668,-0.034512,0.000778
1.000001,39.899307,-104.695816,0.285097,12.082294,-0.038576,0.000313
1.000001,39.899307,-104.695816,0.285058,12.083021,-0.038201,0.000767
1.000001,39.899307,-104.695816,0.285175,12.08363,-0.034079,0.000357
1.000001,39.899307,-104.695816,0.285219,12.082246,-0.039482,0.000273
1.000001,39.899307,-104.695816,0.285049,12.082612,-0.035964,0.000836
1.000001,39.899307,-104.695816,0.285019,12.081719,-0.038299,0.000117
1.000001,39.899307,-104.695816,0.28514,12.082623,-0.036519,0.001584
1.000001,39.899307,-104.695816,0.285192,12.083065,-0.038359,0.000251
1.000001,39.899307,-104.695816,0.285089,12.082993,-0.033216,0.000748
1.000001,39.899307,-104.695816,0.285316,12.083089,-0.039333,0.000275
1.000001,39.899307,-104.695816,0.2851,12.083377,-0.033888,0.000516
1.000001,39.899307,-104.695816,0.285069,12.082964,-0.03181,0.000628
1.000001,39.899307,-104.695816,0.285195,12.083538,-0.036981,0.000576
1.000001,39.899307,-104.695816,0.284961,12.083199,-0.036384,0.000334
1.000001,39.899307,-104.695816,0.285136,12.083133,-0.041643,0.001069
1.000001,39.899307,-104.695816,0.284914,12.082426,-0.036951,0.000257
1.000001,39.899307,-104.695816,0.285271,12.083232,-0.037124,0.000315
1.000001,39.899307,-104.695816,0.284998,12.082382,-0.035711,0.000287
1.000001,39.899307,-104.695816,0.285087,12.082116,-0.03725,0.000916
1.003972,39.899307,-104.695816,0.285282,12.083289,-0.037711,0.000475
1.000001,39.899307,-104.695816,0.285313,12.084349,-0.036695,0.001002
1.000001,39.899307,-104.695816,0.285343,12.083967,-0.038496,0.00038
1.000001,39.899307,-104.695816,0.285208,12.083546,-0.034341,0.000224
1.000001,39.899307,-104.695816,0.284961,12.08214,-0.038714,7.4e-05
1.000001,39.899307,-104.695816,0.285344,12.084459,-0.034047,0.000524
1.000001,39.899307,-104.695816,0.285146,12.082535,-0.03595,0.000201
1.000001,39.899307,-104.695816,0.284926,12.080942,-0.040246,0.000292
1.000001,39.899307,-104.695816,0.284862,12.081561,-0.032545,0.000262
1.000001,39.899307,-104.695816,0.285152,12.083807,-0.038218,6.1e-05
1.000001,39.899307,-104.695816,0.28534,12.084601,-0.038539,0.000195
1.000001,39.899307,-104.695816,0.285191,12.082623,-0.037375,0.000545
1.000001,39.899307,-104.695816,0.285093,12.082187,-0.033155,0.000353
1.000001,39.899307,-104.695816,0.285206,12.083815,-0.036694,0.000218
1.000001,39.899307,-104.695816,0.285107,12.082791,-0.037926,0.000249
1.000001,39.899307,-104.695816,0.284922,12.081844,-0.040471,0.000324
1.000001,39.899307,-104.695816,0.285202,12.082726,-0.038523,0.000253
1.000001,39.899307,-104.695816,0.285344,12.083852,-0.033708,0.000441
1.000001,39.899307,-104.695816,0.285311,12.083748,-0.037119,0.000126
1.000001,39.899307,-104.695816,0.285226,12.082223,-0.039601,0.000585
1.000001,39.899307,-104.695816,0.285328,12.083606,-0.038186,0.000572
1.000001,39.899307,-104.695816,0.284926,12.080649,-0.038653,0.000794
1.000003,39.899307,-104.695816,0.285058,12.082767,-0.033504,0.000393
1.001884,39.899307,-104.695816,0.285149,12.082883,-0.036694,0.0006
1.000001,39.899307,-104.695816,0.285246,12.083393,-0.034963,0.000473
1.000001,39.899307,-104.695816,0.285236,12.082644,-0.039766,0.000191
1.000001,39.899307,-104.695816,0.28498,12.081763,-0.033762,0.000507
1.000001,39.899307,-104.695816,0.285202,12.083286,-0.036262,0.000357
1.000001,39.899307,-104.695816,0.285226,12.082335,-0.042797,0.000338
1.000001,39.899307,-104.695816,0.285158,12.083543,-0.03978,0.000651
1.000001,39.899307,-104.695816,0.285233,12.08317,-0.038303,0.000354
1.000001,39.899307,-104.695816,0.285401,12.084354,-0.035059,0.000146
1.000001,39.899307,-104.695816,0.285105,12.082743,-0.035714,0.000382
1.000001,39.899307,-104.695816,0.285223,12.084098,-0.038629,0.000575
1.000001,39.899307,-104.695816,0.285319,12.084053,-0.038101,0.000397
1.000001,39.899307,-104.695816,0.285197,12.083309,-0.03403,0.000838
1.000001,39.899307,-104.695816,0.285145,12.083203,-0.033854,0.00061
1.000001,39.899307,-104.695816,0.284967,12.081549,-0.036729,0.000353
1.000001,39.899307,-104.695816,0.285248,12.083895,-0.035102,0.000478
1.000001,39.899307,-104.695816,0.285072,12.082059,-0.037584,0.000321
1.000001,39.899307,-104.695816,0.285128,12.083733,-0.040344,0.000792
1.000001,39.899307,-104.695816,0.285448,12.084461,-0.033359,0.000789
1.000001,39.899307,-104.695816,0.285279,12.083436,-0.033389,0.001063
1.000001,39.899307,-104.695816,0.285117,12.083455,-0.034461,0.000536
1.000001,39.899307,-104.695816,0.285174,12.082625,-0.038365,0.000406
1.000001,39.899307,-104.695816,0.285261,12.08297,-0.033927,0.00035
1.000001,39.899307,-104.695816,0.28508,12.082012,-0.032294,0.000705
1.000001,39.899307,-104.695816,0.285348,12.084656,-0.036403,0.0004
1.000001,39.899307,-104.695816,0.285249,12.084099,-0.037257,0.000416
1.000001,39.899307,-104.695816,0.284898,12.081613,-0.037805,0.001111
1.000001,39.899307,-104.695816,0.285167,12.08294,-0.036293,0.000618
1.000001,39.899307,-104.695816,0.285339,12.083119,-0.032556,0.00055
1.000001,39.899307,-104.695816,0.285217,12.083513,-0.039702,0.000617
1.000001,39.899307,-104.695816,0.28521,12.083497,-0.036448,0.001159
1.000001,39.899307,-104.695816,0.285306,12.082854,-0.0381,0.000576
1.000001,39.899307,-104.695816,0.285306,12.083531,-0.038364,0.000386
1.000001,39.899307,-104.695816,0.285258,12.083743,-0.035062,0.000866
1.000001,39.899307,-104.695816,0.284971,12.081444,-0.033347,0.000148
1.000001,39.899307,-104.695816,0.285426,12.084042,-0.041417,0.001288
1.000001,39.899307,-104.695816,0.285385,12.08342,-0.038062,0.00015
1.000005,39.899307,-104.695816,0.285071,12.082319,-0.036852,0.000427
1.000001,39.899307,-104.695816,0.285154,12.083037,-0.03258,0.000543
1.000001,39.899307,-104.695816,0.285277,12.082472,-0.034317,0.00036
1.000001,39.899307,-104.695816,0.285195,12.083208,-0.034269,0.000406
1.000001,39.899307,-104.695816,0.285228,12.082332,-0.037846,0.000347
1.000001,39.899307,-104.695816,0.28511,12.082977,-0.033462,0.000553
1.000001,39.899307,-104.695816,0.285375,12.082995,-0.03413,0.000797
1.000001,39.899307,-104.695816,0.285369,12.084672,-0.036373,0.000681
1.000001,39.899307,-104.695816,0.285145,12.082772,-0.034338,0.000522
1.000001,39.899307,-104.695816,0.285475,12.085024,-0.032992,0.000464
1.000001,39.899307,-104.695816,0.285286,12.083388,-0.03542,0.000346
1.000001,39.899307,-104.695816,0.285129,12.082415,-0.033189,0.000731
1.000001,39.899307,-104.695816,0.285132,12.082095,-0.038806,0.000738
1.000001,39.899307,-104.695816,0.285253,12.083671,-0.036335,0.000593
1.000001,39.899307,-104.695816,0.285443,12.084161,-0.036454,0.001023
1.000001,39.899307,-104.695816,0.285004,12.0819,-0.033424,0.000503
1.000001,39.899307,-104.695816,0.285215,12.082637,-0.034296,0.000732
1.000001,39.899307,-104.695816,0.285047,12.081704,-0.038645,0.000815
1.000001,39.899307,-104.695816,0.28525,12.083299,-0.036598,0.001076
1.000001,39.899307,-104.695816,0.285093,12.083041,-0.033421,0.000482
1.000001,39.899307,-104.695816,0.28526,12.082092,-0.037078,0.000298
1.000001,39.899307,-104.695816,0.285114,12.081936,-0.037933,0.000198
1.000001,39.899307,-104.695816,0.285348,12.083811,-0.037794,0.000746
1.000001,39.899307,-104.695816,0.285093,12.083648,-0.033406,0.000195
1.000001,39.899307,-104.695816,0.285189,12.084288,-0.032227,0.000393
1.000001,39.899307,-104.695816,0.285302,12.082827,-0.041907,0.000802
1.000001,39.899307,-104.695816,0.285153,12.083081,-0.032324,0.000741
1.000001,39.899307,-104.695816,0.285198,12.082692,-0.036485,0.000924
1.000001,39.899307,-104.695816,0.285092,12.08185,-0.036716,0.000963
1.000001,39.899307,-104.695816,0.285268,12.082657,-0.036718,0.000534
1.000001,39.899307,-104.695816,0.285201,12.083816,-0.033454,0.00093
1.000001,39.899307,-104.695816,0.285305,12.08325,-0.04161,0.001151
1.000001,39.899307,-104.695816,0.285139,12.082664,-0.036685,0.000342
1.000001,39.899307,-104.695816,0.285194,12.083802,-0.034237,0.000272
1.000001,39.899307,-104.695816,0.285152,12.081238,-0.037655,0.000381
1.006934,39.899307,-104.695816,0.285088,12.083744,-0.038919,0.000448
1.000001,39.899307,-104.695816,0.285067,12.082303,-0.034643,0.000679
1.000001,39.899307,-104.695816,0.285294,12.083411,-0.035228,0.000632
1.000001,39.899307,-104.695816,0.285091,12.082499,-0.033158,0.000175
1.000001,39.899307,-104.695816,0.285268,12.083304,-0.037284,0.000289
1.000001,39.899307,-104.695816,0.285252,12.083038,-0.033726,0.000766
1.000001,39.899307,-104.695816,0.284861,12.081042,-0.032076,0.000696
1.000001,39.899307,-104.695816,0.28533,12.083468,-0.034843,0.000218
1.000001,39.899307,-104.695816,0.285397,12.083458,-0.035696,0.000208
1.000001,39.899307,-104.695816,0.285353,12.083523,-0.039431,0.000131
1.000001,39.899307,-104.695816,0.285117,12.082105,-0.033274,0.000316
1.000001,39.899307,-104.695816,0.285115,12.082405,-0.03593,0.000412
1.000001,39.899307,-104.695816,0.285297,12.083418,-0.038557,0.000621
1.000001,39.899307,-104.695816,0.285189,12.081985,-0.036161,0.000274
1.000001,39.899307,-104.695816,0.285314,12.083798,-0.03662,0.000165
1.000001,39.899307,-104.695816,0.285239,12.083941,-0.035638,0.000575
1.000001,39.899307,-104.695816,0.28515,12.08192,-0.035786,0.000426
1.000001,39.899307,-104.695816,0.285126,12.082775,-0.032918,0.000476
1.000001,39.899307,-104.695816,0.285362,12.084055,-0.035079,0.000463
1.000001,39.899307,-104.695816,0.285219,12.083457,-0.034661,0.00026
1.000001,39.899307,-104.695816,0.285381,12.084277,-0.032474,0.00046
1.000001,39.899307,-104.695816,0.285267,12.083941,-0.0371,0.000599
1.000001,39.899307,-104.695816,0.285515,12.084382,-0.037212,0.000607
1.000001,39.899307,-104.695816,0.285254,12.083019,-0.0395,0.00053
1.000001,39.899307,-104.695816,0.285141,12.082506,-0.036926,0.00032
1.000001,39.899307,-104.695816,0.285205,12.083442,-0.031621,0.000216
1.000001,39.899307,-104.695816,0.285203,12.083351,-0.036011,0.000288
1.000001,39.899307,-104.695816,0.285331,12.083696,-0.035,0.000254
1.000001,39.899307,-104.695816,0.285326,12.083214,-0.035585,0.000397
1.000001,39.899307,-104.695816,0.285313,12.083543,-0.03171,0.000555
1.000001,39.899307,-104.695816,0.285404,12.083193,-0.037724,0.000535
1.000001,39.899307,-104.695816,0.285117,12.082411,-0.034312,0.000252
1.004339,39.899307,-104.695816,0.285282,12.083435,-0.038779,0.000196
1.000001,39.899307,-104.695816,0.285037,12.082451,-0.032669,0.000292
1.000001,39.899307,-104.695816,0.285253,12.083632,-0.04095,0.000451
1.000001,39.899307,-104.695816,0.285486,12.084694,-0.035965,0.000352
1.000002,39.899307,-104.695816,0.285345,12.083859,-0.038778,0.000285
1.000001,39.899307,-104.695816,0.285349,12.083851,-0.036566,0.000463
1.000001,39.899307,-104.695816,0.285247,12.084292,-0.036264,0.000424
1.000001,39.899307,-104.695816,0.28532,12.083933,-0.034773,0.001094
1.000001,39.899307,-104.695816,0.28546,12.084627,-0.037793,0.000812
1.000001,39.899307,-104.695816,0.285265,12.083174,-0.032627,0.000585
1.000001,39.899307,-104.695816,0.285395,12.084704,-0.038165,0.000397
1.000001,39.899307,-104.695816,0.285146,12.083222,-0.034333,0.000749
1.000001,39.899307,-104.695816,0.285294,12.084,-0.037399,0.000649
1.000001,39.899307,-104.695816,0.285387,12.083637,-0.035122,0.000426
1.000001,39.899307,-104.695816,0.28525,12.083076,-0.038063,0.000167
1.000001,39.899307,-104.695816,0.2853,12.083327,-0.035862,0.000631
1.000001,39.899307,-104.695816,0.285214,12.083179,-0.037592,0.000211
1.000001,39.899307,-104.695816,0.2852,12.082673,-0.033913,0.0006
1.000001,39.899307,-104.695816,0.285183,12.083437,-0.036311,0.000243
1.000001,39.899307,-104.695816,0.285248,12.083452,-0.032284,0.001155
1.000001,39.899307,-104.695816,0.285399,12.083498,-0.039817,0.000313
1.000001,39.899307,-104.695816,0.285212,12.083183,-0.035519,0.000323
1.000001,39.899307,-104.695816,0.28525,12.083055,-0.034643,0.000276
1.000001,39.899307,-104.695816,0.285199,12.082979,-0.038656,0.000576
1.000001,39.899307,-104.695816,0.285068,12.082108,-0.032837,0.000289
1.000001,39.899307,-104.695816,0.28525,12.082582,-0.038814,0.000827
1.000001,39.899307,-104.695816,0.28514,12.082613,-0.036206,0.000653
1.000001,39.899307,-104.695816,0.285429,12.08421,-0.036287,0.000127
1.000001,39.899307,-104.695816,0.28516,12.083882,-0.035929,0.000691
1.000001,39.899307,-104.695816,0.285332,12.08267,-0.033201,0.000859
1.000001,39.899307,-104.695816,0.285275,12.082765,-0.036337,0.000543
1.000001,39.899307,-104.695816,0.285313,12.083784,-0.03913,0.000645
1.000001,39.899307,-104.695816,0.285353,12.084788,-0.036133,0.001293
1.000001,39.899307,-104.695816,0.285235,12.083223,-0.033933,0.000379
1.000001,39.899307,-104.695816,0.285203,12.082656,-0.038314,0.000393
1.000001,39.899307,-104.695816,0.285492,12.084454,-0.035533,0.000279
1.000001,39.899307,-104.695816,0.285268,12.082543,-0.034317,0.000261
1.009211,39.899307,-104.695816,0.285159,12.082057,-0.038661,0.00049
1.000001,39.899307,-104.695816,0.285181,12.083928,-0.032327,0.000239
1.000001,39.899307,-104.695816,0.285319,12.083664,-0.036682,0.000649
1.000001,39.899307,-104.695816,0.285349,12.084498,-0.038466,0.001175
1.000001,39.899307,-104.695816,0.285291,12.083344,-0.036188,0.000287
1.000001,39.899307,-104.695816,0.285251,12.083033,-0.031594,0.000228
1.000001,39.899307,-104.695816,0.285216,12.082237,-0.035746,0.000655
1.000001,39.899307,-104.695816,0.285233,12.082425,-0.037147,0.000302
1.000001,39.899307,-104.695816,0.285095,12.082537,-0.03849,0.00017
1.000001,39.899307,-104.695816,0.285348,12.083793,-0.038326,0.000546
1.000001,39.899307,-104.695816,0.285437,12.08395,-0.033452,0.000673
1.000001,39.899307,-104.695816,0.285359,12.083883,-0.036438,0.000597
1.000001,39.899307,-104.695816,0.285203,12.083158,-0.038521,0.00016
1.000001,39.899307,-104.695816,0.285442,12.083822,-0.035051,0.000213
1.000001,39.899307,-104.695816,0.284995,12.082188,-0.037551,0.000989
1.000001,39.899307,-104.695816,0.285183,12.083053,-0.034067,0.000573
1.000001,39.899307,-104.695816,0.285191,12.082816,-0.034183,0.000415
1.000001,39.899307,-104.695816,0.285415,12.083002,-0.035818,0.000726
1.000001,39.899307,-104.695816,0.285432,12.084545,-0.038694,0.000455
1.000002,39.899307,-104.695816,0.285168,12.083006,-0.031819,0.000702
1.000001,39.899307,-104.695816,0.28529,12.083928,-0.040147,0.000174
1.000001,39.899307,-104.695816,0.285332,12.082639,-0.042878,0.001416
1.000001,39.899307,-104.695816,0.285213,12.082929,-0.038734,0.000973
1.000001,39.899307,-104.695816,0.285362,12.08389,-0.035621,0.000733
1.000001,39.899307,-104.695816,0.285461,12.084294,-0.034387,0.000705
1.000001,39.899307,-104.695816,0.285295,12.083667,-0.038788,0.000554
1.000001,39.899307,-104.695816,0.285302,12.083811,-0.039145,0.000574
1.000001,39.899307,-104.695816,0.285557,12.084668,-0.035762,0.00125
1.000001,39.899307,-104.695816,0.285281,12.083827,-0.030413,0.00046
1.000001,39.899307,-104.695816,0.285267,12.083564,-0.036438,0.000642
1.000001,39.899307,-104.695816,0.285185,12.082473,-0.034115,0.000543
1.000001,39.899307,-104.695816,0.285516,12.084248,-0.034649,0.000138
1.000001,39.899307,-104.695816,0.285125,12.082288,-0.038436,0.000148
1.000001,39.899307,-104.695816,0.28517,12.083662,-0.038182,0.000586
1.000001,39.899307,-104.695816,0.285391,12.083778,-0.038032,0.000321
1.000001,39.899307,-104.695816,0.285612,12.085376,-0.032084,0.000572
1.000001,39.899307,-104.695816,0.285415,12.084207,-0.036838,0.001224
1.000001,39.899307,-104.695816,0.28519,12.08333,-0.039023,0.00042
1.000001,39.899307,-104.695816,0.285298,12.084072,-0.036076,0.000412
1.000001,39.899307,-104.695816,0.285243,12.082588,-0.031436,0.000276
1.000001,39.899307,-104.695816,0.285428,12.084859,-0.037698,0.000511
1.000001,39.899307,-104.695816,0.285412,12.084308,-0.037343,0.000158
1.000001,39.899307,-104.695816,0.285124,12.082855,-0.035213,0.000745
1.000001,39.899307,-104.695816,0.285346,12.083892,-0.036277,0.000443
1.000001,39.899307,-104.695816,0.28538,12.084461,-0.033018,7.9e-05
1.000001,39.899307,-104.695816,0.285236,12.08318,-0.035985,0.000414
1.000001,39.899307,-104.695816,0.2853,12.081803,-0.037801,0.000558
1.000001,39.899307,-104.695816,0.285275,12.083013,-0.037229,0.000225
1.000001,39.899307,-104.695816,0.28553,12.084213,-0.037531,0.000622
1.000001,39.899307,-104.695816,0.2853,12.084071,-0.032369,0.00037
1.000001,39.899307,-104.695816,0.285117,12.08255,-0.033262,0.000655
1.000001,39.899307,-104.695816,0.285484,12.084039,-0.04394,0.000279
1.006806,39.899307,-104.695816,0.285426,12.084169,-0.037852,0.000489
1.000001,39.899307,-104.695816,0.285232,12.083462,-0.03892,0.000198
1.000001,39.899307,-104.695816,0.285422,12.084368,-0.030854,0.000613
1.000001,39.899307,-104.695816,0.285487,12.085204,-0.034743,0.000143
1.000004,39.899307,-104.695816,0.285272,12.083514,-0.032045,0.000428
1.000001,39.899307,-104.695816,0.285297,12.082501,-0.034155,0.000512
1.000001,39.899307,-104.695816,0.285253,12.082674,-0.036089,0.000344
1.000001,39.899307,-104.695816,0.285447,12.084091,-0.036496,0.000306
1.000001,39.899307,-104.695816,0.285415,12.08439,-0.037691,0.000387
1.003183,39.899307,-104.695816,0.285256,12.083015,-0.035725,0.000407
1.000001,39.899307,-104.695816,0.285558,12.084955,-0.03381,0.000325
1.000001,39.899307,-104.695816,0.285308,12.083856,-0.036208,0.000127
1.000001,39.899307,-104.695816,0.28532,12.083853,-0.034206,0.00019
1.000001,39.899307,-104.695816,0.285138,12.083368,-0.03852,0.000458
1.000001,39.899307,-104.695816,0.285333,12.083176,-0.039182,0.000433
1.000001,39.899307,-104.695816,0.285394,12.083683,-0.034596,0.000614
1.004337,39.899307,-104.695816,0.285052,12.082266,-0.032044,0.000139
1.000001,39.899307,-104.695816,0.285298,12.083466,-0.035625,0.000873
1.000001,39.899307,-104.695816,0.285069,12.082332,-0.03518,0.000344
1.000001,39.899307,-104.695816,0.285381,12.083219,-0.031699,0.000656
1.000001,39.899307,-104.695816,0.285267,12.084047,-0.035773,0.000794
1.000001,39.899307,-104.695816,0.285405,12.081697,-0.036195,0.000614
1.000001,39.899307,-104.695816,0.285295,12.082659,-0.039226,0.00021
1.000001,39.899307,-104.695816,0.285406,12.084234,-0.037163,0.00088
1.000001,39.899307,-104.695816,0.285225,12.082728,-0.035749,0.000622
1.000001,39.899307,-104.695816,0.285312,12.083867,-0.033831,0.000477
1.000001,39.899307,-104.695816,0.28538,12.083447,-0.040552,0.000501
1.000001,39.899307,-104.695816,0.285346,12.082149,-0.030808,0.000587
1.000001,39.899307,-104.695816,0.285307,12.083435,-0.037915,0.000953
1.000001,39.899307,-104.695816,0.285397,12.083517,-0.035498,0.001062
1.000001,39.899307,-104.695816,0.285368,12.083584,-0.038106,0.00048
1.000001,39.899307,-104.695816,0.285305,12.083761,-0.034389,0.000469
1.000001,39.899307,-104.695816,0.285367,12.082792,-0.04211,0.000749
1.000001,39.899307,-104.695816,0.285298,12.082719,-0.037069,0.000555
1.000001,39.899307,-104.695816,0.285332,12.08366,-0.034766,0.000155
1.000001,39.899307,-104.695816,0.285291,12.082635,-0.037402,0.000519
1.005716,39.899307,-104.695816,0.285265,12.083527,-0.037344,0.000441
1.000001,39.899307,-104.695816,0.285058,12.081847,-0.036871,0.000389
1.000001,39.899307,-104.695816,0.285582,12.083703,-0.033814,0.000371
1.000001,39.899307,-104.695816,0.285208,12.082836,-0.033329,0.000388
1.000001,39.899307,-104.695816,0.285497,12.083304,-0.038468,0.000956
1.000001,39.899307,-104.695816,0.285328,12.083842,-0.034254,0.001044
1.000001,39.899307,-104.695816,0.285143,12.082389,-0.033094,0.001339
1.000001,39.899307,-104.695816,0.285386,12.083559,-0.034602,0.000354
1.000001,39.899307,-104.695816,0.285488,12.084011,-0.035294,0.000298
1.000001,39.899307,-104.695816,0.285465,12.084038,-0.037846,0.000356
1.000001,39.899307,-104.695816,0.285175,12.08236,-0.031734,0.00047
1.000001,39.899307,-104.695816,0.285269,12.083209,-0.037463,0.00067
1.000001,39.899307,-104.695816,0.285325,12.08267,-0.039898,0.000747
1.000001,39.899307,-104.695816,0.285326,12.083631,-0.035105,0.00082
1.000001,39.899307,-104.695816,0.285323,12.083053,-0.037603,0.001129
1.000001,39.899307,-104.695816,0.285357,12.084815,-0.037413,0.000295
1.000001,39.899307,-104.695816,0.285352,12.0834,-0.033891,0.00028
1.000001,39.899307,-104.695816,0.285174,12.08332,-0.035251,0.000624
1.000001,39.899307,-104.695816,0.285482,12.084334,-0.033276,0.000701
1.000001,39.899307,-104.695816,0.285436,12.083825,-0.035483,0.000396
1.000001,39.899307,-104.695816,0.285336,12.083609,-0.031759,0.000274
1.000001,39.899307,-104.695816,0.285365,12.082156,-0.037271,0.000421
1.000001,39.899307,-104.695816,0.285576,12.083951,-0.036238,0.000585
1.000001,39.899307,-104.695816,0.285455,12.083556,-0.03601,0.000284
1.000001,39.899307,-104.695816,0.285357,12.082256,-0.036241,0.000679
1.000001,39.899307,-104.695816,0.285402,12.084233,-0.031246,0.000721
1.000001,39.899307,-104.695816,0.285315,12.083655,-0.038215,0.000134
1.000001,39.899307,-104.695816,0.28546,12.083366,-0.035398,0.000186
1.000001,39.899307,-104.695816,0.28552,12.084992,-0.037409,0.00041
1.000001,39.899307,-104.695816,0.285348,12.083913,-0.031822,0.000839
1.000001,39.899307,-104.695816,0.285495,12.084371,-0.037712,0.000668
1.000001,39.899307,-104.695816,0.285177,12.08426,-0.037043,0.000135
1.000001,39.899307,-104.695816,0.285316,12.083393,-0.038004,0.000457
1.000001,39.899307,-104.695816,0.285264,12.083467,-0.034896,0.000757
1.000001,39.899307,-104.695816,0.285236,12.083407,-0.039842,0.000846
1.000001,39.899307,-104.695816,0.285547,12.084383,-0.03706,0.00021
1.000001,39.899307,-104.695816,0.285284,12.083286,-0.036316,0.000189
1.000001,39.899307,-104.695816,0.28563,12.085296,-0.036349,0.000743
1.000001,39.899307,-104.695816,0.285362,12.083416,-0.037935,0.000281
1.000001,39.899307,-104.695816,0.285512,12.084068,-0.036466,0.000451
1.000001,39.899307,-104.695816,0.285476,12.083411,-0.037989,0.000883
1.000001,39.899307,-104.695816,0.285435,12.083546,-0.031059,0.000331
1.000001,39.899307,-104.695816,0.285507,12.085335,-0.040195,0.000157
1.000001,39.899307,-104.695816,0.28528,12.083666,-0.032056,0.000509
1.000001,39.899307,-104.695816,0.2855,12.085219,-0.035311,0.000448
1.000001,39.899307,-104.695816,0.285567,12.085582,-0.037651,0.000195
1.000001,39.899307,-104.695816,0.285248,12.082653,-0.036923,0.000464
1.000001,39.899307,-104.695816,0.285413,12.084039,-0.037744,0.000539
1.000001,39.899307,-104.695816,0.285484,12.084463,-0.038077,0.00045
1.000001,39.899307,-104.695816,0.285496,12.084354,-0.032635,0.000424
1.000001,39.899307,-104.695816,0.285273,12.083663,-0.033085,0.000527
1.000001,39.899307,-104.695816,0.285447,12.084444,-0.031168,0.000184
1.000001,39.899307,-104.695816,0.285601,12.084624,-0.038632,0.000335
1.000001,39.899307,-104.695816,0.285351,12.083464,-0.036932,0.000513
1.000001,39.899307,-104.695816,0.285386,12.084126,-0.036648,0.000325
1.000001,39.899307,-104.695816,0.285158,12.081953,-0.038136,0.000881
1.000001,39.899307,-104.695816,0.285311,12.083681,-0.033706,0.0004
1.000001,39.899307,-104.695816,0.285426,12.083958,-0.03758,0.000576
1.000001,39.899307,-104.695816,0.285429,12.0839,-0.037065,0.000721
1.000001,39.899307,-104.695816,0.285473,12.08414,-0.037178,0.000258
1.000001,39.899307,-104.695816,0.285162,12.08263,-0.033304,0.000607
1.000001,39.899307,-104.695816,0.285523,12.084058,-0.03371,0.00031
1.000001,39.899307,-104.695816,0.285311,12.082842,-0.03588,0.000551
1.000001,39.899307,-104.695816,0.285293,12.081743,-0.04078,0.000714
1.000001,39.899307,-104.695816,0.285274,12.082874,-0.033411,0.000465
1.000001,39.899307,-104.695816,0.28523,12.082848,-0.034282,0.000589
1.000001,39.899307,-104.695816,0.285342,12.083361,-0.040588,0.000411
1.000001,39.899307,-104.695816,0.285461,12.084417,-0.035688,0.001066
1.000001,39.899307,-104.695816,0.285324,12.082685,-0.035902,0.000387
1.000001,39.899307,-104.695816,0.285355,12.082876,-0.037929,0.00047
1.000001,39.899307,-104.695816,0.285258,12.082694,-0.032781,0.000542
1.000001,39.899307,-104.695816,0.285456,12.084045,-0.032642,0.000721
1.000001,39.899307,-104.695816,0.285291,12.082891,-0.033821,0.000488
1.000001,39.899307,-104.695816,0.285338,12.083195,-0.036175,0.000586
1.000001,39.899307,-104.695816,0.285429,12.08327,-0.03443,0.000464
1.000001,39.899307,-104.695816,0.285363,12.082888,-0.035943,0.00038
1.000001,39.899307,-104.695816,0.285368,12.084218,-0.036809,0.000273
1.000001,39.899307,-104.695816,0.285281,12.083404,-0.038159,0.000229
1.000001,39.899307,-104.695816,0.285356,12.083097,-0.038203,0.000444
1.000001,39.899307,-104.695816,0.2856,12.085327,-0.036763,0.000826
1.000001,39.899307,-104.695816,0.285281,12.083364,-0.035215,0.000776
1.000001,39.899307,-104.695816,0.285372,12.083915,-0.037281,0.000373
1.000001,39.899307,-104.695816,0.285438,12.083727,-0.033709,0.000507
1.000001,39.899307,-104.695816,0.285319,12.082692,-0.037338,0.000359
1.000001,39.899307,-104.695816,0.285502,12.084073,-0.033767,0.000843
1.000001,39.899307,-104.695816,0.285317,12.082984,-0.032263,0.000213
1.000001,39.899307,-104.695816,0.285422,12.082945,-0.036945,0.00075
1.000001,39.899307,-104.695816,0.285513,12.084588,-0.039662,0.00049
1.000001,39.899307,-104.695816,0.285487,12.084774,-0.033126,0.000562
1.000001,39.899307,-104.695816,0.285448,12.084174,-0.038258,0.000475
1.000001,39.899307,-104.695816,0.285488,12.084316,-0.038162,0.000939
1.000001,39.899307,-104.695816,0.285301,12.083568,-0.037206,0.000677
1.000001,39.899307,-104.695816,0.285331,12.082982,-0.035703,0.000367
1.000001,39.899307,-104.695816,0.285604,12.084215,-0.036353,0.00121
1.000001,39.899307,-104.695816,0.285507,12.084492,-0.038609,0.000322
1.000001,39.899307,-104.695816,0.285399,12.083596,-0.036876,0.000778
1.000001,39.899307,-104.695816,0.285493,12.084817,-0.031953,0.000979
1.000001,39.899307,-104.695816,0.285367,12.083701,-0.033194,0.000127
1.000001,39.899307,-104.695816,0.285337,12.083066,-0.037834,0.000497
1.000001,39.899307,-104.695816,0.285225,12.081978,-0.033089,0.001045
1.000001,39.899307,-104.695816,0.285362,12.083584,-0.036449,0.000137
1.000001,39.899307,-104.695816,0.28531,12.083545,-0.037037,0.000354
1.000001,39.899307,-104.695816,0.285339,12.08402,-0.037609,0.000743
1.000001,39.899307,-104.695816,0.285518,12.084273,-0.039182,8.7e-05
1.000001,39.899307,-104.695816,0.285659,12.084673,-0.033356,0.00105
1.000001,39.899307,-104.695816,0.285485,12.084761,-0.040464,0.001246
1.000001,39.899307,-104.695816,0.285282,12.083091,-0.038965,0.000488
1.000001,39.899307,-104.695816,0.285503,12.083906,-0.035282,0.000611
1.000001,39.899307,-104.695816,0.285407,12.083283,-0.031507,0.000124
1.000001,39.899307,-104.695816,0.285672,12.085581,-0.037936,0.000558
1.000001,39.899307,-104.695816,0.285412,12.083414,-0.038487,0.000265
1.000001,39.899307,-104.695816,0.285299,12.084413,-0.033791,0.000493
1.000001,39.899307,-104.695816,0.285456,12.084494,-0.038215,0.000734
1.000001,39.899307,-104.695816,0.285404,12.083807,-0.033285,0.000548
1.000001,39.899307,-104.695816,0.285399,12.083904,-0.032733,0.000313
1.006471,39.899307,-104.695816,0.285387,12.083223,-0.036837,0.000613
1.000001,39.899307,-104.695816,0.285465,12.084446,-0.036574,0.000289
1.000001,39.899307,-104.695816,0.285656,12.085033,-0.036995,0.000418
1.000001,39.899307,-104.695816,0.28542,12.083623,-0.033796,0.001027
1.000001,39.899307,-104.695816,0.285255,12.083708,-0.037328,0.000859
1.000001,39.899307,-104.695816,0.285468,12.084829,-0.042013,0.00101
1.000001,39.899307,-104.695816,0.28554,12.084803,-0.036007,0.000224
1.000001,39.899307,-104.695816,0.285282,12.082749,-0.037725,0.00049
1.000001,39.899307,-104.695816,0.285605,12.084998,-0.034181,0.001182
1.000001,39.899307,-104.695816,0.285551,12.085001,-0.033903,0.000219
1.000001,39.899307,-104.695816,0.285467,12.084613,-0.029922,0.000711
1.000001,39.899307,-104.695816,0.285305,12.083213,-0.033045,0.000765
1.000001,39.899307,-104.695816,0.285354,12.082891,-0.035785,0.000156
1.000001,39.899307,-104.695816,0.285492,12.083762,-0.035391,0.000512
1.000001,39.899307,-104.695816,0.285547,12.084561,-0.035925,3.4e-05
1.003475,39.899307,-104.695816,0.285335,12.083411,-0.038463,0.000222
1.000001,39.899307,-104.695816,0.285419,12.083608,-0.033106,0.000215
1.000001,39.899307,-104.695816,0.285402,12.083379,-0.035227,0.000319
1.000001,39.899307,-104.695816,0.285423,12.08379,-0.035494,0.00069
1.000001,39.899307,-104.695816,0.285233,12.084065,-0.038065,0.000438
1.000001,39.899307,-104.695816,0.285433,12.084121,-0.037851,0.000157
1.000001,39.899307,-104.695816,0.285474,12.085107,-0.034945,0.000241
1.005231,39.899307,-104.695816,0.285198,12.083485,-0.033811,0.001119
1.000001,39.899307,-104.695816,0.28543,12.08409,-0.037629,0.000351
1.000001,39.899307,-104.695816,0.285232,12.082531,-0.032905,0.000446
1.000001,39.899307,-104.695816,0.285554,12.083753,-0.029563,0.000411
1.000001,39.899307,-104.695816,0.285484,12.083518,-0.033931,0.000374
1.000001,39.899307,-104.695816,0.285459,12.084027,-0.037066,0.000827
1.000001,39.899307,-104.695816,0.285551,12.085532,-0.036327,0.000211
1.000001,39.899307,-104.695816,0.285315,12.083546,-0.037698,0.000383
1.000001,39.899307,-104.695816,0.285348,12.084598,-0.036286,0.000513
1.000001,39.899307,-104.695816,0.285495,12.084569,-0.034238,0.000131
1.000001,39.899307,-104.695816,0.285545,12.085009,-0.037568,0.000633
1.000001,39.899307,-104.695816,0.285496,12.083542,-0.031733,0.000792
1.000001,39.899307,-104.695816,0.285522,12.084795,-0.04038,0.000556
1.000001,39.899307,-104.695816,0.285521,12.084388,-0.033194,0.000532
1.000001,39.899307,-104.695816,0.285405,12.08314,-0.038163,0.00039
1.000001,39.899307,-104.695816,0.285435,12.083551,-0.033798,0.000448
1.000001,39.899307,-104.695816,0.285658,12.084567,-0.040782,0.000512
1.000001,39.899307,-104.695816,0.285242,12.082694,-0.03682,0.000378
1.000001,39.899307,-104.695816,0.28539,12.08327,-0.033812,0.00018
1.000001,39.899307,-104.695816,0.285433,12.081886,-0.034501,0.00047
1.000001,39.899307,-104.695816,0.285405,12.08429,-0.035999,0.000654
1.000001,39.899307,-104.695816,0.285196,12.082664,-0.034414,0.000184
1.000001,39.899307,-104.695816,0.285711,12.084911,-0.034258,0.000276
1.000001,39.899307,-104.695816,0.285424,12.083778,-0.033017,0.000659
1.000001,39.899307,-104.695816,0.285723,12.084648,-0.037057,0.000469
1.000001,39.899307,-104.695816,0.285333,12.083078,-0.033725,0.000567
1.000001,39.899307,-104.695816,0.285513,12.084366,-0.035104,0.000978
1.000001,39.899307,-104.695816,0.285438,12.084037,-0.035516,0.000936
1.000001,39.899307,-104.695816,0.285646,12.085187,-0.034535,0.000532
1.000001,39.899307,-104.695816,0.285614,12.084715,-0.03704,0.000168
1.000001,39.899307,-104.695816,0.285117,12.080687,-0.03377,0.000338
1.000001,39.899307,-104.695816,0.285345,12.083393,-0.039082,0.000325
1.000001,39.899307,-104.695816,0.285401,12.082603,-0.041612,0.000341
1.000001,39.899307,-104.695816,0.28544,12.084811,-0.036126,0.000787
1.000001,39.899307,-104.695816,0.285431,12.084039,-0.033362,0.000406
1.000001,39.899307,-104.695816,0.285262,12.083844,-0.035072,0.00035
1.000001,39.899307,-104.695816,0.285522,12.084994,-0.032148,0.000503
1.000001,39.899307,-104.695816,0.285271,12.083735,-0.03769,7.9e-05
1.000001,39.899307,-104.695816,0.28561,12.084675,-0.033427,0.000597
1.000001,39.899307,-104.695816,0.28561,12.085269,-0.03615,0.000274
1.000001,39.899307,-104.695816,0.28541,12.084324,-0.032421,0.000322
1.000001,39.899307,-104.695816,0.285504,12.084177,-0.035549,0.000627
1.000001,39.899307,-104.695816,0.285602,12.084733,-0.040316,0.00059
1.000001,39.899307,-104.695816,0.285529,12.084237,-0.03578,0.000556
1.000001,39.899307,-104.695816,0.285444,12.082963,-0.040783,0.000556
1.000001,39.899307,-104.695816,0.285597,12.084638,-0.034683,0.000772
1.000001,39.899307,-104.695816,0.285491,12.083489,-0.037786,0.000783
1.000001,39.899307,-104.695816,0.285496,12.084381,-0.035877,0.00064
1.000001,39.899307,-104.695816,0.285544,12.084931,-0.037994,0.000183
1.000001,39.899307,-104.695816,0.285345,12.083908,-0.034113,0.00108
1.000001,39.899307,-104.695816,0.285435,12.083522,-0.041268,0.000496
1.000001,39.899307,-104.695816,0.285341,12.084473,-0.034851,0.000531
1.000001,39.899307,-104.695816,0.285511,12.083799,-0.036734,0.000272
1.000001,39.899307,-104.695816,0.285322,12.084032,-0.039359,0.00059
1.003564,39.899307,-104.695816,0.285322,12.084367,-0.035754,0.00104
1.000001,39.899307,-104.695816,0.285701,12.085033,-0.037644,0.000171
1.000001,39.899307,-104.695816,0.28554,12.084615,-0.036588,0.000176
1.000001,39.899307,-104.695816,0.285846,12.08641,-0.035057,0.000103
1.000001,39.899307,-104.695816,0.285535,12.084738,-0.038625,0.000336
1.000001,39.899307,-104.695816,0.285465,12.083214,-0.035625,0.000563
1.000001,39.899307,-104.695816,0.285491,12.083947,-0.034724,0.000715
1.000001,39.899307,-104.695816,0.285545,12.084577,-0.032592,0.000396
1.000001,39.899307,-104.695816,0.285423,12.083969,-0.038504,0.000439
1.000001,39.899307,-104.695816,0.285401,12.084177,-0.034638,0.000985
1.000001,39.899307,-104.695816,0.285621,12.083938,-0.038414,0.00043
1.002278,39.899307,-104.695816,0.285552,12.085587,-0.038578,0.001071
1.000001,39.899307,-104.695816,0.285365,12.083631,-0.034292,0.000229
1.000001,39.899307,-104.695816,0.28542,12.083302,-0.038652,0.000504
1.000001,39.899307,-104.695816,0.28563,12.0851,-0.036551,0.000513
1.000001,39.899307,-104.695816,0.285695,12.085654,-0.030948,0.000342
1.000001,39.899307,-104.695816,0.285457,12.084237,-0.03361,0.001362
1.000001,39.899307,-104.695816,0.285528,12.084395,-0.032793,0.00071
1.000001,39.899307,-104.695816,0.285642,12.08524,-0.038375,0.00059
1.000001,39.899307,-104.695816,0.285535,12.083621,-0.035783,0.000571
1.000001,39.899307,-104.695816,0.285511,12.083853,-0.036267,0.000487
1.000001,39.899307,-104.695816,0.285268,12.082181,-0.035637,0.000932
1.000001,39.899307,-104.695816,0.285431,12.083785,-0.034365,0.000732
1.000001,39.899307,-104.695816,0.285507,12.082087,-0.038587,0.000604
1.000001,39.899307,-104.695816,0.285623,12.08562,-0.036526,0.000691
1.000001,39.899307,-104.695816,0.285648,12.083745,-0.037437,0.000194
1.000001,39.899307,-104.695816,0.285449,12.082704,-0.033621,0.000649
1.000001,39.899307,-104.695816,0.285543,12.08335,-0.035435,0.000838
1.000001,39.899307,-104.695816,0.285488,12.083574,-0.036554,0.000252
1.000001,39.899307,-104.695816,0.285458,12.082388,-0.040458,0.000659
1.000001,39.899307,-104.695816,0.285438,12.083921,-0.036269,0.000374
1.000001,39.899307,-104.695816,0.285367,12.082863,-0.03534,0.000461
1.000001,39.899307,-104.695816,0.2854,12.0832,-0.039075,0.000162
1.000001,39.899307,-104.695816,0.285424,12.084293,-0.036635,0.000694
1.000001,39.899307,-104.695816,0.28538,12.082898,-0.038651,0.000512
1.000001,39.899307,-104.695816,0.285614,12.08472,-0.039254,0.000363
1.007521,39.899307,-104.695816,0.285525,12.083029,-0.03255,0.001024
1.000001,39.899307,-104.695816,0.285516,12.083755,-0.030161,0.000658
1.000001,39.899307,-104.695816,0.285276,12.082955,-0.034154,0.0007
1.000001,39.899307,-104.695816,0.285363,12.082621,-0.036575,0.000467
1.000001,39.899307,-104.695816,0.285562,12.083994,-0.037153,0.000448
1.000001,39.899307,-104.695816,0.285563,12.083906,-0.035608,0.000567
1.000001,39.899307,-104.695816,0.285414,12.083257,-0.035608,0.000373
1.000001,39.899307,-104.695816,0.285418,12.083705,-0.037826,0.000337
1.000001,39.899307,-104.695816,0.285428,12.083307,-0.037524,0.000429
1.000001,39.899307,-104.695816,0.285621,12.084648,-0.037061,0.000658
1.000001,39.899307,-104.695816,0.285351,12.083643,-0.03334,0.00063
1.000001,39.899307,-104.695816,0.285484,12.08449,-0.038131,0.000263
1.000001,39.899307,-104.695816,0.285471,12.084016,-0.034372,5.2e-05
1.000001,39.899307,-104.695816,0.285449,12.083273,-0.036405,9.6e-05
1.000001,39.899307,-104.695816,0.285866,12.086087,-0.035813,0.000881
1.000001,39.899307,-104.695816,0.285246,12.082174,-0.03285,0.000264
1.001415,39.899307,-104.695816,0.285422,12.08362,-0.039007,0.000438
1.000001,39.899307,-104.695816,0.285544,12.08443,-0.041847,0.000536
1.000001,39.899307,-104.695816,0.285682,12.083213,-0.036375,0.000993
1.000001,39.899307,-104.695816,0.28555,12.084806,-0.035944,0.000389
1.000001,39.899307,-104.695816,0.285522,12.083685,-0.037925,0.000903
1.000001,39.899307,-104.695816,0.285436,12.084122,-0.036625,0.000435
1.000001,39.899307,-104.695816,0.285403,12.083529,-0.033539,0.000308
1.000001,39.899307,-104.695816,0.285695,12.085074,-0.038184,0.000229
1.000001,39.899307,-104.695816,0.285559,12.084397,-0.036626,0.000494
1.000001,39.899307,-104.695816,0.285548,12.08424,-0.035265,0.000263
1.000001,39.899307,-104.695816,0.28562,12.084645,-0.030782,8e-05
1.000001,39.899307,-104.695816,0.285458,12.084465,-0.033974,0.00026
1.000001,39.899307,-104.695816,0.285309,12.083077,-0.036451,0.000298
1.000001,39.899307,-104.695816,0.28535,12.082849,-0.029462,0.000463
1.000001,39.899307,-104.695816,0.285471,12.084211,-0.035262,0.000584
1.000001,39.899307,-104.695816,0.285391,12.083757,-0.037134,0.000176
1.000001,39.899307,-104.695816,0.285455,12.08374,-0.037958,0.00082
1.000001,39.899307,-104.695816,0.285542,12.083954,-0.036755,0.000444
1.000001,39.899307,-104.695816,0.285644,12.084452,-0.03437,0.000349
1.005056,39.899307,-104.695816,0.28556,12.084792,-0.042485,0.000745
1.000001,39.899307,-104.695816,0.285309,12.08311,-0.037856,0.00057
1.000001,39.899307,-104.695816,0.285717,12.084666,-0.03397,0.000324
1.000001,39.899307,-104.695816,0.285568,12.084551,-0.031288,0.00017
1.000001,39.899307,-104.695816,0.285824,12.086006,-0.038357,0.000178
1.000001,39.899307,-104.695816,0.285653,12.083856,-0.038616,0.000598
1.000001,39.899307,-104.695816,0.28548,12.085071,-0.034047,0.000404
1.000001,39.899307,-104.695816,0.285498,12.084471,-0.040177,0.000836
1.000001,39.899307,-104.695816,0.285498,12.083983,-0.031593,0.000382
1.000001,39.899307,-104.695816,0.285484,12.083354,-0.033306,0.000636
1.000001,39.899307,-104.695816,0.285599,12.084446,-0.036455,0.000637
1.000001,39.899307,-104.695816,0.285508,12.084043,-0.036556,0.000228
1.000001,39.899307,-104.695816,0.285761,12.085349,-0.034282,0.000284
1.000001,39.899307,-104.695816,0.285558,12.084757,-0.037262,0.000818
1.000001,39.899307,-104.695816,0.285401,12.082922,-0.039596,0.000912
1.000001,39.899307,-104.695816,0.285585,12.08461,-0.039797,0.000871
1.000001,39.899307,-104.695816,0.285706,12.085166,-0.035252,0.000613
1.000001,39.899307,-104.695816,0.285498,12.08372,-0.037839,0.000465
1.000001,39.899307,-104.695816,0.285638,12.085062,-0.037406,0.000715
1.000001,39.899307,-104.695816,0.285603,12.084558,-0.035553,0.000524
1.000001,39.899307,-104.695816,0.285482,12.084369,-0.032669,0.000399
1.000001,39.899307,-104.695816,0.285461,12.083721,-0.036539,0.000814
1.000001,39.899307,-104.695816,0.285486,12.083165,-0.036574,0.000645
1.000001,39.899307,-104.695816,0.28556,12.084128,-0.033107,0.00047
1.000001,39.899307,-104.695816,0.285579,12.084823,-0.034157,0.000337
1.000001,39.899307,-104.695816,0.285495,12.083646,-0.036971,0.000403
1.000001,39.899307,-104.695816,0.285689,12.085166,-0.036061,0.000521
1.000001,39.899307,-104.695816,0.285614,12.084213,-0.034101,0.000275
1.000001,39.899307,-104.695816,0.285525,12.084605,-0.036455,0.000778
1.000001,39.899307,-104.695816,0.285426,12.083794,-0.037299,0.000387
1.000001,39.899307,-104.695816,0.285447,12.083615,-0.037273,0.00042
1.000001,39.899307,-104.695816,0.285569,12.08516,-0.036285,0.000591
1.000001,39.899307,-104.695816,0.285279,12.081201,-0.03408,0.000457
1.000001,39.899307,-104.695816,0.285463,12.083662,-0.036726,0.000459
1.000001,39.899307,-104.695816,0.285362,12.082833,-0.033616,0.000367
1.000001,39.899307,-104.695816,0.285694,12.084267,-0.034311,0.000383
1.000001,39.899307,-104.695816,0.285618,12.084567,-0.03523,0.000259
1.000001,39.899307,-104.695816,0.28546,12.083879,-0.035205,0.0007
1.000001,39.899307,-104.695816,0.285645,12.084905,-0.03401,0.00019
1.000001,39.899307,-104.695816,0.285351,12.083476,-0.034906,0.000431
1.000001,39.899307,-104.695816,0.285568,12.084991,-0.036255,0.000458
1.000001,39.899307,-104.695816,0.285532,12.08413,-0.033842,0.000495
1.000001,39.899307,-104.695816,0.285755,12.086027,-0.037345,0.000488
1.000001,39.899307,-104.695816,0.285608,12.085041,-0.032555,0.000473
1.000001,39.899307,-104.695816,0.28563,12.084579,-0.037108,0.00068
1.000001,39.899307,-104.695816,0.285681,12.085708,-0.035141,0.00065
1.000001,39.899307,-104.695816,0.285637,12.084413,-0.037735,0.000467
1.000001,39.899307,-104.695816,0.285462,12.082915,-0.03337,0.00037
1.000001,39.899307,-104.695816,0.285714,12.084597,-0.040299,0.000359
1.000001,39.899307,-104.695816,0.285276,12.082099,-0.036387,0.00061
1.000001,39.899307,-104.695816,0.285609,12.084696,-0.035686,0.000275
1.000001,39.899307,-104.695816,0.285734,12.086185,-0.034548,0.000253
1.000001,39.899307,-104.695816,0.28559,12.084213,-0.033871,0.000282
1.000001,39.899307,-104.695816,0.285415,12.083168,-0.034793,0.000309
1.000001,39.899307,-104.695816,0.285749,12.085292,-0.03209,0.000727
1.000001,39.899307,-104.695816,0.285555,12.084448,-0.032674,0.000507
1.000001,39.899307,-104.695816,0.285863,12.085693,-0.036867,0.000312
1.000001,39.899307,-104.695816,0.285447,12.084311,-0.033078,0.000448
1.000001,39.899307,-104.695816,0.285657,12.084283,-0.036758,0.000386
1.000001,39.899307,-104.695816,0.285476,12.084318,-0.036596,0.000504
1.000001,39.899307,-104.695816,0.285692,12.08593,-0.034604,0.000299
1.000001,39.899307,-104.695816,0.285815,12.085815,-0.03496,0.000702
1.000001,39.899307,-104.695816,0.285367,12.083644,-0.03676,0.000293
1.000001,39.899307,-104.695816,0.285539,12.085204,-0.037901,0.000535
1.000001,39.899307,-104.695816,0.285472,12.082965,-0.03944,0.000696
1.000001,39.899307,-104.695816,0.28549,12.084618,-0.036326,0.001125
1.000001,39.899307,-104.695816,0.285535,12.084816,-0.035121,0.000286
1.000001,39.899307,-104.695816,0.285489,12.08379,-0.035682,0.000472
1.000001,39.899307,-104.695816,0.285701,12.085014,-0.033283,0.000351
1.000001,39.899307,-104.695816,0.285414,12.084035,-0.036712,0.000419
1.000001,39.899307,-104.695816,0.285764,12.085166,-0.03417,0.000586
1.000001,39.899307,-104.695816,0.285508,12.084751,-0.034601,0.000453
1.000001,39.899307,-104.695816,0.28555,12.085163,-0.031712,0.000243
1.000001,39.899307,-104.695816,0.285651,12.084931,-0.033984,0.0004
1.000001,39.899307,-104.695816,0.285645,12.084689,-0.041973,0.000294
1.000001,39.899307,-104.695816,0.285575,12.08436,-0.035152,0.000325
1.000001,39.899307,-104.695816,0.285556,12.083799,-0.039854,0.000323
1.005263,39.899307,-104.695816,0.285603,12.084329,-0.036308,0.000429
1.000001,39.899307,-104.695816,0.28571,12.085323,-0.03583,0.000741
1.000001,39.899307,-104.695816,0.285463,12.084234,-0.035517,0.000274
1.000001,39.899307,-104.695816,0.285647,12.085195,-0.038674,0.000514
1.000001,39.899307,-104.695816,0.285502,12.084655,-0.035175,0.000228
1.000001,39.899307,-104.695816,0.285516,12.083924,-0.041017,0.000276
1.000001,39.899307,-104.695816,0.285582,12.084409,-0.036423,0.000649
1.000001,39.899307,-104.695816,0.285634,12.084385,-0.038288,0.000198
1.000001,39.899307,-104.695816,0.285483,12.084446,-0.039333,0.000606
1.000001,39.899307,-104.695816,0.285613,12.0832,-0.033462,0.000807
1.00346,39.899307,-104.695816,0.285687,12.084634,-0.036903,0.000355
1.000001,39.899307,-104.695816,0.285653,12.084679,-0.036859,0.000396
1.000001,39.899307,-104.695816,0.285966,12.086295,-0.03707,0.000345
1.000001,39.899307,-104.695816,0.285554,12.084117,-0.038994,0.000396
1.000001,39.899307,-104.695816,0.285501,12.084011,-0.036962,0.000322
1.000001,39.899307,-104.695816,0.285595,12.084109,-0.035039,0.000246
1.000001,39.899307,-104.695816,0.285711,12.084526,-0.03271,0.000684
1.000001,39.899307,-104.695816,0.285512,12.084065,-0.036537,0.000155
1.000001,39.899307,-104.695816,0.285535,12.084834,-0.037715,0.00084
1.000001,39.899307,-104.695816,0.285638,12.084368,-0.036567,0.00039
1.000001,39.899307,-104.695816,0.28542,12.082372,-0.038017,0.000932
1.000001,39.899307,-104.695816,0.285457,12.083892,-0.034588,0.000264
1.000001,39.899307,-104.695816,0.285558,12.082043,-0.039366,0.00081
1.000001,39.899307,-104.695816,0.285566,12.084438,-0.036318,0.000787
1.000001,39.899307,-104.695816,0.28573,12.085713,-0.033074,0.000531
1.000001,39.899307,-104.695816,0.285523,12.084316,-0.035097,0.000469
1.000001,39.899307,-104.695816,0.285632,12.084416,-0.033551,0.000558
1.000001,39.899307,-104.695816,0.285615,12.084815,-0.039616,0.000506
1.000001,39.899307,-104.695816,0.28579,12.085041,-0.036785,0.000148
1.000001,39.899307,-104.695816,0.28561,12.084593,-0.03892,0.000503
1.000001,39.899307,-104.695816,0.285469,12.083305,-0.033908,0.000359
1.000001,39.899307,-104.695816,0.285534,12.08388,-0.035111,0.000309
1.000001,39.899307,-104.695816,0.285543,12.083931,-0.038712,0.000314
1.000001,39.899307,-104.695816,0.285565,12.084412,-0.037292,0.001255
1.000001,39.899307,-104.695816,0.285493,12.083002,-0.036056,0.000867
1.000001,39.899307,-104.695816,0.285559,12.084823,-0.037722,0.000488
1.000001,39.899307,-104.695816,0.285527,12.084588,-0.039644,0.000739
1.000001,39.899307,-104.695816,0.285552,12.084332,-0.035252,0.000324
1.000001,39.899307,-104.695816,0.285566,12.082756,-0.038147,0.001311
1.000001,39.899307,-104.695816,0.285717,12.085227,-0.037232,0.000378
1.000001,39.899307,-104.695816,0.285452,12.082882,-0.034599,0.000566
1.000001,39.899307,-104.695816,0.285496,12.083428,-0.03597,0.000626
1.000001,39.899307,-104.695816,0.285473,12.083671,-0.036069,0.000401
1.000001,39.899307,-104.695816,0.285587,12.083549,-0.036571,0.000873
1.000001,39.899307,-104.695816,0.285641,12.08399,-0.038387,0.000848
1.000001,39.899307,-104.695816,0.285583,12.085376,-0.037125,0.000882
1.000001,39.899307,-104.695816,0.285603,12.084577,-0.033792,0.000619
1.000001,39.899307,-104.695816,0.285585,12.083791,-0.037279,0.00108
1.000001,39.899307,-104.695816,0.285471,12.083807,-0.037165,0.00024
1.000001,39.899307,-104.695816,0.285721,12.085409,-0.035787,0.000857
1.000001,39.899307,-104.695816,0.285624,12.083859,-0.035414,0.000562
1.000001,39.899307,-104.695816,0.285563,12.083497,-0.036507,0.00033
1.000001,39.899307,-104.695816,0.285515,12.084232,-0.036632,0.000501
1.004118,39.899307,-104.695816,0.28559,12.084101,-0.03621,0.00047
1.000001,39.899307,-104.695816,0.285708,12.085232,-0.03685,0.000298
1.000001,39.899307,-104.695816,0.285515,12.084883,-0.033951,0.000413
1.000001,39.899307,-104.695816,0.285667,12.085093,-0.036333,0.000425
1.000001,39.899307,-104.695816,0.285556,12.083281,-0.034932,7.7e-05
1.000001,39.899307,-104.695816,0.285611,12.082729,-0.034621,0.000517
1.000001,39.899307,-104.695816,0.285907,12.086568,-0.036115,0.001178
1.000001,39.899307,-104.695816,0.28553,12.083981,-0.033847,0.000764
1.000001,39.899307,-104.695816,0.285511,12.084437,-0.038337,0.000809
1.000001,39.899307,-104.695816,0.28563,12.083257,-0.03903,0.000987
1.000001,39.899307,-104.695816,0.285777,12.084625,-0.03876,0.000497
1.000001,39.899307,-104.695816,0.28548,12.084468,-0.03519,0.0008
1.000001,39.899307,-104.695816,0.285452,12.082995,-0.035241,0.000307
1.000001,39.899307,-104.695816,0.28559,12.084193,-0.034818,0.00107
1.000001,39.899307,-104.695816,0.285443,12.083021,-0.032077,0.0007
1.000001,39.899307,-104.695816,0.285857,12.085127,-0.036533,0.000303
1.000001,39.899307,-104.695816,0.285718,12.085401,-0.034114,0.000831
1.000001,39.899307,-104.695816,0.285581,12.084365,-0.033203,0.000333
1.000001,39.899307,-104.695816,0.285701,12.084966,-0.029913,0.00096
1.000001,39.899307,-104.695816,0.28566,12.084666,-0.034615,0.000343
1.000001,39.899307,-104.695816,0.285433,12.083417,-0.036202,0.000362
1.000001,39.899307,-104.695816,0.2854,12.083653,-0.028978,0.000824
1.000001,39.899307,-104.695816,0.285465,12.083934,-0.037624,0.000418
1.000001,39.899307,-104.695816,0.285473,12.082954,-0.036277,0.000222
1.000001,39.899307,-104.695816,0.285673,12.084257,-0.037703,0.000248
1.000001,39.899307,-104.695816,0.28552,12.084105,-0.038375,0.00046
1.000001,39.899307,-104.695816,0.285704,12.085326,-0.033414,0.000122
1.000001,39.899307,-104.695816,0.285495,12.083321,-0.042074,0.000626
1.000001,39.899307,-104.695816,0.285457,12.083587,-0.035527,0.000531
1.000001,39.899307,-104.695816,0.285748,12.085275,-0.034285,0.000749
1.000001,39.899307,-104.695816,0.285597,12.08494,-0.030838,0.000318
1.000001,39.899307,-104.695816,0.285896,12.085903,-0.038458,0.000393
1.000001,39.899307,-104.695816,0.285672,12.084852,-0.036963,0.00057
1.000001,39.899307,-104.695816,0.285643,12.085037,-0.03305,0.000701
1.000001,39.899307,-104.695816,0.285544,12.083722,-0.041687,0.00039
1.000001,39.899307,-104.695816,0.285497,12.084018,-0.032302,0.000325
1.000001,39.899307,-104.695816,0.285567,12.084177,-0.032337,0.000922
1.000001,39.899307,-104.695816,0.285699,12.084894,-0.035014,0.000472
1.000001,39.899307,-104.695816,0.285643,12.084676,-0.034415,0.000766
1.000001,39.899307,-104.695816,0.285799,12.085336,-0.032288,0.000352
1.000001,39.899307,-104.695816,0.285596,12.084952,-0.038563,0.000416
1.000001,39.899307,-104.695816,0.285582,12.084197,-0.041437,0.000417
1.000001,39.899307,-104.695816,0.285751,12.0852,-0.03888,0.000687
1.000001,39.899307,-104.695816,0.285655,12.085011,-0.035407,0.000475
1.000001,39.899307,-104.695816,0.285728,12.084561,-0.037393,0.000471
1.000001,39.899307,-104.695816,0.285702,12.084228,-0.039604,0.000401
1.000001,39.899307,-104.695816,0.285572,12.08467,-0.037297,0.000743
1.000001,39.899307,-104.695816,0.285554,12.084034,-0.031387,0.000366
1.000001,39.899307,-104.695816,0.285567,12.084249,-0.038396,0.000454
1.000001,39.899307,-104.695816,0.285698,12.084153,-0.032489,0.000628
1.000001,39.899307,-104.695816,0.2857,12.084577,-0.030999,0.000602
1.000001,39.899307,-104.695816,0.285654,12.084594,-0.034483,0.000536
1.000001,39.899307,-104.695816,0.285683,12.085255,-0.037078,0.000382
1.000001,39.899307,-104.695816,0.285691,12.084846,-0.039069,0.000645
1.000001,39.899307,-104.695816,0.285716,12.085508,-0.034726,0.000327
1.000001,39.899307,-104.695816,0.285581,12.084086,-0.037117,0.000248
1.000001,39.899307,-104.695816,0.285587,12.084226,-0.036514,0.000298
1.000001,39.899307,-104.695816,0.285674,12.084618,-0.038278,0.000505
1.000001,39.899307,-104.695816,0.285756,12.085359,-0.037077,0.000189
1.000001,39.899307,-104.695816,0.285538,12.082191,-0.033978,0.001002
1.000001,39.899307,-104.695816,0.285486,12.083927,-0.036846,0.000618
1.000001,39.899307,-104.695816,0.285463,12.083702,-0.032804,0.000594
1.000001,39.899307,-104.695816,0.28566,12.084796,-0.032761,0.000373
1.000001,39.899307,-104.695816,0.285756,12.085131,-0.034882,0.000698
1.000001,39.899307,-104.695816,0.285565,12.084677,-0.033632,0.000464
1.000001,39.899307,-104.695816,0.285738,12.084984,-0.035549,0.000285
1.000001,39.899307,-104.695816,0.285608,12.083069,-0.035628,0.00033
1.000001,39.899307,-104.695816,0.285853,12.085611,-0.036257,0.000688
1.000001,39.899307,-104.695816,0.285672,12.085075,-0.030852,0.000606
1.000001,39.899307,-104.695816,0.285796,12.086185,-0.03905,0.000491
1.000001,39.899307,-104.695816,0.285653,12.085231,-0.035865,0.000495
1.000001,39.899307,-104.695816,0.2857,12.08488,-0.034549,0.000408
1.000001,39.899307,-104.695816,0.285588,12.084383,-0.033064,0.000406
1.000001,39.899307,-104.695816,0.285729,12.08502,-0.034537,0.000398
1.000001,39.899307,-104.695816,0.285616,12.084074,-0.032095,0.000599
1.000001,39.899307,-104.695816,0.28571,12.084692,-0.038148,0.001014
1.000001,39.899307,-104.695816,0.285571,12.083512,-0.03942,0.001064
1.001282,39.899307,-104.695816,0.285658,12.084632,-0.036602,0.000268
1.000001,39.899307,-104.695816,0.285746,12.086024,-0.034464,0.000388
1.000001,39.899307,-104.695816,0.285705,12.084954,-0.035248,0.000317
1.000001,39.899307,-104.695816,0.285654,12.083591,-0.034573,0.000823
1.000001,39.899307,-104.695816,0.285718,12.084971,-0.035086,0.000866
1.000001,39.899307,-104.695816,0.285715,12.085032,-0.035717,0.000596
1.000001,39.899307,-104.695816,0.285749,12.085607,-0.036277,0.001043
1.000001,39.899307,-104.695816,0.285727,12.086007,-0.034435,0.000288
1.000001,39.899307,-104.695816,0.285841,12.085377,-0.037384,0.000576
1.000001,39.899307,-104.695816,0.285512,12.084071,-0.036648,0.000607
1.000001,39.899307,-104.695816,0.285825,12.086163,-0.034399,0.000379
1.000001,39.899307,-104.695816,0.285955,12.086191,-0.03563,0.001069
1.000001,39.899307,-104.695816,0.285563,12.085111,-0.039406,0.00046
1.000001,39.899307,-104.695816,0.285585,12.08471,-0.035541,0.000608
1.000001,39.899307,-104.695816,0.285665,12.084432,-0.038563,0.00053
1.000001,39.899307,-104.695816,0.285401,12.083454,-0.039657,0.000275
1.000001,39.899307,-104.695816,0.28579,12.085771,-0.034272,0.000652
1.000001,39.899307,-104.695816,0.285689,12.084688,-0.03677,0.000214
1.000001,39.899307,-104.695816,0.285904,12.086337,-0.032426,0.000471
1.000001,39.899307,-104.695816,0.285639,12.083701,-0.035392,0.00105
1.000001,39.899307,-104.695816,0.285816,12.085459,-0.035268,0.000763
1.000001,39.899307,-104.695816,0.28562,12.085291,-0.03507,0.000579
1.000001,39.899307,-104.695816,0.285651,12.085161,-0.032144,0.000471
1.000001,39.899307,-104.695816,0.285764,12.085281,-0.033168,0.000323
1.000001,39.899307,-104.695816,0.285824,12.085223,-0.041359,0.001074
1.000001,39.899307,-104.695816,0.285773,12.084463,-0.033943,6.8e-05
1.000001,39.899307,-104.695816,0.285767,12.085159,-0.037229,0.000586
1.000001,39.899307,-104.695816,0.28569,12.08469,-0.036118,0.000223
1.002259,39.899307,-104.695816,0.285907,12.085722,-0.03278,0.000294
1.000001,39.899307,-104.695816,0.285592,12.084283,-0.033614,0.000662
1.000001,39.899307,-104.695816,0.285736,12.084519,-0.03616,0.000346
1.000001,39.899307,-104.695816,0.285603,12.084366,-0.033937,0.000446
1.000001,39.899307,-104.695816,0.285731,12.085408,-0.039292,0.000711
1.000001,39.899307,-104.695816,0.285789,12.085135,-0.035311,0.000419
1.000001,39.899307,-104.695816,0.285714,12.084477,-0.038428,0.000363
1.000001,39.899307,-104.695816,0.28563,12.084805,-0.037666,0.000129
1.000001,39.899307,-104.695816,0.285652,12.084516,-0.035006,0.000314
1.000001,39.899307,-104.695816,0.285624,12.084919,-0.037387,0.000775
1.000001,39.899307,-104.695816,0.285838,12.085408,-0.033602,0.000715
1.009874,39.899307,-104.695816,0.285929,12.085481,-0.036658,0.000491
1.000001,39.899307,-104.695816,0.285636,12.084585,-0.038518,0.000489
1.000001,39.899307,-104.695816,0.285623,12.084047,-0.03793,0.000367
1.000001,39.899307,-104.695816,0.285723,12.084308,-0.036222,0.000282
1.000001,39.899307,-104.695816,0.285947,12.085647,-0.035087,0.000502
1.000001,39.899307,-104.695816,0.285615,12.08399,-0.036703,0.000417
1.000001,39.899307,-104.695816,0.285708,12.08571,-0.039174,0.000956
1.000001,39.899307,-104.695816,0.285784,12.084813,-0.035602,0.000411
1.000001,39.899307,-104.695816,0.285545,12.084137,-0.035558,0.000628
1.000001,39.899307,-104.695816,0.285671,12.084792,-0.035094,0.000248
1.000001,39.899307,-104.695816,0.285743,12.085507,-0.037569,0.000179
1.000001,39.899307,-104.695816,0.285523,12.083569,-0.038462,0.000675
1.000001,39.899307,-104.695816,0.285622,12.084551,-0.03315,0.00043
1.000001,39.899307,-104.695816,0.285719,12.084751,-0.03648,4.8e-05
1.000001,39.899307,-104.695816,0.285807,12.085405,-0.034036,0.000217
1.000001,39.899307,-104.695816,0.285643,12.084259,-0.039792,0.000513
1.000001,39.899307,-104.695816,0.285868,12.086057,-0.034917,0.000116
1.000001,39.899307,-104.695816,0.285631,12.084348,-0.039095,0.000471
1.000001,39.899307,-104.695816,0.28555,12.084099,-0.035678,0.000171
1.000001,39.899307,-104.695816,0.285625,12.084435,-0.035982,0.000196
1.000001,39.899307,-104.695816,0.285629,12.084652,-0.036408,0.000262
1.000001,39.899307,-104.695816,0.285662,12.084023,-0.039387,0.000643
1.000001,39.899307,-104.695816,0.285487,12.083112,-0.035866,0.000445
1.000001,39.899307,-104.695816,0.285768,12.085625,-0.040873,0.000639
1.000001,39.899307,-104.695816,0.285534,12.084352,-0.04254,0.000688
1.000001,39.899307,-104.695816,0.285653,12.08434,-0.03424,0.000384
1.000001,39.899307,-104.695816,0.285776,12.083758,-0.035554,0.00037
1.000001,39.899307,-104.695816,0.285769,12.084923,-0.035149,0.000476
1.000001,39.899307,-104.695816,0.28579,12.085368,-0.03341,0.000537
1.000001,39.899307,-104.695816,0.285477,12.083312,-0.035407,0.000255
1.000001,39.899307,-104.695816,0.285497,12.083754,-0.037936,0.000411
1.000001,39.899307,-104.695816,0.285727,12.082795,-0.033056,0.001029
1.000001,39.899307,-104.695816,0.285719,12.084678,-0.033165,0.000375
1.000001,39.899307,-104.695816,0.28575,12.085975,-0.040338,0.000706
1.000001,39.899307,-104.695816,0.285657,12.084773,-0.037931,0.000165
1.000001,39.899307,-104.695816,0.285748,12.084815,-0.03855,0.00013
1.000001,39.899307,-104.695816,0.285701,12.083906,-0.035398,0.000493
1.000001,39.899307,-104.695816,0.285943,12.086202,-0.036328,0.000567
1.000001,39.899307,-104.695816,0.285696,12.085103,-0.035643,0.000621
1.000001,39.899307,-104.695816,0.285624,12.083732,-0.037135,0.000188
1.000001,39.899307,-104.695816,0.285623,12.084474,-0.034688,0.000903
1.000001,39.899307,-104.695816,0.285713,12.085241,-0.038201,0.000378
1.000001,39.899307,-104.695816,0.285859,12.085067,-0.035982,0.000107
1.000001,39.899307,-104.695816,0.285783,12.085156,-0.034638,0.000589
1.000001,39.899307,-104.695816,0.285787,12.085214,-0.036775,0.000338
1.000001,39.899307,-104.695816,0.285669,12.084125,-0.036019,0.000238
1.000001,39.899307,-104.695816,0.285815,12.084602,-0.033124,0.000813
1.000001,39.899307,-104.695816,0.285797,12.085557,-0.035523,0.001327
1.000001,39.899307,-104.695816,0.285726,12.085614,-0.03705,0.000483
1.008269,39.899307,-104.695816,0.285639,12.083557,-0.035128,0.000757
1.000001,39.899307,-104.695816,0.285789,12.083913,-0.03755,0.000566
1.000001,39.899307,-104.695816,0.285896,12.086084,-0.038419,0.000538
1.000001,39.899307,-104.695816,0.285611,12.084269,-0.033398,0.000138
1.000001,39.899307,-104.695816,0.285705,12.08471,-0.033799,0.000342
1.000001,39.899307,-104.695816,0.285901,12.085375,-0.036603,0.000955
1.000001,39.899307,-104.695816,0.285541,12.083509,-0.034491,0.001231
1.000001,39.899307,-104.695816,0.285947,12.085537,-0.035471,0.000489
1.000001,39.899307,-104.695816,0.285893,12.086166,-0.033042,0.00044
1.000001,39.899307,-104.695816,0.285665,12.084025,-0.033315,0.000457
1.000001,39.899307,-104.695816,0.285773,12.086261,-0.033393,0.000895
1.000001,39.899307,-104.695816,0.28585,12.086134,-0.037051,0.00083
1.000001,39.899307,-104.695816,0.28571,12.084711,-0.035205,0.000182
1.000001,39.899307,-104.695816,0.285616,12.083573,-0.031784,0.000574
1.000001,39.899307,-104.695816,0.285678,12.084737,-0.038339,0.000336
1.000001,39.899307,-104.695816,0.285682,12.084227,-0.039057,0.000323
1.000001,39.899307,-104.695816,0.285721,12.085017,-0.036107,0.000337
1.000001,39.899307,-104.695816,0.285713,12.085251,-0.039281,0.000289
1.000001,39.899307,-104.695816,0.285832,12.085657,-0.032314,0.000318
1.000001,39.899307,-104.695816,0.285674,12.083673,-0.039852,0.001016
1.000001,39.899307,-104.695816,0.285668,12.084374,-0.036752,0.000546
1.000001,39.899307,-104.695816,0.285806,12.085885,-0.032009,0.001137
1.000001,39.899307,-104.695816,0.285731,12.085298,-0.035235,0.000331
1.000001,39.899307,-104.695816,0.285977,12.086085,-0.037932,0.000864
1.000001,39.899307,-104.695816,0.285886,12.085435,-0.036632,0.000387
1.000001,39.899307,-104.695816,0.285747,12.085507,-0.032755,0.000561
1.000001,39.899307,-104.695816,0.2857,12.084756,-0.040799,0.000446
1.000001,39.899307,-104.695816,0.285583,12.082861,-0.034267,0.000811
1.00119,39.899307,-104.695816,0.285729,12.084422,-0.034037,0.000663
1.000001,39.899307,-104.695816,0.285844,12.086006,-0.03191,0.000104
1.000001,39.899307,-104.695816,0.285851,12.086183,-0.034823,0.000669
1.000001,39.899307,-104.695816,0.285925,12.084708,-0.03092,0.000677
1.000001,39.899307,-104.695816,0.285773,12.0846,-0.036285,0.000159
1.004762,39.899307,-104.695816,0.285637,12.083982,-0.039644,0.000317
1.000001,39.899307,-104.695816,0.285788,12.085315,-0.038782,0.000528
1.008484,39.899307,-104.695816,0.285713,12.084966,-0.036228,0.00036
1.000001,39.899307,-104.695816,0.285866,12.0852,-0.038628,0.000755
1.000001,39.899307,-104.695816,0.285757,12.084729,-0.036942,0.000308
1.000001,39.899307,-104.695816,0.285538,12.084092,-0.037374,0.000454
1.000001,39.899307,-104.695816,0.285705,12.084291,-0.034111,9e-05
1.000001,39.899307,-104.695816,0.285617,12.084241,-0.03931,0.000429
1.000001,39.899307,-104.695816,0.285909,12.085579,-0.032978,0.000507
1.000001,39.899307,-104.695816,0.285704,12.08322,-0.032963,0.000223
1.000001,39.899307,-104.695816,0.285813,12.085238,-0.034719,0.000318
1.000001,39.899307,-104.695816,0.285861,12.085216,-0.037599,0.000385
1.000001,39.899307,-104.695816,0.285708,12.085019,-0.04046,0.000331
1.000001,39.899307,-104.695816,0.285868,12.085132,-0.03439,0.000638
1.000001,39.899307,-104.695816,0.285804,12.08562,-0.03891,0.000224
1.000001,39.899307,-104.695816,0.285707,12.085163,-0.036088,0.000155
1.000001,39.899307,-104.695816,0.285774,12.085241,-0.037881,0.000215
1.000001,39.899307,-104.695816,0.285845,12.085459,-0.036688,0.000469
1.000001,39.899307,-104.695816,0.28579,12.084024,-0.033951,0.001042
1.000001,39.899307,-104.695816,0.285464,12.083373,-0.035953,0.00024
1.000001,39.899307,-104.695816,0.285638,12.084824,-0.033203,0.000512
1.000001,39.899307,-104.695816,0.285732,12.084707,-0.032017,0.000249
1.000006,39.899307,-104.695816,0.285924,12.086148,-0.033141,0.00043
1.000001,39.899307,-104.695816,0.285692,12.085616,-0.034961,0.000591
1.000001,39.899307,-104.695816,0.285765,12.08403,-0.034063,0.000308
1.000001,39.899307,-104.695816,0.285682,12.083204,-0.03523,0.000319
1.000001,39.899307,-104.695816,0.285982,12.086804,-0.033835,0.000216
1.000001,39.899307,-104.695816,0.285672,12.084259,-0.031923,0.000802
1.000001,39.899307,-104.695816,0.285809,12.085642,-0.041064,0.000485
1.000001,39.899307,-104.695816,0.285722,12.08563,-0.034319,0.000439
1.000001,39.899307,-104.695816,0.285867,12.08491,-0.034247,0.000175
1.000001,39.899307,-104.695816,0.285631,12.083941,-0.03052,0.000597
1.000001,39.899307,-104.695816,0.285725,12.084132,-0.035299,0.000462
1.000001,39.899307,-104.695816,0.285786,12.08497,-0.033053,0.000554
1.000001,39.899307,-104.695816,0.285707,12.084695,-0.037215,0.000953
1.000001,39.899307,-104.695816,0.285632,12.084,-0.039428,0.000414
1.000001,39.899307,-104.695816,0.285823,12.085219,-0.035791,0.000439
1.000001,39.899307,-104.695816,0.285814,12.085653,-0.032727,0.00025
1.000001,39.899307,-104.695816,0.285791,12.084307,-0.035821,0.000304
1.000001,39.899307,-104.695816,0.285889,12.085157,-0.036826,0.000539
1.000001,39.899307,-104.695816,0.285861,12.08544,-0.036898,0.000905
1.000001,39.899307,-104.695816,0.285964,12.086168,-0.037633,0.000694
1.000001,39.899307,-104.695816,0.285723,12.084427,-0.038369,0.000647
1.000001,39.899307,-104.695816,0.285888,12.085235,-0.033915,0.000391
1.000001,39.899307,-104.695816,0.285836,12.085598,-0.037338,0.000554
1.000001,39.899307,-104.695816,0.285575,12.082917,-0.037842,0.000521
1.000001,39.899307,-104.695816,0.285811,12.08615,-0.037577,0.000237
1.000001,39.899307,-104.695816,0.28599,12.086249,-0.037268,0.00078
1.000001,39.899307,-104.695816,0.285701,12.084947,-0.040844,0.00099
1.000001,39.899307,-104.695816,0.28558,12.084433,-0.037114,0.00058
1.000001,39.899307,-104.695816,0.285785,12.085706,-0.038664,0.000668
1.000001,39.899307,-104.695816,0.285602,12.084478,-0.037713,0.000148
1.000001,39.899307,-104.695816,0.285974,12.086499,-0.034843,0.000258
1.000001,39.899307,-104.695816,0.285746,12.08487,-0.037202,0.000222
1.000001,39.899307,-104.695816,0.285902,12.086315,-0.03329,0.000619
1.000001,39.899307,-104.695816,0.285865,12.085498,-0.033532,0.00048
1.000001,39.899307,-104.695816,0.285789,12.084932,-0.03607,0.001041
1.000001,39.899307,-104.695816,0.285752,12.084887,-0.035374,0.000702
1.000001,39.899307,-104.695816,0.285713,12.083925,-0.033683,0.000614
1.000001,39.899307,-104.695816,0.285853,12.086466,-0.036011,0.00046
1.000001,39.899307,-104.695816,0.285956,12.086797,-0.036652,0.001359
1.000001,39.899307,-104.695816,0.285825,12.085581,-0.032982,0.000361
1.002066,39.899307,-104.695816,0.285902,12.084608,-0.036009,0.000653
1.000001,39.899307,-104.695816,0.285821,12.08474,-0.037845,0.000816
1.000001,39.899307,-104.695816,0.286022,12.085878,-0.033721,0.001155
1.000001,39.899307,-104.695816,0.285887,12.085533,-0.037269,0.000963
1.000001,39.899307,-104.695816,0.285817,12.085009,-0.036179,0.000274
1.000001,39.899307,-104.695816,0.285763,12.085305,-0.033622,0.000573
1.000001,39.899307,-104.695816,0.285848,12.08567,-0.035574,0.000115
1.000001,39.899307,-104.695816,0.285971,12.08552,-0.033362,0.000189
1.000001,39.899307,-104.695816,0.285733,12.085237,-0.037988,0.000716
1.000001,39.899307,-104.695816,0.285707,12.085268,-0.034878,0.000584
1.000001,39.899307,-104.695816,0.285651,12.085167,-0.035666,0.00067
1.000001,39.899307,-104.695816,0.285663,12.084386,-0.037536,0.000621
1.000001,39.899307,-104.695816,0.285964,12.086152,-0.033041,0.00021
1.002132,39.899307,-104.695816,0.285978,12.08624,-0.036407,0.000343
1.000001,39.899307,-104.695816,0.285784,12.08465,-0.037108,0.000539
1.000001,39.899307,-104.695816,0.285822,12.08518,-0.039181,0.000416
1.000001,39.899307,-104.695816,0.285687,12.083414,-0.036996,0.000115
1.000001,39.899307,-104.695816,0.286025,12.086236,-0.03599,0.000276
1.000001,39.899307,-104.695816,0.285859,12.085442,-0.036716,0.000537
1.000001,39.899307,-104.695816,0.2858,12.084016,-0.038946,0.000544
1.000001,39.899307,-104.695816,0.285771,12.085059,-0.034123,0.000509
1.000466,39.899307,-104.695816,0.285665,12.084067,-0.035153,0.00076
1.000001,39.899307,-104.695816,0.285829,12.084901,-0.038408,0.000476
1.000001,39.899307,-104.695816,0.285917,12.085528,-0.037748,0.00019
1.000001,39.899307,-104.695816,0.285708,12.084489,-0.037906,0.00014
1.000001,39.899307,-104.695816,0.285725,12.085268,-0.029979,0.000118
1.000001,39.899307,-104.695816,0.285945,12.08514,-0.038956,0.000514
1.000001,39.899307,-104.695816,0.28593,12.085132,-0.035435,0.000312
1.000001,39.899307,-104.695816,0.28574,12.084307,-0.03718,0.00077
1.000001,39.899307,-104.695816,0.285952,12.085511,-0.037288,0.000549
1.000001,39.899307,-104.695816,0.285736,12.085153,-0.038352,0.000274
1.000001,39.899307,-104.695816,0.285683,12.084045,-0.036796,0.00032
1.000001,39.899307,-104.695816,0.285768,12.084307,-0.036437,0.000261
1.000001,39.899307,-104.695816,0.285606,12.083849,-0.036693,0.000254
1.000001,39.899307,-104.695816,0.285828,12.08454,-0.040173,0.000103
1.000001,39.899307,-104.695816,0.285607,12.083639,-0.035172,0.000328
1.000001,39.899307,-104.695816,0.285897,12.085989,-0.040285,0.00087
1.000001,39.899307,-104.695816,0.285664,12.084993,-0.04305,0.000252
1.001831,39.899307,-104.695816,0.285844,12.085957,-0.036499,0.000566
1.000001,39.899307,-104.695816,0.285826,12.083077,-0.032679,0.000357
1.000001,39.899307,-104.695816,0.285899,12.085532,-0.034476,0.000365
1.000001,39.899307,-104.695816,0.285967,12.084984,-0.033308,0.000274
1.000001,39.899307,-104.695816,0.285612,12.084169,-0.035009,0.000301
1.000001,39.899307,-104.695816,0.285615,12.084355,-0.037146,0.000148
1.000001,39.899307,-104.695816,0.285896,12.085472,-0.031221,0.000563
1.000001,39.899307,-104.695816,0.2858,12.085178,-0.031781,0.000968
1.000001,39.899307,-104.695816,0.285869,12.086202,-0.038079,0.000561
1.000001,39.899307,-104.695816,0.285754,12.084951,-0.040341,0.000227
1.000001,39.899307,-104.695816,0.285863,12.085563,-0.037275,0.000743
1.000001,39.899307,-104.695816,0.285761,12.084601,-0.035195,0.000712
1.000001,39.899307,-104.695816,0.286001,12.085946,-0.034003,0.000434
1.000001,39.899307,-104.695816,0.285725,12.085186,-0.036139,0.000293
1.000001,39.899307,-104.695816,0.285885,12.085645,-0.036018,0.000547
1.000001,39.899307,-104.695816,0.285791,12.085371,-0.033954,0.000435
1.000001,39.899307,-104.695816,0.28582,12.084968,-0.037107,0.000263
1.000001,39.899307,-104.695816,0.28599,12.085518,-0.034303,0.000595
1.000001,39.899307,-104.695816,0.285843,12.084753,-0.033416,7.8e-05
1.000001,39.899307,-104.695816,0.285885,12.085445,-0.038739,0.000435
1.000001,39.899307,-104.695816,0.285794,12.084734,-0.034617,0.000356
1.000001,39.899307,-104.695816,0.285995,12.085785,-0.030173,0.000469
1.000015,39.899307,-104.695816,0.28569,12.08439,-0.036054,0.001518
1.000001,39.899307,-104.695816,0.285945,12.085979,-0.037441,0.00039
1.000001,39.899307,-104.695816,0.285845,12.085228,-0.033879,0.000415
1.000001,39.899307,-104.695816,0.286013,12.085367,-0.035874,0.0007
1.000001,39.899307,-104.695816,0.28596,12.086005,-0.035789,0.00037
1.000001,39.899307,-104.695816,0.285693,12.083985,-0.035007,0.000743
1.000001,39.899307,-104.695816,0.285882,12.085758,-0.032948,0.000365
1.000001,39.899307,-104.695816,0.285897,12.086265,-0.035806,0.000386
1.000001,39.899307,-104.695816,0.285808,12.085795,-0.037651,0.000606
1.000001,39.899307,-104.695816,0.285929,12.085607,-0.031465,0.000156
1.000001,39.899307,-104.695816,0.285887,12.086062,-0.032562,0.000285
1.000001,39.899307,-104.695816,0.285683,12.084596,-0.029833,0.000276
1.000001,39.899307,-104.695816,0.285829,12.086351,-0.032695,0.000303
1.000001,39.899307,-104.695816,0.286072,12.086248,-0.035298,0.001521
1.000001,39.899307,-104.695816,0.285853,12.084317,-0.036767,0.00037
1.003176,39.899307,-104.695816,0.285694,12.083604,-0.032828,0.000752
1.000001,39.899307,-104.695816,0.285867,12.085006,-0.039003,0.000746
1.000001,39.899307,-104.695816,0.28584,12.085504,-0.036545,0.000256
1.000001,39.899307,-104.695816,0.28597,12.086742,-0.035598,0.000531
1.000001,39.899307,-104.695816,0.285767,12.084579,-0.038173,0.000485
1.000001,39.899307,-104.695816,0.286014,12.086711,-0.033996,0.000617
1.000001,39.899307,-104.695816,0.285926,12.084977,-0.036392,0.001029
1.007448,39.899307,-104.695816,0.285742,12.084682,-0.037146,0.000417
1.000001,39.899307,-104.695816,0.285875,12.086068,-0.032776,0.000493
1.000001,39.899307,-104.695816,0.285837,12.085927,-0.034407,0.000365
1.000001,39.899307,-104.695816,0.285885,12.085402,-0.037405,0.000801
1.000001,39.899307,-104.695816,0.285946,12.08593,-0.03712,0.000536
1.003713,39.899307,-104.695816,0.285913,12.086405,-0.030981,0.000512
1.000001,39.899307,-104.695816,0.285729,12.085033,-0.040316,0.000661
1.000001,39.899307,-104.695816,0.285832,12.084457,-0.034566,0.000804
1.000001,39.899307,-104.695816,0.285752,12.084059,-0.035626,0.000539
1.000001,39.899307,-104.695816,0.286005,12.086414,-0.033731,0.000307
1.000001,39.899307,-104.695816,0.285942,12.086458,-0.035047,0.000483
1.000001,39.899307,-104.695816,0.285914,12.085121,-0.033327,0.000603
1.00003,39.899307,-104.695816,0.285983,12.085593,-0.037285,0.000447
1.000001,39.899307,-104.695816,0.285887,12.085544,-0.036821,0.000224
1.000001,39.899307,-104.695816,0.285795,12.084812,-0.038203,0.000812
1.000001,39.899307,-104.695816,0.285884,12.085557,-0.037941,0.000404
1.000001,39.899307,-104.695816,0.286,12.085446,-0.036158,0.000931
1.000001,39.899307,-104.695816,0.285825,12.08567,-0.033727,0.00051
1.000001,39.899307,-104.695816,0.285612,12.08388,-0.038268,7e-05
1.000001,39.899307,-104.695816,0.285889,12.084944,-0.033666,0.000253
1.000001,39.899307,-104.695816,0.285797,12.085367,-0.038638,0.001188
1.000001,39.899307,-104.695816,0.285949,12.086093,-0.035256,0.000496
1.000001,39.899307,-104.695816,0.285789,12.085475,-0.032825,0.000757
1.000001,39.899307,-104.695816,0.285865,12.084999,-0.03375,0.000313
1.000001,39.899307,-104.695816,0.285961,12.085281,-0.037915,0.0015
1.000001,39.899307,-104.695816,0.285762,12.084902,-0.037664,0.000128
1.000001,39.899307,-104.695816,0.286094,12.085844,-0.03555,0.000416
1.000001,39.899307,-104.695816,0.285915,12.08434,-0.037307,0.00059
1.000001,39.899307,-104.695816,0.285872,12.085415,-0.036169,0.000655
1.000001,39.899307,-104.695816,0.285833,12.0853,-0.035974,0.000393
1.000001,39.899307,-104.695816,0.285837,12.085035,-0.036142,0.000787
1.000001,39.899307,-104.695816,0.285888,12.085483,-0.031835,0.000604
1.000001,39.899307,-104.695816,0.285538,12.083976,-0.036506,0.00021
1.000001,39.899307,-104.695816,0.285821,12.084425,-0.035349,0.000728
1.000001,39.899307,-104.695816,0.285772,12.085287,-0.03248,0.000865
1.000001,39.899307,-104.695816,0.285976,12.086486,-0.032759,0.000293
1.000001,39.899307,-104.695816,0.285729,12.084715,-0.037192,0.000328
1.000001,39.899307,-104.695816,0.285879,12.084218,-0.032558,0.000614
1.000001,39.899307,-104.695816,0.285863,12.085961,-0.035997,0.000263
1.000001,39.899307,-104.695816,0.286235,12.086779,-0.034365,0.000274
1.000001,39.899307,-104.695816,0.285704,12.083902,-0.031933,0.000482
1.000001,39.899307,-104.695816,0.285808,12.084339,-0.039195,0.000901
1.000001,39.899307,-104.695816,0.286098,12.086946,-0.034153,0.000473
1.000001,39.899307,-104.695816,0.285928,12.084606,-0.032586,0.000793
1.000001,39.899307,-104.695816,0.285725,12.084679,-0.031355,0.000534
1.000001,39.899307,-104.695816,0.285804,12.084544,-0.034774,0.000443
1.000001,39.899307,-104.695816,0.28605,12.086133,-0.03475,0.000488
1.000001,39.899307,-104.695816,0.285749,12.084619,-0.039417,0.000263
1.000001,39.899307,-104.695816,0.285882,12.084997,-0.038607,0.00067
1.000001,39.899307,-104.695816,0.285945,12.08614,-0.036103,0.000362
1.000001,39.899307,-104.695816,0.285918,12.085576,-0.033496,0.00068
1.000001,39.899307,-104.695816,0.285797,12.084087,-0.033381,0.000655
1.000001,39.899307,-104.695816,0.286087,12.086539,-0.036303,0.000484
1.000001,39.899307,-104.695816,0.2859,12.085683,-0.038303,0.0003
1.000001,39.899307,-104.695816,0.286096,12.086936,-0.038642,0.000166
1.000001,39.899307,-104.695816,0.285846,12.085413,-0.03863,0.000175
1.000001,39.899307,-104.695816,0.285935,12.085195,-0.037293,0.000258
1.000001,39.899307,-104.695816,0.286047,12.086083,-0.034507,0.000359
1.000002,39.899307,-104.695816,0.285615,12.08357,-0.040887,0.000535
1.000001,39.899307,-104.695816,0.285944,12.085855,-0.035861,0.000263
1.000001,39.899307,-104.695816,0.286119,12.086953,-0.040083,0.000139
1.000001,39.899307,-104.695816,0.285897,12.085025,-0.036157,0.000927
1.000001,39.899307,-104.695816,0.285752,12.083998,-0.038374,0.000585
1.000001,39.899307,-104.695816,0.285899,12.085562,-0.03582,0.000347
1.000001,39.899307,-104.695816,0.285833,12.084908,-0.037274,0.000467
1.000001,39.899307,-104.695816,0.285941,12.085457,-0.036534,0.000224
1.000001,39.899307,-104.695816,0.286001,12.086448,-0.037136,0.000389
1.000001,39.899307,-104.695816,0.285893,12.085433,-0.033761,0.000632
1.000001,39.899307,-104.695816,0.285955,12.085628,-0.033356,0.000424
1.000003,39.899307,-104.695816,0.285748,12.084816,-0.038727,0.000655
1.000001,39.899307,-104.695816,0.285993,12.086041,-0.034551,0.000388
1.000001,39.899307,-104.695816,0.285833,12.084487,-0.034388,0.000476
1.000001,39.899307,-104.695816,0.285969,12.086405,-0.037375,0.000466
1.000001,39.899307,-104.695816,0.286086,12.086678,-0.032068,0.000855
1.000001,39.899307,-104.695816,0.28597,12.08618,-0.03357,0.000833
1.000001,39.899307,-104.695816,0.28604,12.085682,-0.033091,0.000793
1.000001,39.899307,-104.695816,0.285961,12.086115,-0.039939,0.000358
1.000001,39.899307,-104.695816,0.28582,12.082726,-0.034918,0.000333
1.000001,39.899307,-104.695816,0.286077,12.085972,-0.039727,0.000276
1.000001,39.899307,-104.695816,0.285902,12.085224,-0.038705,0.000134
1.000001,39.899307,-104.695816,0.285929,12.085262,-0.034586,0.00027
1.000001,39.899307,-104.695816,0.285904,12.084569,-0.034874,0.000415
1.000001,39.899307,-104.695816,0.286105,12.086628,-0.031472,0.000195
1.000001,39.899307,-104.695816,0.285727,12.083668,-0.036546,0.000625
1.005339,39.899307,-104.695816,0.28587,12.085201,-0.033789,0.000394
1.000001,39.899307,-104.695816,0.285775,12.085126,-0.038181,0.000391
1.000001,39.899307,-104.695816,0.285691,12.084661,-0.039592,0.000707
1.000001,39.899307,-104.695816,0.286054,12.086844,-0.030916,0.000158
1.000001,39.899307,-104.695816,0.286057,12.087544,-0.039561,0.000757
1.000001,39.899307,-104.695816,0.285961,12.085974,-0.036542,0.000652
1.000001,39.899307,-104.695816,0.285918,12.085855,-0.036651,0.000356
1.000001,39.899307,-104.695816,0.285871,12.084203,-0.035249,0.000689
1.000001,39.899307,-104.695816,0.286074,12.08621,-0.035493,0.000566
1.000001,39.899307,-104.695816,0.286028,12.086158,-0.037139,0.000278
1.000001,39.899307,-104.695816,0.285917,12.085169,-0.039778,0.000412
1.000001,39.899307,-104.695816,0.285869,12.084455,-0.03422,0.000518
1.000001,39.899307,-104.695816,0.285917,12.085518,-0.035174,0.000494
1.000001,39.899307,-104.695816,0.285893,12.084908,-0.038778,0.000402
1.000001,39.899307,-104.695816,0.285955,12.086078,-0.04024,0.000666
1.000001,39.899307,-104.695816,0.285926,12.08495,-0.037626,0.000749
1.000001,39.899307,-104.695816,0.28588,12.084974,-0.032554,0.000621
1.000001,39.899307,-104.695816,0.285928,12.084992,-0.039027,0.000499
1.000001,39.899307,-104.695816,0.28599,12.085577,-0.03615,0.000573
1.000001,39.899307,-104.695816,0.28584,12.084744,-0.033086,0.000212
1.000001,39.899307,-104.695816,0.286065,12.085815,-0.036818,0.000193
1.002296,39.899307,-104.695816,0.285896,12.085344,-0.038007,0.000362
1.000001,39.899307,-104.695816,0.285797,12.084421,-0.036817,0.000628
1.000001,39.899307,-104.695816,0.285729,12.085005,-0.035032,0.000517
1.000001,39.899307,-104.695816,0.285732,12.084658,-0.034609,0.000502
1.000001,39.899307,-104.695816,0.285986,12.085797,-0.038051,0.000184
1.000001,39.899307,-104.695816,0.285809,12.084349,-0.035278,0.000737
1.000001,39.899307,-104.695816,0.285918,12.085296,-0.037725,0.000756
1.000001,39.899307,-104.695816,0.285777,12.084788,-0.04322,0.000492
1.000001,39.899307,-104.695816,0.285828,12.085132,-0.035394,0.000146
1.000001,39.899307,-104.695816,0.28588,12.084763,-0.03193,0.000276
1.000001,39.899307,-104.695816,0.286019,12.085952,-0.035173,0.000431
1.000001,39.899307,-104.695816,0.286045,12.085173,-0.033348,0.00072
1.000001,39.899307,-104.695816,0.285661,12.084966,-0.034152,0.000283
1.000001,39.899307,-104.695816,0.285758,12.084891,-0.037048,0.000226
1.004761,39.899307,-104.695816,0.286155,12.0869,-0.034469,0.000549
1.000001,39.899307,-104.695816,0.285951,12.086475,-0.034179,0.001052
1.000001,39.899307,-104.695816,0.28593,12.085792,-0.039851,0.000508
1.000001,39.899307,-104.695816,0.285878,12.085453,-0.04202,0.000694
1.000001,39.899307,-104.695816,0.286094,12.086287,-0.036561,0.000559
1.000001,39.899307,-104.695816,0.285913,12.086547,-0.036702,0.000639
1.000001,39.899307,-104.695816,0.286117,12.086647,-0.034352,0.000582
1.000001,39.899307,-104.695816,0.285873,12.085622,-0.0376,0.000522
1.000001,39.899307,-104.695816,0.285925,12.085234,-0.038233,0.00054
1.000001,39.899307,-104.695816,0.285985,12.08576,-0.03338,0.000309
1.000001,39.899307,-104.695816,0.2859,12.085397,-0.037326,0.000223
1.000001,39.899307,-104.695816,0.286069,12.086689,-0.034382,0.000703
1.000001,39.899307,-104.695816,0.286109,12.086743,-0.032952,0.000949
1.000001,39.899307,-104.695816,0.285979,12.085626,-0.037452,0.000286
1.000001,39.899307,-104.695816,0.285962,12.085859,-0.034867,0.000306
1.000001,39.899307,-104.695816,0.285861,12.084865,-0.028984,0.001319
1.000001,39.899307,-104.695816,0.285788,12.083574,-0.03852,0.000436
1.000001,39.899307,-104.695816,0.285997,12.08623,-0.036601,0.000987
1.000001,39.899307,-104.695816,0.285935,12.086264,-0.036353,0.000586
1.000001,39.899307,-104.695816,0.286191,12.087034,-0.038941,0.000346
1.000001,39.899307,-104.695816,0.286164,12.087381,-0.035063,0.000391
1.000001,39.899307,-104.695816,0.285808,12.085064,-0.036776,0.000822
1.000001,39.899307,-104.695816,0.285991,12.085646,-0.03127,0.000443
1.000001,39.899307,-104.695816,0.286088,12.08672,-0.032703,0.00064
1.000001,39.899307,-104.695816,0.286017,12.08532,-0.038915,0.000745
1.000001,39.899307,-104.695816,0.286101,12.086672,-0.033412,0.000369
1.000001,39.899307,-104.695816,0.286052,12.085828,-0.032437,0.000487
1.000001,39.899307,-104.695816,0.285882,12.085868,-0.029276,0.000714
1.006699,39.899307,-104.695816,0.286079,12.086659,-0.032054,0.00019
1.000001,39.899307,-104.695816,0.286157,12.088657,-0.032095,0.001284
1.000001,39.899307,-104.695816,0.285836,12.084927,-0.038287,0.000473
1.000001,39.899307,-104.695816,0.285811,12.085199,-0.035887,0.000188
1.000001,39.899307,-104.695816,0.285998,12.085539,-0.038416,0.000288
1.000001,39.899307,-104.695816,0.285924,12.085666,-0.033453,0.00022
1.000004,39.899307,-104.695816,0.285933,12.085832,-0.035511,0.000508
1.000001,39.899307,-104.695816,0.285934,12.084989,-0.038028,0.000305
1.000001,39.899307,-104.695816,0.286048,12.085128,-0.033256,0.00013
1.000001,39.899307,-104.695816,0.286236,12.087512,-0.034388,0.000226
1.000001,39.899307,-104.695816,0.285921,12.085428,-0.034976,0.000243
1.000001,39.899307,-104.695816,0.285883,12.085064,-0.037557,0.000469
1.000001,39.899307,-104.695816,0.285965,12.086423,-0.036612,0.000554
1.000001,39.899307,-104.695816,0.285846,12.084723,-0.036467,0.000346
1.000004,39.899307,-104.695816,0.286099,12.08628,-0.033131,0.000261
1.000001,39.899307,-104.695816,0.286099,12.087542,-0.035239,0.000503
1.000001,39.899307,-104.695816,0.285821,12.084963,-0.03772,0.0008
1.000001,39.899307,-104.695816,0.286078,12.086117,-0.033832,0.000604
1.000001,39.899307,-104.695816,0.2859,12.084719,-0.036725,0.000221
1.000001,39.899307,-104.695816,0.285975,12.086227,-0.034309,0.00031
1.000001,39.899307,-104.695816,0.286117,12.086364,-0.037723,0.000316
1.000001,39.899307,-104.695816,0.285841,12.08538,-0.034082,0.000324
1.000001,39.899307,-104.695816,0.286043,12.085343,-0.033672,0.000378
1.000001,39.899307,-104.695816,0.285979,12.08601,-0.03806,0.000342
1.000001,39.899307,-104.695816,0.285768,12.084192,-0.036604,0.000456
1.000001,39.899307,-104.695816,0.286077,12.085572,-0.033854,0.000479
1.000001,39.899307,-104.695816,0.285944,12.085546,-0.032153,0.000156
1.000001,39.899307,-104.695816,0.285921,12.085133,-0.036453,0.000869
1.000001,39.899307,-104.695816,0.285938,12.085436,-0.036919,0.000564
1.000001,39.899307,-104.695816,0.28605,12.085626,-0.035664,0.000226
1.000001,39.899307,-104.695816,0.28604,12.085409,-0.037115,0.000503
1.000001,39.899307,-104.695816,0.286052,12.086132,-0.037098,0.000597
1.000001,39.899307,-104.695816,0.286029,12.085611,-0.036259,0.000169
1.000001,39.899307,-104.695816,0.286093,12.086296,-0.031237,0.000685
1.000001,39.899307,-104.695816,0.286035,12.086553,-0.031319,0.000892
1.000001,39.899307,-104.695816,0.285867,12.085448,-0.03462,0.000459
1.000001,39.899307,-104.695816,0.28608,12.086143,-0.03685,0.000155
1.000001,39.899307,-104.695816,0.286014,12.08607,-0.034638,0.000238
1.000001,39.899307,-104.695816,0.286073,12.087214,-0.037753,0.000417
1.000001,39.899307,-104.695816,0.28601,12.08606,-0.036759,0.000295
1.000001,39.899307,-104.695816,0.286067,12.085881,-0.035821,0.000786
1.000001,39.899307,-104.695816,0.286039,12.085721,-0.036699,0.000854
1.000001,39.899307,-104.695816,0.285729,12.085092,-0.037777,0.000183
1.000001,39.899307,-104.695816,0.285835,12.085,-0.037099,0.000915
1.000001,39.899307,-104.695816,0.285903,12.085505,-0.036262,0.000607
1.000001,39.899307,-104.695816,0.285971,12.086154,-0.03451,0.000526
1.000001,39.899307,-104.695816,0.285918,12.085554,-0.036087,0.000637
1.000001,39.899307,-104.695816,0.286036,12.085889,-0.033041,0.000749
1.000001,39.899307,-104.695816,0.286079,12.08707,-0.039209,0.000452
1.000001,39.899307,-104.695816,0.286164,12.086325,-0.0364,0.000396
1.000001,39.899307,-104.695816,0.28585,12.084687,-0.03351,0.000486
1.000001,39.899307,-104.695816,0.286017,12.085646,-0.035994,0.000378
1.000001,39.899307,-104.695816,0.286191,12.08666,-0.036057,0.000485
1.000001,39.899307,-104.695816,0.286126,12.08534,-0.03835,0.00055
1.000001,39.899307,-104.695816,0.2859,12.084776,-0.031231,0.000815
1.000001,39.899307,-104.695816,0.286076,12.086351,-0.036597,0.000616
1.000001,39.899307,-104.695816,0.285966,12.083924,-0.034588,0.000466
1.000001,39.899307,-104.695816,0.285864,12.084609,-0.039624,0.000758
1.000001,39.899307,-104.695816,0.286045,12.085633,-0.033075,0.000651
1.000001,39.899307,-104.695816,0.285993,12.086704,-0.038296,0.00064
1.000001,39.899307,-104.695816,0.285991,12.086009,-0.036603,0.000297
1.000001,39.899307,-104.695816,0.286009,12.085864,-0.03368,0.000608
1.004567,39.899307,-104.695816,0.286009,12.085324,-0.03447,0.00086
1.000001,39.899307,-104.695816,0.285932,12.085974,-0.03889,0.000971
1.000001,39.899307,-104.695816,0.286157,12.0871,-0.034817,0.000339
1.000001,39.899307,-104.695816,0.285939,12.0858,-0.039871,0.00056
1.000001,39.899307,-104.695816,0.286143,12.086342,-0.033602,0.000645
1.000001,39.899307,-104.695816,0.286128,12.085677,-0.03725,0.000753
1.000001,39.899307,-104.695816,0.285846,12.085342,-0.041276,0.001181
1.007917,39.899307,-104.695816,0.286055,12.086103,-0.036909,0.000114
1.000001,39.899307,-104.695816,0.285996,12.085884,-0.038178,0.000542
1.000001,39.899307,-104.695816,0.286125,12.087012,-0.034225,0.000541
1.000001,39.899307,-104.695816,0.285713,12.08422,-0.038513,0.000381
1.000001,39.899307,-104.695816,0.285899,12.085636,-0.035836,0.000394
1.000218,39.899307,-104.695816,0.286142,12.086241,-0.037033,0.000285
1.000001,39.899307,-104.695816,0.285942,12.085544,-0.036937,0.000388
1.000001,39.899307,-104.695816,0.286246,12.085528,-0.037821,0.000473
1.000001,39.899307,-104.695816,0.285881,12.086206,-0.037024,0.000523
1.000001,39.899307,-104.695816,0.286016,12.085511,-0.033915,0.000376
1.000001,39.899307,-104.695816,0.285871,12.084782,-0.039863,0.001325
1.000001,39.899307,-104.695816,0.286147,12.085335,-0.033583,0.000478
1.000001,39.899307,-104.695816,0.28604,12.085647,-0.036826,0.000232
1.000001,39.899307,-104.695816,0.286013,12.085209,-0.03781,0.000682
1.000001,39.899307,-104.695816,0.286115,12.085992,-0.031862,0.000735
1.00022,39.899307,-104.695816,0.286362,12.086711,-0.034268,0.000911
1.000001,39.899307,-104.695816,0.286205,12.08662,-0.034533,0.000401
1.000001,39.899307,-104.695816,0.286104,12.086352,-0.0382,0.000713
1.000001,39.899307,-104.695816,0.285893,12.085069,-0.03647,0.000334
1.000001,39.899307,-104.695816,0.286285,12.08744,-0.03796,0.000811
1.000001,39.899307,-104.695816,0.286011,12.085258,-0.04022,7.9e-05
1.000001,39.899307,-104.695816,0.286069,12.08651,-0.034534,0.000166
1.000001,39.899307,-104.695816,0.285982,12.086136,-0.035222,0.000547
1.000001,39.899307,-104.695816,0.286032,12.086483,-0.030898,0.000526
1.000001,39.899307,-104.695816,0.285757,12.083672,-0.036305,0.000825
1.000001,39.899307,-104.695816,0.285875,12.084355,-0.033355,0.000523
1.000001,39.899307,-104.695816,0.28606,12.086084,-0.039162,0.000421
1.000001,39.899307,-104.695816,0.285829,12.083715,-0.037352,5.5e-05
1.000001,39.899307,-104.695816,0.286178,12.087579,-0.033901,0.000343
1.000001,39.899307,-104.695816,0.286078,12.085441,-0.037538,0.000412
1.000001,39.899307,-104.695816,0.286279,12.08741,-0.034552,0.000282
1.000001,39.899307,-104.695816,0.286063,12.086017,-0.038403,0.000312
1.000001,39.899307,-104.695816,0.286124,12.08598,-0.034999,0.000417
1.000001,39.899307,-104.695816,0.286121,12.085549,-0.033079,0.000573
1.000001,39.899307,-104.695816,0.286228,12.08707,-0.037849,7.8e-05
1.000001,39.899307,-104.695816,0.286142,12.085838,-0.037999,0.000558
1.000001,39.899307,-104.695816,0.285873,12.085111,-0.03639,0.000319
1.000001,39.899307,-104.695816,0.286075,12.086212,-0.035437,0.000242
1.000001,39.899307,-104.695816,0.286185,12.086733,-0.037715,0.0002
1.000001,39.899307,-104.695816,0.286037,12.085955,-0.038187,0.000207
1.000001,39.899307,-104.695816,0.286108,12.085173,-0.038827,0.000127
1.000001,39.899307,-104.695816,0.286059,12.083517,-0.034058,0.001307
1.000001,39.899307,-104.695816,0.286094,12.087227,-0.040461,0.000674
1.000001,39.899307,-104.695816,0.28611,12.086363,-0.037915,0.000331
1.000001,39.899307,-104.695816,0.285959,12.08593,-0.03571,0.000515
1.000001,39.899307,-104.695816,0.286224,12.087144,-0.035105,0.000135
1.000001,39.899307,-104.695816,0.286121,12.086408,-0.039341,0.000632
1.000001,39.899307,-104.695816,0.286,12.086055,-0.033775,0.00037
1.000001,39.899307,-104.695816,0.285808,12.084826,-0.033804,0.000274
1.000001,39.899307,-104.695816,0.285888,12.085105,-0.034147,0.000487
1.000001,39.899307,-104.695816,0.28606,12.085963,-0.039017,0.000459
1.000001,39.899307,-104.695816,0.286124,12.086394,-0.034818,0.00048
1.000001,39.899307,-104.695816,0.286143,12.086552,-0.036665,0.000259
1.000001,39.899307,-104.695816,0.285915,12.085087,-0.040159,0.000712
1.000001,39.899307,-104.695816,0.286002,12.085276,-0.03646,0.000586
1.000001,39.899307,-104.695816,0.285978,12.08644,-0.030016,0.000284
1.000001,39.899307,-104.695816,0.2861,12.086094,-0.035328,0.000576
1.000001,39.899307,-104.695816,0.286141,12.08568,-0.034016,0.000296
1.000001,39.899307,-104.695816,0.285793,12.083868,-0.034612,0.000493
1.000001,39.899307,-104.695816,0.285983,12.085188,-0.036257,0.000541
1.000001,39.899307,-104.695816,0.28613,12.086738,-0.035957,0.000439
1.000001,39.899307,-104.695816,0.285826,12.085032,-0.036083,0.000797
1.000001,39.899307,-104.695816,0.286077,12.086488,-0.035887,0.000685
1.000001,39.899307,-104.695816,0.285881,12.085731,-0.039465,0.000484
1.000001,39.899307,-104.695816,0.286162,12.086802,-0.037982,0.000341
1.000001,39.899307,-104.695816,0.285934,12.085702,-0.037216,0.000801
1.000001,39.899307,-104.695816,0.286021,12.085522,-0.038208,0.000258
1.000001,39.899307,-104.695816,0.286036,12.08532,-0.039125,0.000681
1.000001,39.899307,-104.695816,0.286126,12.086515,-0.037886,0.000514
1.000001,39.899307,-104.695816,0.286107,12.086637,-0.036392,0.000553
1.000001,39.899307,-104.695816,0.285889,12.08462,-0.037875,0.00033
1.000001,39.899307,-104.695816,0.286137,12.086203,-0.037655,0.000905
1.000001,39.899307,-104.695816,0.286326,12.08699,-0.038375,0.000322
1.000001,39.899307,-104.695816,0.285987,12.085681,-0.037486,0.000302
1.000001,39.899307,-104.695816,0.286162,12.087265,-0.03482,0.0005
1.000001,39.899307,-104.695816,0.286032,12.085611,-0.032558,0.001291
1.000001,39.899307,-104.695816,0.286055,12.085189,-0.038447,0.000793
1.000001,39.899307,-104.695816,0.28608,12.085897,-0.032077,0.000993
1.000001,39.899307,-104.695816,0.285951,12.086292,-0.037761,0.000654
1.000001,39.899307,-104.695816,0.286137,12.0863,-0.037202,0.000427
1.000001,39.899307,-104.695816,0.286274,12.087036,-0.036441,0.000145
1.000001,39.899307,-104.695816,0.286128,12.086399,-0.039945,0.000805
1.000001,39.899307,-104.695816,0.286057,12.086311,-0.032102,0.000359
1.000001,39.899307,-104.695816,0.286168,12.086404,-0.033015,0.000794
1.000001,39.899307,-104.695816,0.286175,12.085437,-0.037683,0.000325
1.000001,39.899307,-104.695816,0.286036,12.085956,-0.033801,0.000806
1.000001,39.899307,-104.695816,0.286061,12.085598,-0.031393,0.00066
1.004213,39.899307,-104.695816,0.286021,12.08514,-0.03287,0.000955
1.000001,39.899307,-104.695816,0.286017,12.085485,-0.031036,0.000275
1.000001,39.899307,-104.695816,0.286169,12.086404,-0.030462,0.001185
1.000001,39.899307,-104.695816,0.286051,12.086027,-0.041736,0.000278
1.000001,39.899307,-104.695816,0.285954,12.085567,-0.038104,0.000452
1.000001,39.899307,-104.695816,0.28593,12.084945,-0.037716,0.000419
1.000001,39.899307,-104.695816,0.286074,12.086182,-0.034126,0.000487
1.000001,39.899307,-104.695816,0.285981,12.085303,-0.032135,0.000497
1.000001,39.899307,-104.695816,0.286129,12.08647,-0.037304,0.000152
1.000001,39.899307,-104.695816,0.286075,12.086204,-0.036725,0.000304
1.000001,39.899307,-104.695816,0.286266,12.087162,-0.035302,0.000505
1.000001,39.899307,-104.695816,0.286096,12.085329,-0.034772,0.000498
1.000001,39.899307,-104.695816,0.285929,12.08445,-0.040266,0.000221
1.000001,39.899307,-104.695816,0.286124,12.086884,-0.034419,0.000536
1.000001,39.899307,-104.695816,0.285784,12.085774,-0.035875,0.000905
1.000001,39.899307,-104.695816,0.286209,12.086745,-0.032998,0.000479
1.000001,39.899307,-104.695816,0.286245,12.087646,-0.034915,0.000305
1.000001,39.899307,-104.695816,0.28606,12.085423,-0.035429,0.001155
1.000001,39.899307,-104.695816,0.286215,12.087617,-0.034561,0.000391
1.000001,39.899307,-104.695816,0.286019,12.085644,-0.038595,0.00015
1.000001,39.899307,-104.695816,0.285998,12.085739,-0.033756,0.000447
1.000001,39.899307,-104.695816,0.286231,12.087089,-0.03641,0.000132
1.000001,39.899307,-104.695816,0.285845,12.084532,-0.034406,0.000355
1.000001,39.899307,-104.695816,0.286296,12.086287,-0.033197,0.000334
1.000001,39.899307,-104.695816,0.286116,12.086348,-0.038375,0.000253
1.000001,39.899307,-104.695816,0.285962,12.083501,-0.034747,0.000521
1.000001,39.899307,-104.695816,0.286311,12.086588,-0.033481,0.00039
1.000001,39.899307,-104.695816,0.286144,12.086336,-0.032769,0.000697
1.000001,39.899307,-104.695816,0.286054,12.086144,-0.039351,0.000189
1.000001,39.899307,-104.695816,0.286154,12.086904,-0.037569,0.00054
1.000001,39.899307,-104.695816,0.286147,12.086296,-0.035063,0.000445
1.000001,39.899307,-104.695816,0.286044,12.08619,-0.037775,0.000471
1.000001,39.899307,-104.695816,0.286089,12.085693,-0.038965,0.000467
1.000001,39.899307,-104.695816,0.286045,12.086034,-0.037397,0.000486
1.000001,39.899307,-104.695816,0.286198,12.087311,-0.032078,0.000312
1.000001,39.899307,-104.695816,0.286057,12.086198,-0.03029,0.000932
1.000001,39.899307,-104.695816,0.286056,12.085677,-0.036131,0.000645
1.000001,39.899307,-104.695816,0.28607,12.085032,-0.036512,3.9e-05
1.000001,39.899307,-104.695816,0.285986,12.085805,-0.033212,0.000153
1.000001,39.899307,-104.695816,0.286159,12.086475,-0.037274,0.000238
1.000001,39.899307,-104.695816,0.286032,12.085962,-0.038203,0.000478
1.000001,39.899307,-104.695816,0.286095,12.08682,-0.033992,0.00045
1.003349,39.899307,-104.695816,0.286163,12.086647,-0.040829,0.000338
1.000001,39.899307,-104.695816,0.285957,12.085088,-0.038518,0.000392
1.000001,39.899307,-104.695816,0.286085,12.086072,-0.036748,0.000401
1.000001,39.899307,-104.695816,0.285949,12.085315,-0.036649,0.000135
1.000001,39.899307,-104.695816,0.286055,12.086435,-0.03499,0.000408
1.000001,39.899307,-104.695816,0.286131,12.085958,-0.037341,0.000431
1.000001,39.899307,-104.695816,0.2861,12.086217,-0.03675,0.00095
1.000001,39.899307,-104.695816,0.286153,12.086346,-0.036849,0.000777
1.000001,39.899307,-104.695816,0.286322,12.087277,-0.039666,0.000464
1.000001,39.899307,-104.695816,0.286176,12.086156,-0.034583,0.000468
1.000001,39.899307,-104.695816,0.286143,12.086011,-0.033958,0.000439
1.000001,39.899307,-104.695816,0.286311,12.086688,-0.035668,0.000754
1.000001,39.899307,-104.695816,0.286157,12.086016,-0.040356,0.000669
1.000001,39.899307,-104.695816,0.286187,12.086287,-0.031535,0.000937
1.000001,39.899307,-104.695816,0.286306,12.088047,-0.037929,0.000224
1.000001,39.899307,-104.695816,0.286216,12.086307,-0.036468,0.000645
1.000001,39.899307,-104.695816,0.286007,12.085515,-0.037925,0.000507
1.000001,39.899307,-104.695816,0.286278,12.087344,-0.030495,0.000536
1.000001,39.899307,-104.695816,0.285935,12.086565,-0.037437,0.000409
1.000001,39.899307,-104.695816,0.285968,12.085326,-0.038047,0.000194
1.000001,39.899307,-104.695816,0.286209,12.086671,-0.034315,0.000328
1.000001,39.899307,-104.695816,0.286012,12.085279,-0.032791,0.000289
1.000001,39.899307,-104.695816,0.286078,12.086564,-0.036361,0.000524
1.000001,39.899307,-104.695816,0.286154,12.086939,-0.035218,0.000792
1.000001,39.899307,-104.695816,0.286007,12.085425,-0.039806,0.000571
1.000001,39.899307,-104.695816,0.286388,12.086494,-0.033455,0.0008
1.000001,39.899307,-104.695816,0.286153,12.086535,-0.037012,0.000412
1.000001,39.899307,-104.695816,0.286119,12.086857,-0.039137,0.000917
1.000001,39.899307,-104.695816,0.286224,12.086476,-0.036967,0.000429
1.000001,39.899307,-104.695816,0.286122,12.086257,-0.035426,0.000266
1.000001,39.899307,-104.695816,0.286172,12.08614,-0.032565,0.000199
1.000001,39.899307,-104.695816,0.28584,12.084338,-0.037774,0.000195
1.000001,39.899307,-104.695816,0.286042,12.086359,-0.036362,0.000475
1.000001,39.899307,-104.695816,0.286276,12.086701,-0.035875,0.000563
1.000001,39.899307,-104.695816,0.286027,12.085616,-0.036618,0.000272
1.000001,39.899307,-104.695816,0.28612,12.086473,-0.037406,0.000743
1.000001,39.899307,-104.695816,0.286033,12.085666,-0.038605,8.3e-05
1.000001,39.899307,-104.695816,0.286123,12.086086,-0.034723,0.000124
1.000001,39.899307,-104.695816,0.286036,12.085498,-0.039083,0.000937
1.000003,39.899307,-104.695816,0.286265,12.086262,-0.032338,0.000456
1.000001,39.899307,-104.695816,0.286156,12.085904,-0.037532,0.000358
1.000001,39.899307,-104.695816,0.286001,12.085396,-0.035796,0.000283
1.000001,39.899307,-104.695816,0.286262,12.087485,-0.033842,0.00049
1.000001,39.899307,-104.695816,0.286436,12.087234,-0.036753,0.000459
1.000001,39.899307,-104.695816,0.286209,12.088033,-0.036333,0.00022
1.000001,39.899307,-104.695816,0.286119,12.08567,-0.036192,0.000605
1.000001,39.899307,-104.695816,0.285991,12.085731,-0.035816,0.000329
1.001153,39.899307,-104.695816,0.286376,12.087502,-0.036168,0.000851
1.000001,39.899307,-104.695816,0.286092,12.085007,-0.038574,0.000304
1.000001,39.899307,-104.695816,0.286089,12.086314,-0.03319,0.000475
1.000001,39.899307,-104.695816,0.286126,12.086065,-0.035234,0.000963
1.000001,39.899307,-104.695816,0.286163,12.086343,-0.033226,0.000297
1.000001,39.899307,-104.695816,0.285981,12.084281,-0.033512,0.001227
1.000001,39.899307,-104.695816,0.286104,12.085081,-0.032538,0.0008
1.000001,39.899307,-104.695816,0.286199,12.086633,-0.038459,0.000508
1.000001,39.899307,-104.695816,0.285991,12.084387,-0.037556,0.000102
1.000001,39.899307,-104.695816,0.286275,12.086904,-0.032871,0.000457
1.000001,39.899307,-104.695816,0.286178,12.086669,-0.035947,0.000423
1.000001,39.899307,-104.695816,0.286357,12.087646,-0.034374,0.000149
1.000001,39.899307,-104.695816,0.286064,12.086055,-0.037648,0.000374
1.000001,39.899307,-104.695816,0.286203,12.08584,-0.034891,0.000859
1.000001,39.899307,-104.695816,0.286152,12.086208,-0.037179,0.00041
1.000001,39.899307,-104.695816,0.286263,12.087257,-0.038427,0.000587
1.000001,39.899307,-104.695816,0.2863,12.086607,-0.036837,0.000687
1.000001,39.899307,-104.695816,0.286003,12.085431,-0.037557,0.000598
1.000001,39.899307,-104.695816,0.28626,12.086082,-0.035905,0.000342
1.000001,39.899307,-104.695816,0.286145,12.086804,-0.036165,0.000679
1.000001,39.899307,-104.695816,0.286091,12.085698,-0.039208,0.000277
1.000001,39.899307,-104.695816,0.28622,12.086185,-0.038831,0.000844
1.000001,39.899307,-104.695816,0.286132,12.08523,-0.036516,0.000621
1.000001,39.899307,-104.695816,0.286091,12.086445,-0.036718,0.000604
1.000001,39.899307,-104.695816,0.286196,12.086315,-0.036034,0.000453
1.000001,39.899307,-104.695816,0.286087,12.085704,-0.038266,0.000615
1.000001,39.899307,-104.695816,0.286259,12.087176,-0.03316,0.00056
1.000001,39.899307,-104.695816,0.286274,12.086951,-0.037956,0.000599
1.000001,39.899307,-104.695816,0.286191,12.086494,-0.032598,0.00071
1.000001,39.899307,-104.695816,0.285851,12.084699,-0.035421,8.7e-05
1.000001,39.899307,-104.695816,0.286062,12.084625,-0.03637,0.000576
1.000001,39.899307,-104.695816,0.286179,12.086086,-0.038589,0.000185
1.000001,39.899307,-104.695816,0.28621,12.086843,-0.03575,0.00025
1.000001,39.899307,-104.695816,0.286235,12.08602,-0.038425,0.000262
1.000001,39.899307,-104.695816,0.285991,12.085734,-0.03716,0.000661
1.000001,39.899307,-104.695816,0.286138,12.085532,-0.03643,0.000489
1.000001,39.899307,-104.695816,0.286162,12.08674,-0.033013,0.000283
1.000001,39.899307,-104.695816,0.286336,12.086737,-0.034332,0.000668
1.000001,39.899307,-104.695816,0.286167,12.085981,-0.032131,0.000384
1.000001,39.899307,-104.695816,0.286065,12.086027,-0.035985,0.000602
1.000001,39.899307,-104.695816,0.286218,12.086796,-0.034718,0.000197
1.000001,39.899307,-104.695816,0.286104,12.086039,-0.033656,0.00028
1.000001,39.899307,-104.695816,0.285989,12.084443,-0.037418,0.000418
1.000001,39.899307,-104.695816,0.286128,12.086271,-0.03498,0.000601
1.000001,39.899307,-104.695816,0.286116,12.086502,-0.037545,0.000664
1.000001,39.899307,-104.695816,0.286195,12.086552,-0.036477,0.00045
1.000001,39.899307,-104.695816,0.285987,12.084607,-0.036004,0.000332
1.000001,39.899307,-104.695816,0.28618,12.086252,-0.036739,0.000145
1.000001,39.899307,-104.695816,0.286288,12.086187,-0.037749,0.000497
1.000001,39.899307,-104.695816,0.286265,12.086215,-0.036619,0.000414
1.000001,39.899307,-104.695816,0.286314,12.086391,-0.03621,0.000199
1.000001,39.899307,-104.695816,0.285961,12.084857,-0.035816,0.00033
1.000001,39.899307,-104.695816,0.286138,12.086154,-0.036736,0.000585
1.000001,39.899307,-104.695816,0.286482,12.088171,-0.039039,0.000472
1.000001,39.899307,-104.695816,0.286094,12.086133,-0.038143,0.000619
1.000001,39.899307,-104.695816,0.286242,12.086849,-0.033149,0.000128
1.000001,39.899307,-104.695816,0.286263,12.085867,-0.03539,0.000616
1.000001,39.899307,-104.695816,0.28624,12.087321,-0.040385,0.000667
1.000001,39.899307,-104.695816,0.28637,12.086468,-0.03216,0.000718
1.000001,39.899307,-104.695816,0.286001,12.085017,-0.040104,0.000243
1.000001,39.899307,-104.695816,0.286141,12.085354,-0.036752,0.000183
1.003658,39.899307,-104.695816,0.286307,12.087107,-0.03653,0.000434
1.000001,39.899307,-104.695816,0.286315,12.087321,-0.043291,0.000274
1.000001,39.899307,-104.695816,0.286115,12.0867,-0.031393,0.000492
1.000001,39.899307,-104.695816,0.286295,12.087013,-0.035866,0.000649
1.000001,39.899307,-104.695816,0.286141,12.085505,-0.03824,0.000189
1.000001,39.899307,-104.695816,0.286159,12.085946,-0.037077,0.000548
1.000001,39.899307,-104.695816,0.286249,12.086443,-0.030025,0.000618
1.000001,39.899307,-104.695816,0.286087,12.085702,-0.034518,0.000786
1.000001,39.899307,-104.695816,0.286074,12.085342,-0.03302,0.000527
1.000001,39.899307,-104.695816,0.286173,12.087149,-0.034529,0.000534
1.000001,39.899307,-104.695816,0.286141,12.085448,-0.040291,0.000116
1.000001,39.899307,-104.695816,0.286198,12.08641,-0.038933,0.000578
1.000001,39.899307,-104.695816,0.285959,12.085915,-0.038227,0.000336
1.000001,39.899307,-104.695816,0.285973,12.085648,-0.037574,0.00072
1.000001,39.899307,-104.695816,0.286055,12.08553,-0.033967,0.000624
1.006088,39.899307,-104.695816,0.286333,12.087435,-0.03849,0.000316
1.000001,39.899307,-104.695816,0.286185,12.086874,-0.033109,0.000474
1.000001,39.899307,-104.695816,0.286275,12.086632,-0.036402,0.000574
1.000001,39.899307,-104.695816,0.286303,12.087344,-0.035613,0.000608
1.000001,39.899307,-104.695816,0.286089,12.085362,-0.040615,0.00041
1.000001,39.899307,-104.695816,0.286153,12.086635,-0.032142,0.000603
1.000001,39.899307,-104.695816,0.285968,12.085067,-0.034901,0.000618
1.000001,39.899307,-104.695816,0.286355,12.087116,-0.033494,0.000248
1.000001,39.899307,-104.695816,0.28635,12.086484,-0.036356,0.000161
1.000001,39.899307,-104.695816,0.286066,12.086588,-0.033821,0.000988
1.000001,39.899307,-104.695816,0.286174,12.087087,-0.034471,0.000517
1.000001,39.899307,-104.695816,0.286085,12.085449,-0.039931,0.000175
1.000001,39.899307,-104.695816,0.286125,12.085824,-0.036408,0.000346
1.000001,39.899307,-104.695816,0.286305,12.087275,-0.036097,0.000322
1.000001,39.899307,-104.695816,0.285969,12.08489,-0.036491,0.00044
1.000001,39.899307,-104.695816,0.286411,12.086826,-0.03086,0.00044
1.000001,39.899307,-104.695816,0.286212,12.086782,-0.038002,0.000135
1.000001,39.899307,-104.695816,0.28622,12.084935,-0.035044,0.000732
1.000001,39.899307,-104.695816,0.286394,12.086372,-0.03276,0.000806
1.000001,39.899307,-104.695816,0.286283,12.08692,-0.034979,0.001115
1.000001,39.899307,-104.695816,0.286253,12.086648,-0.038336,0.000156
1.000001,39.899307,-104.695816,0.286294,12.087036,-0.03347,0.000609
1.000001,39.899307,-104.695816,0.286085,12.08636,-0.034438,0.000479
1.000001,39.899307,-104.695816,0.286137,12.086356,-0.036639,0.000385
1.002793,39.899307,-104.695816,0.286219,12.08626,-0.038023,0.000156
1.000001,39.899307,-104.695816,0.286202,12.085788,-0.035262,0.00067
1.000001,39.899307,-104.695816,0.286246,12.087101,-0.034886,0.000805
1.000001,39.899307,-104.695816,0.286128,12.085512,-0.033784,0.000994
1.006724,39.899307,-104.695816,0.286114,12.08607,-0.036806,0.000995
1.000001,39.899307,-104.695816,0.286066,12.08587,-0.035918,0.000231
1.000001,39.899307,-104.695816,0.28618,12.084582,-0.036338,0.00054
1.000001,39.899307,-104.695816,0.286337,12.087612,-0.038452,0.000382
1.000001,39.899307,-104.695816,0.286142,12.087103,-0.03913,0.00057
1.000001,39.899307,-104.695816,0.286267,12.086914,-0.033508,0.000412
1.000001,39.899307,-104.695816,0.286328,12.087019,-0.04055,0.000727
1.000001,39.899307,-104.695816,0.286095,12.085964,-0.036608,0.000995
1.000001,39.899307,-104.695816,0.286136,12.086036,-0.035738,0.00056
1.000001,39.899307,-104.695816,0.28596,12.084302,-0.037567,0.000546
1.000001,39.899307,-104.695816,0.286139,12.085939,-0.035271,0.000558
1.000001,39.899307,-104.695816,0.286233,12.086182,-0.034115,0.001096
1.000001,39.899307,-104.695816,0.286225,12.086642,-0.038936,0.000546
1.000001,39.899307,-104.695816,0.28617,12.085774,-0.033997,0.000566
1.000001,39.899307,-104.695816,0.286239,12.087015,-0.038722,0.000578
1.000001,39.899307,-104.695816,0.286392,12.086859,-0.034865,0.000494
1.000001,39.899307,-104.695816,0.286223,12.087206,-0.034986,0.000758
1.000001,39.899307,-104.695816,0.28647,12.086828,-0.038254,0.000306
1.000001,39.899307,-104.695816,0.286118,12.084829,-0.042171,0.001085
1.000001,39.899307,-104.695816,0.286478,12.089074,-0.031477,0.001143
1.000001,39.899307,-104.695816,0.286238,12.086801,-0.038599,0.000463
1.000001,39.899307,-104.695816,0.286283,12.087434,-0.036048,0.000307
1.000001,39.899307,-104.695816,0.286151,12.086784,-0.036043,0.000621
1.000001,39.899307,-104.695816,0.286401,12.086459,-0.030157,0.001064
1.000001,39.899307,-104.695816,0.286113,12.08632,-0.036438,0.000928
1.000001,39.899307,-104.695816,0.28603,12.085655,-0.036421,0.000217
1.002888,39.899307,-104.695816,0.286308,12.087352,-0.033656,0.000201
1.000001,39.899307,-104.695816,0.2862,12.086024,-0.03149,0.0004
1.000001,39.899307,-104.695816,0.28621,12.085702,-0.036973,0.000374
1.000001,39.899307,-104.695816,0.286204,12.086592,-0.03706,0.000513
1.000001,39.899307,-104.695816,0.286093,12.085824,-0.036704,0.001061
1.002712,39.899307,-104.695816,0.286622,12.088338,-0.037343,0.00034
1.000001,39.899307,-104.695816,0.286188,12.087375,-0.035496,0.000239
1.000001,39.899307,-104.695816,0.286352,12.086338,-0.036123,0.000161
1.000001,39.899307,-104.695816,0.286264,12.087136,-0.041258,0.000632
1.000001,39.899307,-104.695816,0.286279,12.08769,-0.033344,0.000438
1.000001,39.899307,-104.695816,0.286326,12.087343,-0.032734,0.000278
1.000001,39.899307,-104.695816,0.286045,12.086184,-0.038363,0.000478
1.000001,39.899307,-104.695816,0.286213,12.086054,-0.035327,0.000384
1.000001,39.899307,-104.695816,0.286459,12.087154,-0.036487,0.000286
1.000001,39.899307,-104.695816,0.286175,12.086703,-0.035994,8.5e-05
1.000001,39.899307,-104.695816,0.286155,12.08593,-0.034029,0.000273
1.000001,39.899307,-104.695816,0.286117,12.08593,-0.037233,0.000484
1.000001,39.899307,-104.695816,0.286335,12.0873,-0.035185,0.000263
1.000001,39.899307,-104.695816,0.286169,12.0862,-0.035196,0.000314
1.000001,39.899307,-104.695816,0.286311,12.086919,-0.03188,0.000586
1.004422,39.899307,-104.695816,0.286123,12.085304,-0.036044,0.000428
1.000001,39.899307,-104.695816,0.286178,12.086539,-0.036251,0.000251
1.000001,39.899307,-104.695816,0.28629,12.08735,-0.035207,0.000312
1.000001,39.899307,-104.695816,0.286468,12.086001,-0.034648,0.000383
1.000001,39.899307,-104.695816,0.286176,12.086136,-0.035513,0.000204
1.000009,39.899307,-104.695816,0.286134,12.085914,-0.033761,0.000456
1.000001,39.899307,-104.695816,0.286151,12.086565,-0.034735,0.000204
1.000001,39.899307,-104.695816,0.286479,12.088157,-0.036148,0.000215
1.000001,39.899307,-104.695816,0.286321,12.086634,-0.037017,0.000196
1.000001,39.899307,-104.695816,0.286299,12.086915,-0.034521,0.000427
1.007681,39.899307,-104.695816,0.286251,12.086443,-0.033594,0.000557
1.000001,39.899307,-104.695816,0.286304,12.086332,-0.031637,0.000693
1.000001,39.899307,-104.695816,0.286126,12.086644,-0.032883,0.000811
1.000009,39.899307,-104.695816,0.286231,12.08703,-0.033746,0.000456
1.000001,39.899307,-104.695816,0.286251,12.086613,-0.036297,0.000642
1.000001,39.899307,-104.695816,0.286155,12.085048,-0.036669,0.000704
1.000001,39.899307,-104.695816,0.286311,12.086773,-0.034188,0.000771
1.000001,39.899307,-104.695816,0.286306,12.087605,-0.037131,0.000609
1.000001,39.899307,-104.695816,0.286451,12.087252,-0.033124,0.000263
1.000001,39.899307,-104.695816,0.286138,12.085711,-0.034452,0.000113
1.000001,39.899307,-104.695816,0.286262,12.086678,-0.037904,0.000522
1.000001,39.899307,-104.695816,0.286294,12.086163,-0.038184,0.000507
1.000001,39.899307,-104.695816,0.286456,12.087506,-0.035279,0.000665
1.000001,39.899307,-104.695816,0.286292,12.08707,-0.039824,0.000376
1.000001,39.899307,-104.695816,0.286263,12.086419,-0.037718,0.00023
1.000001,39.899307,-104.695816,0.286266,12.087195,-0.035427,0.000348
1.000001,39.899307,-104.695816,0.286338,12.087258,-0.037271,0.000368
1.000001,39.899307,-104.695816,0.286206,12.086319,-0.038868,0.000268
1.000001,39.899307,-104.695816,0.286304,12.086942,-0.034003,0.000484
1.000001,39.899307,-104.695816,0.286402,12.088129,-0.035802,0.000189
1.000001,39.899307,-104.695816,0.28605,12.0859,-0.036631,0.000339
1.000001,39.899307,-104.695816,0.286319,12.086873,-0.032757,0.000255
1.000001,39.899307,-104.695816,0.286239,12.087176,-0.037088,0.000329
1.000001,39.899307,-104.695816,0.286341,12.086997,-0.033311,0.00054
1.000001,39.899307,-104.695816,0.286475,12.088038,-0.03667,0.000491
1.000001,39.899307,-104.695816,0.286235,12.086671,-0.035706,0.000573
1.000001,39.899307,-104.695816,0.286013,12.085364,-0.035397,0.000156
1.000001,39.899307,-104.695816,0.286226,12.086309,-0.035166,0.00029
1.000001,39.899307,-104.695816,0.286157,12.085188,-0.038551,0.000664
1.000001,39.899307,-104.695816,0.286422,12.08801,-0.034392,0.000764
1.000001,39.899307,-104.695816,0.286327,12.087294,-0.039669,0.000695
1.003714,39.899307,-104.695816,0.286167,12.086278,-0.032933,0.000472
1.000001,39.899307,-104.695816,0.286203,12.086016,-0.037184,0.000161
1.000001,39.899307,-104.695816,0.286222,12.086032,-0.03514,0.000345
1.000001,39.899307,-104.695816,0.286365,12.087205,-0.031883,0.000146
1.000001,39.899307,-104.695816,0.286327,12.086504,-0.035015,0.00043
1.000001,39.899307,-104.695816,0.286244,12.086281,-0.033666,0.001057
1.000001,39.899307,-104.695816,0.286226,12.086731,-0.034888,0.00041
1.000001,39.899307,-104.695816,0.286279,12.086737,-0.03464,0.000358
1.000001,39.899307,-104.695816,0.286249,12.086222,-0.03829,0.000443
1.000001,39.899307,-104.695816,0.286256,12.086294,-0.034271,0.00057
1.000001,39.899307,-104.695816,0.286385,12.087976,-0.03693,0.000169
1.000001,39.899307,-104.695816,0.28618,12.085462,-0.038312,0.000124
1.000001,39.899307,-104.695816,0.286225,12.086381,-0.034579,0.001011
1.000001,39.899307,-104.695816,0.286262,12.08619,-0.036909,0.000795
1.000001,39.899307,-104.695816,0.286432,12.086709,-0.037137,0.000314
1.000001,39.899307,-104.695816,0.286241,12.08619,-0.036771,0.001121
1.000001,39.899307,-104.695816,0.286422,12.087469,-0.036357,0.000637
1.000001,39.899307,-104.695816,0.286188,12.086579,-0.033775,0.000443
1.000001,39.899307,-104.695816,0.28621,12.086212,-0.03586,0.00033
1.000001,39.899307,-104.695816,0.28641,12.086994,-0.036701,0.000909
1.000001,39.899307,-104.695816,0.286378,12.086791,-0.038526,0.000249
1.000001,39.899307,-104.695816,0.286506,12.088527,-0.033641,0.000327
1.000001,39.899307,-104.695816,0.286418,12.086322,-0.035485,0.000652
1.000001,39.899307,-104.695816,0.286323,12.08759,-0.03536,0.00094
1.000001,39.899307,-104.695816,0.286472,12.087635,-0.032538,0.00046
1.000001,39.899307,-104.695816,0.286204,12.086205,-0.039128,0.000511
1.000001,39.899307,-104.695816,0.286295,12.086521,-0.036249,0.00056
1.004775,39.899307,-104.695816,0.286407,12.08723,-0.035972,0.000229
1.000001,39.899307,-104.695816,0.286432,12.08671,-0.040144,0.000736
1.000001,39.899307,-104.695816,0.286114,12.085079,-0.031129,0.001213
1.000001,39.899307,-104.695816,0.286251,12.086041,-0.038415,0.000577
1.000001,39.899307,-104.695816,0.286436,12.087765,-0.035492,0.000733
1.000001,39.899307,-104.695816,0.286271,12.085795,-0.036678,0.000327
1.000001,39.899307,-104.695816,0.286439,12.087397,-0.029251,0.00058
1.000001,39.899307,-104.695816,0.286142,12.086175,-0.034011,0.000725
1.000001,39.899307,-104.695816,0.286236,12.086916,-0.033739,0.000549
1.000001,39.899307,-104.695816,0.286308,12.086638,-0.035446,0.000636
1.000001,39.899307,-104.695816,0.286326,12.086481,-0.037384,0.001011
1.000001,39.899307,-104.695816,0.286454,12.088697,-0.037839,0.000228
1.000001,39.899307,-104.695816,0.286005,12.085638,-0.037994,0.000508
1.000001,39.899307,-104.695816,0.286142,12.085792,-0.036413,0.000297
1.004187,39.899307,-104.695816,0.2862,12.086951,-0.032991,0.000753
1.000001,39.899307,-104.695816,0.28638,12.086867,-0.041203,0.000572
1.000001,39.899307,-104.695816,0.286311,12.086876,-0.030531,0.000262
1.000001,39.899307,-104.695816,0.286408,12.086909,-0.034892,0.000355
1.000001,39.899307,-104.695816,0.286579,12.087607,-0.036736,0.00064
1.000001,39.899307,-104.695816,0.286227,12.08604,-0.038029,0.000608
1.000001,39.899307,-104.695816,0.28634,12.086997,-0.032769,0.000443
1.003709,39.899307,-104.695816,0.286104,12.085595,-0.032257,0.000367
1.000001,39.899307,-104.695816,0.286465,12.087871,-0.031342,0.000503
1.000001,39.899307,-104.695816,0.286475,12.086844,-0.034288,0.000325
1.000001,39.899307,-104.695816,0.286185,12.086383,-0.035226,0.000539
1.000001,39.899307,-104.695816,0.286309,12.087025,-0.03366,0.000668
1.000001,39.899307,-104.695816,0.28617,12.085634,-0.040904,0.000884
1.000001,39.899307,-104.695816,0.286132,12.085007,-0.03585,0.000712
1.00146,39.899307,-104.695816,0.286328,12.085786,-0.03577,0.000459
1.000001,39.899307,-104.695816,0.286164,12.085909,-0.035888,0.000201
1.003798,39.899307,-104.695816,0.286496,12.087507,-0.030742,0.00021
1.000001,39.899307,-104.695816,0.286427,12.087446,-0.034458,0.000492
1.000001,39.899307,-104.695816,0.286446,12.088024,-0.037854,0.000144
1.000001,39.899307,-104.695816,0.286432,12.087633,-0.0351,0.000454
1.000001,39.899307,-104.695816,0.286543,12.087933,-0.039547,0.000405
1.000001,39.899307,-104.695816,0.286496,12.088096,-0.035834,0.000569
1.000001,39.899307,-104.695816,0.286231,12.085887,-0.032296,0.000306
1.000001,39.899307,-104.695816,0.286163,12.085874,-0.035312,0.000643
1.000001,39.899307,-104.695816,0.286307,12.086969,-0.036521,0.000231
1.000001,39.899307,-104.695816,0.286356,12.087063,-0.03825,0.000179
1.000001,39.899307,-104.695816,0.286265,12.086002,-0.036006,0.000255
1.000001,39.899307,-104.695816,0.286241,12.086383,-0.034944,0.000529
1.000001,39.899307,-104.695816,0.286257,12.086611,-0.034681,0.000263
1.000001,39.899307,-104.695816,0.286157,12.086126,-0.038116,0.000334
1.000001,39.899307,-104.695816,0.286204,12.086354,-0.033916,0.000356
1.000001,39.899307,-104.695816,0.286428,12.086248,-0.036837,0.001072
1.000001,39.899307,-104.695816,0.286437,12.087003,-0.037714,0.000488
1.000001,39.899307,-104.695816,0.28617,12.086296,-0.039141,0.00028
1.000001,39.899307,-104.695816,0.286387,12.087045,-0.032758,0.000282
1.000001,39.899307,-104.695816,0.286299,12.086675,-0.037924,0.000398
1.000001,39.899307,-104.695816,0.286382,12.087289,-0.035498,0.000781
1.000001,39.899307,-104.695816,0.286121,12.085119,-0.037656,0.000392
1.000001,39.899307,-104.695816,0.286191,12.08614,-0.035522,0.000733
1.000001,39.899307,-104.695816,0.286202,12.08572,-0.033402,0.000381
1.000001,39.899307,-104.695816,0.286242,12.085998,-0.031843,0.000601
1.000001,39.899307,-104.695816,0.2864,12.087677,-0.040222,0.000392
1.000001,39.899307,-104.695816,0.286308,12.085793,-0.032561,0.000202
1.000001,39.899307,-104.695816,0.286278,12.086288,-0.037364,0.000462
1.000001,39.899307,-104.695816,0.286498,12.087287,-0.034868,0.000273
1.000001,39.899307,-104.695816,0.286208,12.087424,-0.034997,0.000498
1.000001,39.899307,-104.695816,0.286527,12.087789,-0.038905,0.000583
1.000001,39.899307,-104.695816,0.286362,12.085835,-0.037926,0.001034
1.000001,39.899307,-104.695816,0.286533,12.087736,-0.03359,0.001422
1.000001,39.899307,-104.695816,0.2863,12.086723,-0.038724,0.00086
1.000001,39.899307,-104.695816,0.28638,12.08745,-0.035091,0.000638
1.000001,39.899307,-104.695816,0.286299,12.08566,-0.03639,0.000837
1.000001,39.899307,-104.695816,0.286337,12.08683,-0.031631,0.000968
1.000001,39.899307,-104.695816,0.286291,12.086828,-0.034927,0.00099
1.000001,39.899307,-104.695816,0.286297,12.086673,-0.034525,0.00031
1.000001,39.899307,-104.695816,0.286249,12.08737,-0.032975,0.000778
1.005131,39.899307,-104.695816,0.286326,12.086476,-0.033225,0.000286
1.000001,39.899307,-104.695816,0.286382,12.087509,-0.035219,0.000696
1.000001,39.899307,-104.695816,0.28627,12.086826,-0.035748,0.000881
1.000001,39.899307,-104.695816,0.286103,12.08582,-0.033179,0.001068
1.000001,39.899307,-104.695816,0.286437,12.087086,-0.037082,0.000849
1.004144,39.899307,-104.695816,0.286296,12.087886,-0.035569,0.000816
1.000001,39.899307,-104.695816,0.286315,12.086687,-0.033433,0.000481
1.000001,39.899307,-104.695816,0.286308,12.086188,-0.040004,0.000717
1.000001,39.899307,-104.695816,0.286353,12.086958,-0.033152,0.00048
1.000001,39.899307,-104.695816,0.286426,12.088416,-0.033903,0.000133
1.000001,39.899307,-104.695816,0.286269,12.087573,-0.036786,0.000634
1.000001,39.899307,-104.695816,0.286221,12.086681,-0.036415,0.000413
1.000001,39.899307,-104.695816,0.286553,12.087469,-0.034571,0.000187
1.000001,39.899307,-104.695816,0.286208,12.086832,-0.035574,0.000214
1.000001,39.899307,-104.695816,0.28631,12.087152,-0.036695,0.000116
1.000001,39.899307,-104.695816,0.28639,12.086604,-0.035957,0.000544
1.000001,39.899307,-104.695816,0.286435,12.088329,-0.036733,0.000558
1.000001,39.899307,-104.695816,0.286369,12.087472,-0.037142,0.000249
1.000001,39.899307,-104.695816,0.286255,12.08684,-0.034495,0.001343
1.000001,39.899307,-104.695816,0.286211,12.0859,-0.033664,0.000361
1.000001,39.899307,-104.695816,0.286302,12.087489,-0.038681,0.000393
1.000001,39.899307,-104.695816,0.286265,12.086324,-0.035619,0.000175
1.000001,39.899307,-104.695816,0.286673,12.088652,-0.033263,0.000495
1.005908,39.899307,-104.695816,0.286247,12.085638,-0.035078,0.000252
1.000001,39.899307,-104.695816,0.286311,12.08565,-0.032591,0.000647
1.000001,39.899307,-104.695816,0.286275,12.087076,-0.034191,0.00015
1.000001,39.899307,-104.695816,0.286556,12.088029,-0.036912,0.000433
1.000001,39.899307,-104.695816,0.286452,12.087274,-0.038556,0.000282
1.000001,39.899307,-104.695816,0.286361,12.086829,-0.035878,0.000296
1.000001,39.899307,-104.695816,0.286323,12.086905,-0.033693,0.000184
1.000001,39.899307,-104.695816,0.286459,12.087745,-0.034689,0.000694
1.000001,39.899307,-104.695816,0.286434,12.087458,-0.031481,0.000641
1.000001,39.899307,-104.695816,0.286241,12.086427,-0.033406,0.000261
1.000001,39.899307,-104.695816,0.286313,12.086833,-0.035272,0.000614
1.000001,39.899307,-104.695816,0.286123,12.085272,-0.036563,0.00106
1.000001,39.899307,-104.695816,0.286426,12.087199,-0.034786,0.0004
1.000001,39.899307,-104.695816,0.286618,12.088148,-0.03688,0.000425
1.000001,39.899307,-104.695816,0.286552,12.087986,-0.031398,0.000257
1.000001,39.899307,-104.695816,0.286324,12.086124,-0.035478,0.000153
1.000001,39.899307,-104.695816,0.286509,12.087455,-0.037868,0.000364
1.000001,39.899307,-104.695816,0.286253,12.085776,-0.039233,0.000582
1.000001,39.899307,-104.695816,0.286585,12.087299,-0.034071,0.000501
1.000001,39.899307,-104.695816,0.286337,12.087149,-0.039987,0.000343
1.000001,39.899307,-104.695816,0.286352,12.08662,-0.035938,0.000244
1.000001,39.899307,-104.695816,0.286508,12.087642,-0.036044,0.000864
1.000001,39.899307,-104.695816,0.286393,12.087064,-0.037424,0.000369
1.000001,39.899307,-104.695816,0.286419,12.087531,-0.039879,0.000375
1.000001,39.899307,-104.695816,0.286289,12.086001,-0.033391,0.000646
1.000001,39.899307,-104.695816,0.28645,12.087796,-0.035435,0.000504
1.000001,39.899307,-104.695816,0.286209,12.086416,-0.036316,0.000311
1.000001,39.899307,-104.695816,0.286359,12.086816,-0.033159,0.000361
1.000001,39.899307,-104.695816,0.286265,12.087307,-0.035841,0.000374
1.000001,39.899307,-104.695816,0.28649,12.08708,-0.033622,0.000649
1.000001,39.899307,-104.695816,0.286579,12.087769,-0.033203,0.000476
1.000001,39.899307,-104.695816,0.286281,12.086642,-0.035551,0.0009
1.000001,39.899307,-104.695816,0.286092,12.0854,-0.035925,0.000464
1.000001,39.899307,-104.695816,0.286428,12.086799,-0.03387,0.000411
1.000001,39.899307,-104.695816,0.286221,12.085548,-0.037622,0.000367
1.000001,39.899307,-104.695816,0.286506,12.087741,-0.032658,0.000714
1.000001,39.899307,-104.695816,0.286325,12.08635,-0.038157,0.000362
1.000001,39.899307,-104.695816,0.28634,12.086965,-0.035469,0.000427
1.000001,39.899307,-104.695816,0.286358,12.086493,-0.033485,0.000554
1.000001,39.899307,-104.695816,0.286366,12.08474,-0.035925,0.000923
1.000001,39.899307,-104.695816,0.286344,12.086973,-0.030547,0.00035
1.000001,39.899307,-104.695816,0.286397,12.086802,-0.037863,0.000469
1.000001,39.899307,-104.695816,0.286497,12.087352,-0.03346,0.000683
1.000004,39.899307,-104.695816,0.286303,12.086788,-0.034881,0.000344
1.000001,39.899307,-104.695816,0.286398,12.087569,-0.034118,0.000186
1.000001,39.899307,-104.695816,0.286341,12.086396,-0.036907,0.000211
1.000001,39.899307,-104.695816,0.286236,12.085997,-0.036328,0.000259
1.000001,39.899307,-104.695816,0.286588,12.088153,-0.035241,0.00039
1.000001,39.899307,-104.695816,0.286371,12.086656,-0.038599,0.000423
1.000001,39.899307,-104.695816,0.28639,12.087309,-0.033993,0.001035
1.000001,39.899307,-104.695816,0.286355,12.086814,-0.033535,0.000748
1.000001,39.899307,-104.695816,0.286594,12.08756,-0.038499,0.000235
1.000001,39.899307,-104.695816,0.286336,12.086711,-0.039709,0.000698
1.000001,39.899307,-104.695816,0.286366,12.086925,-0.03759,0.000295
1.000001,39.899307,-104.695816,0.286344,12.086661,-0.033101,0.000322
1.000001,39.899307,-104.695816,0.286351,12.086808,-0.032458,0.000234
1.000001,39.899307,-104.695816,0.28647,12.08715,-0.035561,0.000288
1.000001,39.899307,-104.695816,0.286454,12.087306,-0.038073,0.000323
1.000001,39.899307,-104.695816,0.286539,12.088775,-0.035089,0.00024
1.000001,39.899307,-104.695816,0.286532,12.087845,-0.038222,0.000153
1.000001,39.899307,-104.695816,0.286391,12.08716,-0.031998,0.000219
1.000001,39.899307,-104.695816,0.286429,12.086899,-0.03253,0.00046
1.000001,39.899307,-104.695816,0.286457,12.087479,-0.038616,8.5e-05
1.000001,39.899307,-104.695816,0.286492,12.087953,-0.036367,0.000287
1.000001,39.899307,-104.695816,0.286491,12.087681,-0.034802,0.000281
1.007588,39.899307,-104.695816,0.28659,12.086915,-0.036049,0.000607
1.000001,39.899307,-104.695816,0.286222,12.086166,-0.036006,0.000934
1.000001,39.899307,-104.695816,0.286372,12.086473,-0.038391,0.001444
1.000002,39.899307,-104.695816,0.286522,12.088103,-0.034228,0.001169
1.000001,39.899307,-104.695816,0.286426,12.086781,-0.035848,0.000632
1.000001,39.899307,-104.695816,0.28647,12.087568,-0.031146,0.00141
1.000001,39.899307,-104.695816,0.286327,12.086379,-0.034242,0.000704
1.000001,39.899307,-104.695816,0.286263,12.086542,-0.035448,0.0005
1.015095,39.899307,-104.695816,0.286401,12.086915,-0.035989,0.000795
1.000001,39.899307,-104.695816,0.286419,12.086638,-0.034128,0.00072
1.000001,39.899307,-104.695816,0.286485,12.087677,-0.039247,0.000629
1.000001,39.899307,-104.695816,0.28606,12.085546,-0.037366,0.000125
1.000001,39.899307,-104.695816,0.286341,12.086433,-0.037197,0.000515
1.000001,39.899307,-104.695816,0.286397,12.087626,-0.030476,0.000432
1.000001,39.899307,-104.695816,0.286484,12.087008,-0.041421,0.000921
1.000001,39.899307,-104.695816,0.286463,12.088291,-0.031759,0.000328
1.000001,39.899307,-104.695816,0.286447,12.087617,-0.032383,0.000179
1.000001,39.899307,-104.695816,0.286684,12.088402,-0.036566,0.000917
1.000001,39.899307,-104.695816,0.286361,12.086983,-0.037005,0.000552
1.000001,39.899307,-104.695816,0.286325,12.086655,-0.035152,0.000297
1.000001,39.899307,-104.695816,0.286208,12.085629,-0.034091,0.000545
1.000001,39.899307,-104.695816,0.28647,12.087945,-0.034041,0.000982
1.000001,39.899307,-104.695816,0.286598,12.088073,-0.036154,0.000248
1.000001,39.899307,-104.695816,0.286206,12.086749,-0.036436,0.000264
1.000001,39.899307,-104.695816,0.286308,12.086742,-0.033518,0.000838
1.000001,39.899307,-104.695816,0.286475,12.087382,-0.039796,0.001449
1.000001,39.899307,-104.695816,0.286313,12.085964,-0.036221,0.000586
1.000001,39.899307,-104.695816,0.286582,12.08809,-0.038005,0.000222
1.000001,39.899307,-104.695816,0.286476,12.087362,-0.035042,0.00059
1.000001,39.899307,-104.695816,0.286552,12.087356,-0.032457,0.000265
1.000001,39.899307,-104.695816,0.286679,12.089121,-0.034204,0.000428
1.000001,39.899307,-104.695816,0.286472,12.086056,-0.037836,0.000322
1.000001,39.899307,-104.695816,0.286608,12.088318,-0.035332,0.000986
1.000001,39.899307,-104.695816,0.286667,12.088732,-0.038723,0.000993
1.000001,39.899307,-104.695816,0.286461,12.086725,-0.033666,0.000528
1.000001,39.899307,-104.695816,0.286277,12.086579,-0.033051,0.000475
1.000001,39.899307,-104.695816,0.286212,12.086321,-0.037474,0.000491
1.000001,39.899307,-104.695816,0.28642,12.087158,-0.036338,0.00035
1.000001,39.899307,-104.695816,0.286462,12.087156,-0.035081,0.000207
1.000001,39.899307,-104.695816,0.286364,12.086501,-0.036745,0.000425
1.000001,39.899307,-104.695816,0.286316,12.087044,-0.036898,0.000288
1.000001,39.899307,-104.695816,0.286444,12.087461,-0.035213,0.000332
1.000001,39.899307,-104.695816,0.286447,12.087412,-0.035738,0.000364
1.000001,39.899307,-104.695816,0.286301,12.086531,-0.034857,0.000255
1.000001,39.899307,-104.695816,0.286593,12.088461,-0.034237,0.00031
1.000001,39.899307,-104.695816,0.286577,12.087731,-0.034489,0.000139
1.000001,39.899307,-104.695816,0.28646,12.087384,-0.039353,0.000596
1.000001,39.899307,-104.695816,0.286475,12.087152,-0.032835,0.000259
1.000001,39.899307,-104.695816,0.286383,12.086823,-0.035977,0.000528
1.000001,39.899307,-104.695816,0.286364,12.08718,-0.034925,0.000314
1.000001,39.899307,-104.695816,0.286143,12.084839,-0.038014,0.000485
1.000001,39.899307,-104.695816,0.286352,12.08717,-0.037211,0.000584
1.000001,39.899307,-104.695816,0.286314,12.086762,-0.034769,0.000332
1.000001,39.899307,-104.695816,0.286278,12.085732,-0.031718,0.000471
1.000001,39.899307,-104.695816,0.286425,12.086802,-0.04041,0.00018
1.000001,39.899307,-104.695816,0.286375,12.087029,-0.031321,0.000232
1.001961,39.899307,-104.695816,0.286224,12.085865,-0.034015,0.000398
1.000001,39.899307,-104.695816,0.286679,12.088541,-0.034323,0.000198
1.000001,39.899307,-104.695816,0.286246,12.086856,-0.03352,0.000379
1.000001,39.899307,-104.695816,0.286538,12.087967,-0.038989,0.00081
1.000001,39.899307,-104.695816,0.286619,12.088132,-0.037395,0.00082
1.000001,39.899307,-104.695816,0.286525,12.087691,-0.038174,0.000733
1.000001,39.899307,-104.695816,0.286212,12.086141,-0.036527,0.000696
1.000001,39.899307,-104.695816,0.286485,12.087883,-0.034273,0.000955
1.000001,39.899307,-104.695816,0.286381,12.087197,-0.036282,0.000456
1.000001,39.899307,-104.695816,0.286283,12.086406,-0.034036,0.000956
1.006489,39.899307,-104.695816,0.28644,12.08779,-0.034955,0.000882
1.000001,39.899307,-104.695816,0.286471,12.086598,-0.035233,0.000314
1.000001,39.899307,-104.695816,0.28636,12.088687,-0.033316,0.000848
1.010421,39.899307,-104.695816,0.286511,12.08804,-0.035498,0.000282
1.000001,39.899307,-104.695816,0.286419,12.087111,-0.035187,0.000694
1.000001,39.899307,-104.695816,0.286367,12.086784,-0.036022,0.00103
1.000001,39.899307,-104.695816,0.286238,12.085988,-0.03312,0.00113
1.000001,39.899307,-104.695816,0.286595,12.087458,-0.035313,0.000686
1.000001,39.899307,-104.695816,0.286393,12.08721,-0.035359,0.001223
1.000001,39.899307,-104.695816,0.286397,12.086352,-0.031879,0.000428
1.000001,39.899307,-104.695816,0.286416,12.086802,-0.041271,0.000948
1.000001,39.899307,-104.695816,0.286376,12.086703,-0.032283,0.000822
1.000002,39.899307,-104.695816,0.286507,12.086864,-0.032656,0.000337
1.000001,39.899307,-104.695816,0.286284,12.087006,-0.035875,0.000565
1.000001,39.899307,-104.695816,0.28643,12.087078,-0.035078,0.000669
1.000001,39.899307,-104.695816,0.286602,12.088741,-0.035742,0.000752
1.000001,39.899307,-104.695816,0.286308,12.086831,-0.03393,0.000291
1.000001,39.899307,-104.695816,0.286488,12.087714,-0.038541,0.00014
1.000001,39.899307,-104.695816,0.286385,12.085682,-0.035102,0.000302
1.000001,39.899307,-104.695816,0.286439,12.087665,-0.037522,0.000413
1.000001,39.899307,-104.695816,0.286473,12.088418,-0.038528,0.000249
1.000001,39.899307,-104.695816,0.286405,12.087943,-0.031167,0.00141
1.000001,39.899307,-104.695816,0.286366,12.086718,-0.036776,0.000201
1.000001,39.899307,-104.695816,0.286516,12.087834,-0.04003,0.000284
1.000001,39.899307,-104.695816,0.286467,12.087291,-0.037931,0.000283
1.000001,39.899307,-104.695816,0.286638,12.087755,-0.031887,0.000249
1.000001,39.899307,-104.695816,0.286323,12.086664,-0.034108,0.000257
1.000001,39.899307,-104.695816,0.286486,12.08679,-0.032009,0.000977
1.000001,39.899307,-104.695816,0.28637,12.086242,-0.03434,0.000349
1.000001,39.899307,-104.695816,0.286619,12.088027,-0.037436,0.000388
1.000001,39.899307,-104.695816,0.286572,12.088063,-0.039197,0.000274
1.000001,39.899307,-104.695816,0.286471,12.086652,-0.034248,0.000347
1.000001,39.899307,-104.695816,0.286308,12.086563,-0.033091,0.000504
1.000001,39.899307,-104.695816,0.286587,12.088057,-0.03507,0.00074
1.000001,39.899307,-104.695816,0.286507,12.087442,-0.034161,0.00071
1.000001,39.899307,-104.695816,0.28639,12.087754,-0.031095,0.000556
1.000001,39.899307,-104.695816,0.286455,12.087345,-0.033428,0.000558
1.000001,39.899307,-104.695816,0.2863,12.086279,-0.035693,0.000787
1.000001,39.899307,-104.695816,0.286581,12.087893,-0.033475,0.000398
1.000001,39.899307,-104.695816,0.286695,12.088408,-0.038427,0.00052
1.000001,39.899307,-104.695816,0.286637,12.088716,-0.034703,0.000177
1.000001,39.899307,-104.695816,0.286451,12.087536,-0.035039,0.000362
1.000001,39.899307,-104.695816,0.286541,12.08687,-0.036798,0.000186
1.000001,39.899307,-104.695816,0.2865,12.087201,-0.038204,0.000609
1.000001,39.899307,-104.695816,0.286668,12.087839,-0.035117,0.00015
1.000001,39.899307,-104.695816,0.286504,12.087109,-0.038063,0.000268
1.000001,39.899307,-104.695816,0.286567,12.087608,-0.035518,0.000288
1.000001,39.899307,-104.695816,0.286687,12.089025,-0.037011,0.000627
1.000001,39.899307,-104.695816,0.286465,12.087638,-0.036821,0.000404
1.000001,39.899307,-104.695816,0.286562,12.088096,-0.040242,0.000252
1.000001,39.899307,-104.695816,0.28645,12.08628,-0.031474,0.00051
1.006269,39.899307,-104.695816,0.286452,12.087689,-0.034335,0.000785
1.000001,39.899307,-104.695816,0.286301,12.086489,-0.036185,0.000128
1.000001,39.899307,-104.695816,0.286459,12.086807,-0.034429,0.000543
1.000001,39.899307,-104.695816,0.28642,12.087873,-0.03483,0.000433
1.000001,39.899307,-104.695816,0.286492,12.087852,-0.034902,0.000559
1.000001,39.899307,-104.695816,0.286697,12.087955,-0.033856,0.000445
1.000001,39.899307,-104.695816,0.286277,12.085633,-0.033303,0.001104
1.000001,39.899307,-104.695816,0.286152,12.085149,-0.036199,0.000533
1.000001,39.899307,-104.695816,0.286534,12.087469,-0.035103,0.000419
1.000001,39.899307,-104.695816,0.286394,12.085955,-0.035351,0.000575
1.000001,39.899307,-104.695816,0.286546,12.086922,-0.031039,0.000835
1.000001,39.899307,-104.695816,0.286488,12.086506,-0.03624,0.000309
1.000001,39.899307,-104.695816,0.286382,12.086346,-0.035763,0.000923
1.000001,39.899307,-104.695816,0.286382,12.087271,-0.033945,0.000214
1.000001,39.899307,-104.695816,0.286498,12.085711,-0.036588,0.000255
1.000001,39.899307,-104.695816,0.286453,12.087116,-0.033607,0.000254
1.000001,39.899307,-104.695816,0.286505,12.086852,-0.038043,0.000402
1.000001,39.899307,-104.695816,0.286567,12.087267,-0.037217,0.000749
1.000001,39.899307,-104.695816,0.286541,12.087753,-0.034625,0.000248
1.000001,39.899307,-104.695816,0.286466,12.087517,-0.035196,0.00038
1.000001,39.899307,-104.695816,0.286533,12.087031,-0.03704,0.000475
1.000001,39.899307,-104.695816,0.286264,12.085162,-0.03463,0.000556
1.000001,39.899307,-104.695816,0.286545,12.088151,-0.03394,0.000346
1.000001,39.899307,-104.695816,0.286411,12.086858,-0.039212,0.000781
1.000001,39.899307,-104.695816,0.286437,12.086745,-0.032059,0.001279
1.000001,39.899307,-104.695816,0.286503,12.086905,-0.034908,0.000555
1.000001,39.899307,-104.695816,0.286661,12.088422,-0.035597,0.000422
1.000001,39.899307,-104.695816,0.286479,12.087164,-0.039483,0.000807
1.000001,39.899307,-104.695816,0.286452,12.087076,-0.03682,0.00069
1.000001,39.899307,-104.695816,0.286547,12.087845,-0.033609,0.000567
1.000001,39.899307,-104.695816,0.286377,12.086834,-0.031991,0.000429
1.000001,39.899307,-104.695816,0.286663,12.0879,-0.035073,0.000543
1.000001,39.899307,-104.695816,0.286551,12.088061,-0.038608,0.000658
1.000001,39.899307,-104.695816,0.28658,12.088211,-0.03374,0.000352
1.000001,39.899307,-104.695816,0.286581,12.087559,-0.037732,0.000395
1.000001,39.899307,-104.695816,0.286444,12.086399,-0.031154,0.000166
1.000001,39.899307,-104.695816,0.286581,12.087001,-0.033273,0.000416
1.000001,39.899307,-104.695816,0.286587,12.088079,-0.039165,0.000379
1.000001,39.899307,-104.695816,0.286523,12.08637,-0.034527,0.000386
1.000001,39.899307,-104.695816,0.286689,12.088675,-0.033044,0.00057
1.002499,39.899307,-104.695816,0.286648,12.086462,-0.03539,0.000593
1.000001,39.899307,-104.695816,0.286354,12.087196,-0.036288,0.000804
1.000001,39.899307,-104.695816,0.286479,12.087069,-0.039777,0.001531
1.000001,39.899307,-104.695816,0.28654,12.087664,-0.035278,0.001141
1.000001,39.899307,-104.695816,0.286422,12.086272,-0.035397,0.000309
1.000001,39.899307,-104.695816,0.286583,12.088775,-0.033491,0.000936
1.000001,39.899307,-104.695816,0.286383,12.086264,-0.033399,0.000622
1.000001,39.899307,-104.695816,0.28643,12.086946,-0.035821,0.000572
1.000001,39.899307,-104.695816,0.286502,12.088323,-0.037971,0.00062
1.000001,39.899307,-104.695816,0.286555,12.087634,-0.034302,0.00033
1.000001,39.899307,-104.695816,0.286668,12.088362,-0.040376,0.000662
1.000001,39.899307,-104.695816,0.286145,12.085776,-0.035264,0.000391
1.000001,39.899307,-104.695816,0.286431,12.086598,-0.037206,0.00035
1.000001,39.899307,-104.695816,0.286351,12.08619,-0.031624,0.000529
1.000001,39.899307,-104.695816,0.286531,12.08784,-0.041786,0.000443
1.000001,39.899307,-104.695816,0.286636,12.088326,-0.034168,0.000366
1.000001,39.899307,-104.695816,0.286631,12.087764,-0.033724,0.000175
1.000001,39.899307,-104.695816,0.286799,12.0882,-0.03376,0.000635
1.000001,39.899307,-104.695816,0.286429,12.086599,-0.036879,0.000308
1.000001,39.899307,-104.695816,0.28647,12.086865,-0.035397,0.000493
1.000001,39.899307,-104.695816,0.286239,12.085922,-0.03519,0.000494
1.000001,39.899307,-104.695816,0.286585,12.088255,-0.03218,0.000709
1.000001,39.899307,-104.695816,0.286708,12.088363,-0.036214,2.3e-05
1.000001,39.899307,-104.695816,0.286244,12.086601,-0.038159,0.000154
1.000001,39.899307,-104.695816,0.286478,12.086529,-0.033968,0.000492
1.000001,39.899307,-104.695816,0.286495,12.087502,-0.041861,0.000469
1.000001,39.899307,-104.695816,0.286455,12.087164,-0.037963,0.000575
1.000001,39.899307,-104.695816,0.286655,12.088945,-0.038537,0.000472
1.000001,39.899307,-104.695816,0.286649,12.08876,-0.038502,0.000635
1.000001,39.899307,-104.695816,0.28663,12.088449,-0.034387,0.000729
1.000001,39.899307,-104.695816,0.286644,12.088957,-0.036431,0.000708
1.000001,39.899307,-104.695816,0.28657,12.088998,-0.035829,0.000405
1.000001,39.899307,-104.695816,0.286616,12.088037,-0.034941,0.00059
1.000001,39.899307,-104.695816,0.286785,12.089516,-0.037235,0.000695
1.000001,39.899307,-104.695816,0.286585,12.087358,-0.031738,0.000337
1.000001,39.899307,-104.695816,0.286422,12.087193,-0.033061,0.000321
1.00141,39.899307,-104.695816,0.286436,12.087406,-0.037213,0.000278
1.000001,39.899307,-104.695816,0.286441,12.087124,-0.037168,0.000499
1.000001,39.899307,-104.695816,0.286632,12.087616,-0.034163,0.000449
1.000001,39.899307,-104.695816,0.286502,12.088431,-0.036451,0.000799
1.000001,39.899307,-104.695816,0.286383,12.087317,-0.034852,0.000255
1.000035,39.899307,-104.695816,0.286625,12.087765,-0.035909,0.000339
1.000001,39.899307,-104.695816,0.286529,12.087796,-0.037998,0.00028
1.000001,39.899307,-104.695816,0.286323,12.086175,-0.032655,0.000426
1.000001,39.899307,-104.695816,0.286566,12.087176,-0.037991,0.000487
1.000001,39.899307,-104.695816,0.286699,12.088346,-0.03403,0.000434
1.000001,39.899307,-104.695816,0.286396,12.085933,-0.038994,0.000297
1.000001,39.899307,-104.695816,0.286605,12.087871,-0.03608,0.000572
1.000001,39.899307,-104.695816,0.286545,12.087318,-0.036277,0.000651
1.006013,39.899307,-104.695816,0.286564,12.087013,-0.035309,0.000433
1.000001,39.899307,-104.695816,0.286364,12.086557,-0.033189,0.000902
1.000001,39.899307,-104.695816,0.286521,12.086874,-0.036794,0.000444
1.000001,39.899307,-104.695816,0.286371,12.086163,-0.032619,0.000327
1.000001,39.899307,-104.695816,0.286391,12.085925,-0.035013,0.000637
1.000001,39.899307,-104.695816,0.286568,12.087981,-0.038746,0.00052
1.000001,39.899307,-104.695816,0.286474,12.087146,-0.034118,0.000545
1.000001,39.899307,-104.695816,0.286533,12.088318,-0.034001,0.001067
1.000001,39.899307,-104.695816,0.286771,12.089516,-0.034611,0.000456
1.000001,39.899307,-104.695816,0.286473,12.087657,-0.036319,6.3e-05
1.000001,39.899307,-104.695816,0.286787,12.089384,-0.038437,0.000217
1.000001,39.899307,-104.695816,0.286573,12.087814,-0.037574,0.000327
1.000001,39.899307,-104.695816,0.286665,12.088626,-0.032145,0.000852
1.000001,39.899307,-104.695816,0.28658,12.088449,-0.036609,0.000551
1.000001,39.899307,-104.695816,0.286617,12.087582,-0.039444,0.000868
1.000001,39.899307,-104.695816,0.286515,12.087246,-0.037083,0.000302
1.000001,39.899307,-104.695816,0.286874,12.089553,-0.031812,0.00042
1.000001,39.899307,-104.695816,0.286442,12.086728,-0.038484,5.5e-05
1.000001,39.899307,-104.695816,0.286582,12.087566,-0.037547,0.000172
1.000001,39.899307,-104.695816,0.286567,12.088171,-0.03467,0.000512
1.000001,39.899307,-104.695816,0.286403,12.087295,-0.035103,5e-05
1.000001,39.899307,-104.695816,0.286451,12.087719,-0.034896,0.000571
1.000001,39.899307,-104.695816,0.286564,12.087976,-0.029014,0.000822
1.000001,39.899307,-104.695816,0.286445,12.086288,-0.035091,0.000579
1.000001,39.899307,-104.695816,0.286764,12.08926,-0.03254,0.001116
1.000001,39.899307,-104.695816,0.286492,12.087018,-0.037364,0.000273
1.000001,39.899307,-104.695816,0.286603,12.087808,-0.035052,0.000962
1.000001,39.899307,-104.695816,0.286578,12.087502,-0.034966,0.000593
1.000001,39.899307,-104.695816,0.286525,12.087299,-0.032326,0.000279
1.000001,39.899307,-104.695816,0.286607,12.088106,-0.034352,0.000313
1.000001,39.899307,-104.695816,0.286282,12.086405,-0.037211,0.000838
1.000001,39.899307,-104.695816,0.286454,12.086796,-0.035257,0.000342
1.000001,39.899307,-104.695816,0.286778,12.088499,-0.036381,0.000536
1.000001,39.899307,-104.695816,0.28648,12.087855,-0.03487,0.000159
1.000001,39.899307,-104.695816,0.286528,12.087596,-0.039105,0.000315
1.000001,39.899307,-104.695816,0.28638,12.086798,-0.03509,0.000146
1.002303,39.899307,-104.695816,0.286436,12.086758,-0.037144,0.000109
1.000001,39.899307,-104.695816,0.286644,12.087964,-0.040945,0.000481
1.000001,39.899307,-104.695816,0.286542,12.087687,-0.032739,0.000474
1.000001,39.899307,-104.695816,0.286659,12.088318,-0.039033,0.000481
1.000001,39.899307,-104.695816,0.286595,12.08797,-0.041136,0.000305
1.000001,39.899307,-104.695816,0.286648,12.089026,-0.036857,0.000522
1.000001,39.899307,-104.695816,0.28677,12.088614,-0.029637,0.000199
1.000001,39.899307,-104.695816,0.28665,12.089383,-0.038313,0.001067
1.000001,39.899307,-104.695816,0.286618,12.08735,-0.031929,0.000298
1.000001,39.899307,-104.695816,0.286482,12.087073,-0.037287,0.000195
1.000001,39.899307,-104.695816,0.286799,12.088832,-0.034123,0.000107
1.000001,39.899307,-104.695816,0.286594,12.087206,-0.035568,0.000816
1.000001,39.899307,-104.695816,0.28644,12.087739,-0.032941,0.000404
1.000001,39.899307,-104.695816,0.286496,12.086742,-0.038368,0.001039
1.000001,39.899307,-104.695816,0.286535,12.087255,-0.033912,0.000224
1.000341,39.899307,-104.695816,0.286266,12.08718,-0.035138,0.000315
1.000001,39.899307,-104.695816,0.286595,12.087936,-0.034407,0.000359
1.000001,39.899307,-104.695816,0.286709,12.088279,-0.038824,0.000473
1.000001,39.899307,-104.695816,0.28659,12.086885,-0.035147,0.00042
1.000001,39.899307,-104.695816,0.286794,12.08857,-0.03561,9.5e-05
1.000001,39.899307,-104.695816,0.2866,12.087608,-0.03582,0.000131
1.000001,39.899307,-104.695816,0.286728,12.088949,-0.033296,0.000302
1.000001,39.899307,-104.695816,0.28652,12.086151,-0.032522,0.000383
1.000001,39.899307,-104.695816,0.286566,12.088231,-0.032677,0.000604
1.000066,39.899307,-104.695816,0.286764,12.089353,-0.038022,0.000497
1.000001,39.899307,-104.695816,0.286671,12.087681,-0.037094,0.000387
1.000001,39.899307,-104.695816,0.286832,12.088078,-0.033403,0.000581
