Cycle Time,Latitude,Longitude,AltAGL,Pitch,Roll,GndSpd
1.000001,39.9179,-104.697472,841.158195,7.783908,-1.262865,63.989066
1.000001,39.917603,-104.697472,821.266601,-8.501027,-26.245443,65.955545
1.000001,39.917301,-104.697449,789.879201,-8.857008,-5.205893,69.545454
1.000001,39.916988,-104.697403,753.749261,-11.144567,-15.843685,73.038788
1.000001,39.916679,-104.697304,711.427796,-10.053221,-25.474922,74.275148
1.000001,39.916367,-104.697151,669.602894,-1.030788,34.803314,77.995134
1.000001,39.916039,-104.696999,628.774067,-7.36609,-33.63921,79.556989
1.000001,39.915718,-104.696793,592.096803,2.913764,-4.552065,79.51757
1.000001,39.915394,-104.696579,566.583286,6.311325,18.779734,80.943461
1.000001,39.915058,-104.696373,550.266694,2.09718,-23.527508,77.898337
1.000001,39.914745,-104.696159,543.054513,12.428341,8.962825,75.277188
1.000001,39.914436,-104.695976,549.904097,16.466019,9.790052,71.176293
1.000001,39.914135,-104.695824,559.75658,12.13212,19.604197,67.656219
1.000001,39.913837,-104.695702,562.573899,5.262585,28.646338,66.967158
1.000001,39.913532,-104.695633,556.856909,0.162183,30.458733,68.281206
1.000001,39.913212,-104.69561,541.677567,-2.357948,26.499058,70.55227
1.000001,39.912884,-104.695648,520.245276,-3.945144,20.181011,73.13586
1.000001,39.912548,-104.695724,495.95887,-3.481925,11.755842,75.549325
1.000001,39.912212,-104.695839,472.312352,-0.822676,1.406195,77.168255
1.000001,39.911865,-104.695976,450.519166,2.201675,-6.375046,77.746541
1.000001,39.911522,-104.696106,430.998478,3.81887,-12.486803,77.372972
1.000001,39.911175,-104.696205,414.905086,3.995648,-15.316134,76.244303
1.000001,39.910828,-104.696281,400.384005,3.364621,-14.778401,74.738803
1.002942,39.910484,-104.696327,386.082143,2.858288,-11.538319,73.254377
1.000001,39.910149,-104.696342,371.42089,2.37655,-6.832631,72.106525
1.000001,39.909813,-104.696342,355.994394,1.946571,-1.935212,71.476859
1.000001,39.909485,-104.696335,339.791341,1.60053,2.130251,71.374426
1.000001,39.909153,-104.696335,322.721572,1.112165,4.885753,71.674933
1.000001,39.908821,-104.696335,305.618711,1.389613,6.470709,71.93324
1.000001,39.908489,-104.696358,288.676724,1.676158,7.251839,72.112553
1.000001,39.908154,-104.696388,271.398022,0.91678,3.759998,72.264675
1.000001,39.907818,-104.696426,253.60694,0.730555,1.961061,72.410435
1.000001,39.907486,-104.69648,234.746966,0.713743,0.170529,72.550478
1.000001,39.90715,-104.696526,214.65127,1.056125,-3.826924,72.479908
1.000001,39.906818,-104.696579,194.225155,0.856353,-4.116015,72.329321
1.000001,39.906487,-104.696617,173.427545,0.803719,-6.22684,72.114051
1.000001,39.906151,-104.696648,152.397962,0.950837,-6.212483,71.7923
1.000001,39.905823,-104.696663,131.199183,0.357768,-5.677272,71.419829
1.000001,39.905491,-104.696671,109.323971,0.492298,-5.864458,71.077819
1.002413,39.905163,-104.696663,88.265283,0.327954,-3.647446,70.779263
1.000001,39.904835,-104.696648,74.714734,0.724686,-2.419153,70.524611
1.000001,39.90451,-104.696632,61.15065,1.205343,-0.663632,70.231861
1.000001,39.90419,-104.696609,47.623731,0.649943,0.862551,70.08378
1.000001,39.903866,-104.696587,33.780807,0.88665,2.627882,70.078345
1.000001,39.903538,-104.696571,19.731039,1.387821,6.831029,70.335933
1.000001,39.903214,-104.696564,6.106009,1.379352,9.456851,70.58374
1.000001,39.902897,-104.696564,0.623124,-0.077409,6.482065,66.579835
1.000001,39.902596,-104.696579,0.276386,2.31396,1.365701,62.428182
1.000001,39.902317,-104.696617,0.368163,4.277905,1.443093,57.655766
1.000001,39.902065,-104.696671,0.288382,3.083551,0.486448,52.896908
1.000001,39.90184,-104.696754,0.250524,2.638653,0.523232,48.031892
1.000001,39.901646,-104.696854,0.147958,3.420245,-1.228032,42.718669
1.000001,39.901489,-104.696976,0.152538,5.032733,-1.418647,35.201868
1.000001,39.901382,-104.697098,0.103237,6.734072,-1.145039,26.001083
1.000001,39.901325,-104.697205,0.234409,10.057452,-1.545825,16.042319
1.000001,39.901299,-104.697258,0.232966,11.912063,-1.352144,5.769286
1.000001,39.901291,-104.697266,0.160094,12.490306,-0.292756,0.125214
1.000001,39.901291,-104.697266,0.150521,12.372772,-0.686032,0.019821
1.001162,39.901291,-104.697266,0.150023,12.367338,-0.634877,0.000797
1.000001,39.901291,-104.697266,0.150256,12.366776,-0.609349,0.000441
1.000001,39.901291,-104.697266,0.150547,12.368261,-0.594793,0.00074
1.000001,39.901291,-104.697266,0.150298,12.366416,-0.578209,0.001399
1.000001,39.901291,-104.697266,0.150391,12.362191,-0.554927,0.000908
1.000001,39.901291,-104.697266,0.150341,12.361726,-0.556451,0.001011
1.000001,39.901291,-104.697266,0.150347,12.364233,-0.554103,0.000977
1.000001,39.901291,-104.697266,0.150547,12.364374,-0.550727,0.000349
1.000001,39.901291,-104.697266,0.15045,12.362449,-0.552474,0.000699
1.000001,39.901291,-104.697266,0.150576,12.364252,-0.550598,0.000484
1.000001,39.901291,-104.697266,0.150333,12.362687,-0.545672,0.000655
1.000001,39.901291,-104.697266,0.150451,12.363398,-0.547876,0.000316
1.000001,39.901291,-104.697266,0.150447,12.363788,-0.550133,0.000352
1.000001,39.901291,-104.697266,0.150277,12.362213,-0.55015,0.00065
1.000001,39.901291,-104.697266,0.150548,12.363955,-0.548369,0.000201
1.000001,39.901291,-104.697266,0.150567,12.363047,-0.54831,0.000258
1.005766,39.901291,-104.697266,0.149956,12.360883,-0.550855,0.000318
1.000001,39.901291,-104.697266,0.150623,12.364468,-0.550538,0.000451
1.000001,39.901291,-104.697266,0.150716,12.364295,-0.553674,0.00077
1.000001,39.901291,-104.697266,0.150449,12.363594,-0.553928,0.000568
1.000001,39.901291,-104.697266,0.150577,12.364957,-0.547231,0.000545
1.000001,39.901291,-104.697266,0.150416,12.362509,-0.542974,0.000677
1.000001,39.901291,-104.697266,0.150172,12.361794,-0.549548,0.001093
1.000001,39.901291,-104.697266,0.150743,12.365248,-0.552529,0.000612
1.000001,39.901291,-104.697266,0.150719,12.365061,-0.548283,0.00047
1.000001,39.901291,-104.697266,0.15013,12.361363,-0.550417,0.000874
1.000001,39.901291,-104.697266,0.150023,12.362217,-0.551717,0.000342
1.000001,39.901291,-104.697266,0.150256,12.363581,-0.549291,0.000848
1.004175,39.901291,-104.697266,0.15062,12.364029,-0.549349,0.000859
1.000001,39.901291,-104.697266,0.150569,12.365165,-0.553708,0.000646
1.000001,39.901291,-104.697266,0.150879,12.365235,-0.545309,0.000207
1.000001,39.901291,-104.697266,0.150634,12.365711,-0.558373,0.001559
1.000001,39.901291,-104.697266,0.150456,12.365127,-0.551598,0.001548
1.000001,39.901291,-104.697266,0.15014,12.363137,-0.545133,0.000557
1.000001,39.901291,-104.697266,0.150785,12.365869,-0.549447,0.0016
1.000001,39.901291,-104.697266,0.150743,12.364313,-0.553016,0.000884
1.000001,39.901291,-104.697266,0.150402,12.364285,-0.543753,0.001528
1.000001,39.901291,-104.697266,0.150337,12.362016,-0.557235,0.000579
1.000001,39.901291,-104.697266,0.150947,12.366498,-0.548162,0.000881
1.000001,39.901291,-104.697266,0.150391,12.363961,-0.549315,0.001211
1.000001,39.901291,-104.697266,0.150536,12.363983,-0.549345,0.001103
1.000001,39.901291,-104.697266,0.1505,12.363896,-0.544683,0.000777
1.000001,39.901291,-104.697266,0.150328,12.363061,-0.554616,0.001143
1.000001,39.901291,-104.697266,0.150724,12.364037,-0.548487,0.000529
1.001108,39.901291,-104.697266,0.150162,12.362826,-0.552667,0.000823
1.000001,39.901291,-104.697266,0.150224,12.360931,-0.550556,0.000499
1.000001,39.901291,-104.697266,0.150354,12.363338,-0.553964,0.000614
1.000001,39.901291,-104.697266,0.150327,12.363467,-0.55391,0.000968
1.000001,39.901291,-104.697266,0.150234,12.361648,-0.548792,0.000522
1.000001,39.901291,-104.697266,0.150354,12.362549,-0.546988,0.00033
1.000001,39.901291,-104.697266,0.150498,12.363669,-0.556461,0.001007
1.000001,39.901291,-104.697266,0.150253,12.362021,-0.543428,0.001194
1.000001,39.901291,-104.697266,0.150445,12.362723,-0.550472,0.000405
1.000001,39.901291,-104.697266,0.150118,12.362192,-0.551665,0.001288
1.000001,39.901291,-104.697266,0.15043,12.363003,-0.550338,0.000425
1.000001,39.901291,-104.697266,0.150411,12.362535,-0.549862,0.001702
1.000001,39.901291,-104.697266,0.150702,12.364179,-0.545813,0.000673
1.000001,39.901291,-104.697266,0.150722,12.364497,-0.55631,0.000318
1.000001,39.901291,-104.697266,0.15047,12.363651,-0.554843,0.000378
1.000001,39.901291,-104.697266,0.150589,12.364866,-0.550674,0.000228
1.000001,39.901291,-104.697266,0.15045,12.363855,-0.555489,0.000187
1.000001,39.901291,-104.697266,0.150592,12.364708,-0.54961,0.000785
1.000001,39.901291,-104.697266,0.150228,12.361532,-0.559273,0.001137
1.000001,39.901291,-104.697266,0.150397,12.362381,-0.552223,0.000249
1.000001,39.901291,-104.697266,0.15067,12.365212,-0.556234,0.000345
1.000001,39.901291,-104.697266,0.150307,12.362489,-0.550337,0.000534
1.000001,39.901291,-104.697266,0.150407,12.362361,-0.555081,0.00042
1.000001,39.901291,-104.697266,0.15042,12.36246,-0.552867,0.000332
1.000001,39.901291,-104.697266,0.150432,12.364322,-0.547733,0.000276
1.000001,39.901291,-104.697266,0.150042,12.360456,-0.545513,0.000731
1.000001,39.901291,-104.697266,0.150403,12.362479,-0.544597,0.000982
1.000001,39.901291,-104.697266,0.150681,12.364575,-0.548277,0.000532
1.000001,39.901291,-104.697266,0.150408,12.363455,-0.552859,0.000532
1.000001,39.901291,-104.697266,0.150491,12.363386,-0.546683,0.000128
1.000001,39.901291,-104.697266,0.150626,12.364079,-0.55111,0.001854
1.000001,39.901291,-104.697266,0.150435,12.363932,-0.555811,0.000713
1.000001,39.901291,-104.697266,0.150575,12.364444,-0.54906,0.000484
1.010586,39.901291,-104.697266,0.150561,12.363086,-0.544568,0.000577
1.000001,39.901291,-104.697266,0.150574,12.364083,-0.554344,0.000667
1.000001,39.901291,-104.697266,0.150465,12.362808,-0.553952,0.000725
1.006934,39.901291,-104.697266,0.150444,12.362695,-0.549379,0.00028
1.000001,39.901291,-104.697266,0.150767,12.363219,-0.554724,0.001113
1.000001,39.901291,-104.697266,0.150487,12.362513,-0.55139,0.001198
1.000001,39.901291,-104.697266,0.150266,12.362531,-0.548541,0.000647
1.000001,39.901291,-104.697266,0.150809,12.365639,-0.550833,0.000701
1.000001,39.901291,-104.697266,0.150251,12.362621,-0.553114,0.000371
1.000001,39.901291,-104.697266,0.150839,12.365066,-0.553069,0.00041
1.000001,39.901291,-104.697266,0.150455,12.362902,-0.547082,0.000737
1.000001,39.901291,-104.697266,0.150492,12.36418,-0.547971,0.000216
1.000001,39.901291,-104.697266,0.150319,12.361907,-0.549501,0.000842
1.004678,39.901291,-104.697266,0.150463,12.362556,-0.554125,0.000415
1.000001,39.901291,-104.697266,0.15045,12.363777,-0.55427,0.001049
1.000001,39.901291,-104.697266,0.150577,12.364097,-0.551222,0.000826
1.000001,39.901291,-104.697266,0.150422,12.363019,-0.54533,0.000471
1.000001,39.901291,-104.697266,0.150387,12.363026,-0.552998,0.000742
1.000001,39.901291,-104.697266,0.150515,12.363985,-0.551363,0.001231
1.000001,39.901291,-104.697266,0.150386,12.363211,-0.548062,0.00033
1.000001,39.901291,-104.697266,0.150171,12.36181,-0.550109,0.000671
1.000001,39.901291,-104.697266,0.150329,12.363398,-0.55269,0.001173
1.000001,39.901291,-104.697266,0.150247,12.363704,-0.553389,0.000622
1.000001,39.901291,-104.697266,0.150244,12.362292,-0.549124,0.000997
1.000001,39.901291,-104.697266,0.15053,12.362953,-0.552491,0.000945
1.000001,39.901291,-104.697266,0.150241,12.361106,-0.547958,0.00138
1.000001,39.901291,-104.697266,0.150643,12.363961,-0.548448,0.000711
1.000001,39.901291,-104.697266,0.150597,12.364962,-0.547163,0.000448
1.000001,39.901291,-104.697266,0.150505,12.363885,-0.555116,0.000401
1.000001,39.901291,-104.697266,0.150279,12.360746,-0.550692,0.000816
1.000001,39.901291,-104.697266,0.150226,12.361681,-0.553241,0.001415
1.000001,39.901291,-104.697266,0.150532,12.362729,-0.551161,0.000147
1.000001,39.901291,-104.697266,0.150426,12.363133,-0.550983,0.000391
1.000001,39.901291,-104.697266,0.150433,12.363905,-0.54933,0.001061
1.000001,39.901291,-104.697266,0.150116,12.361069,-0.549377,0.000842
1.000001,39.901291,-104.697266,0.150368,12.361465,-0.552547,0.000447
1.000001,39.901291,-104.697266,0.150642,12.366355,-0.556892,0.001437
1.000001,39.901291,-104.697266,0.151057,12.366211,-0.550192,0.001319
1.000001,39.901291,-104.697266,0.150492,12.361728,-0.547749,0.001438
1.000001,39.901291,-104.697266,0.150408,12.364039,-0.551802,0.000288
1.000001,39.901291,-104.697266,0.150151,12.361709,-0.548153,0.001266
1.000001,39.901291,-104.697266,0.150528,12.363642,-0.55203,0.000657
1.000001,39.901291,-104.697266,0.150693,12.365086,-0.558113,0.001285
1.000001,39.901291,-104.697266,0.150854,12.365587,-0.547192,0.00117
1.000001,39.901291,-104.697266,0.150525,12.362965,-0.551839,0.000784
1.000001,39.901291,-104.697266,0.150626,12.3648,-0.546113,0.000725
1.000001,39.901291,-104.697266,0.150728,12.366461,-0.553699,0.001386
1.000001,39.901291,-104.697266,0.150283,12.36293,-0.554377,0.000448
1.000001,39.901291,-104.697266,0.150549,12.364224,-0.547215,0.000691
1.000001,39.901291,-104.697266,0.150302,12.363086,-0.549118,0.001362
1.000001,39.901291,-104.697266,0.150696,12.364048,-0.545296,0.001309
1.000001,39.901291,-104.697266,0.150523,12.363689,-0.549109,0.000779
1.000001,39.901291,-104.697266,0.150396,12.364182,-0.556119,0.000345
1.000001,39.901291,-104.697266,0.150579,12.363198,-0.546617,0.000339
1.000001,39.901291,-104.697266,0.150886,12.364662,-0.545334,0.000974
1.000001,39.901291,-104.697266,0.150605,12.364662,-0.549956,0.000678
1.000001,39.901291,-104.697266,0.150761,12.364951,-0.546969,0.000719
1.000001,39.901291,-104.697266,0.150767,12.366896,-0.552088,0.001498
1.000001,39.901291,-104.697266,0.150486,12.365065,-0.55236,0.000429
1.000001,39.901291,-104.697266,0.150587,12.364011,-0.546583,0.001005
1.000001,39.901291,-104.697266,0.150507,12.363423,-0.554083,0.000682
1.000001,39.901291,-104.697266,0.150629,12.363338,-0.549945,0.000531
1.000001,39.901291,-104.697266,0.150537,12.363015,-0.560056,0.000894
1.000001,39.901291,-104.697266,0.150667,12.364496,-0.55008,0.000729
1.000001,39.901291,-104.697266,0.150542,12.365999,-0.551639,0.00075
1.000001,39.901291,-104.697266,0.150493,12.364032,-0.546228,0.001627
1.000001,39.901291,-104.697266,0.150636,12.363607,-0.544601,0.000892
1.000001,39.901291,-104.697266,0.150723,12.364363,-0.551289,0.000631
1.000001,39.901291,-104.697266,0.150477,12.361101,-0.5497,0.000419
1.000001,39.901291,-104.697266,0.150341,12.361452,-0.552658,0.000598
1.000001,39.901291,-104.697266,0.150226,12.361242,-0.551761,0.000285
1.000001,39.901291,-104.697266,0.150557,12.364282,-0.551819,0.000904
1.000001,39.901291,-104.697266,0.150638,12.364488,-0.550979,0.001155
1.000001,39.901291,-104.697266,0.150566,12.363528,-0.546043,0.001303
1.000001,39.901291,-104.697266,0.150323,12.362138,-0.54761,0.00149
1.000001,39.901291,-104.697266,0.150437,12.362759,-0.550285,0.00053
1.000001,39.901291,-104.697266,0.15048,12.363729,-0.550587,0.001322
1.000001,39.901291,-104.697266,0.15046,12.363238,-0.549992,0.00056
1.000001,39.901291,-104.697266,0.150569,12.364192,-0.551679,0.00018
1.000001,39.901291,-104.697266,0.15073,12.364355,-0.546119,0.001065
1.000001,39.901291,-104.697266,0.150499,12.363466,-0.548863,0.000377
1.000001,39.901291,-104.697266,0.150488,12.363072,-0.542998,0.000136
1.000001,39.901291,-104.697266,0.150667,12.365069,-0.550631,0.00041
1.000001,39.901291,-104.697266,0.150551,12.36346,-0.55382,0.00109
1.000001,39.901291,-104.697266,0.150335,12.361859,-0.546236,0.000586
1.000001,39.901291,-104.697266,0.150529,12.363735,-0.559418,0.00044
1.000001,39.901291,-104.697266,0.150352,12.364005,-0.553148,0.000413
1.000001,39.901291,-104.697266,0.150598,12.364743,-0.55476,0.000455
1.000001,39.901291,-104.697266,0.150531,12.361607,-0.553781,0.00054
1.000011,39.901291,-104.697266,0.15061,12.363979,-0.552754,0.000364
1.000001,39.901291,-104.697266,0.150443,12.362739,-0.545259,0.000438
1.000001,39.901291,-104.697266,0.150577,12.363387,-0.550389,0.000742
1.000001,39.901291,-104.697266,0.150512,12.363522,-0.548613,0.000257
1.000001,39.901291,-104.697266,0.150521,12.363649,-0.54833,0.000799
1.000001,39.901291,-104.697266,0.15055,12.364224,-0.547408,0.001146
1.000001,39.901291,-104.697266,0.150775,12.36415,-0.547487,0.00024
1.000001,39.901291,-104.697266,0.149974,12.360953,-0.553655,0.00028
1.000001,39.901291,-104.697266,0.150616,12.365165,-0.551624,0.000792
1.000001,39.901291,-104.697266,0.150768,12.36502,-0.556723,0.001002
1.000001,39.901291,-104.697266,0.150609,12.362892,-0.551779,0.000669
1.000001,39.901291,-104.697266,0.150701,12.36494,-0.549924,0.000151
1.000001,39.901291,-104.697266,0.150663,12.36409,-0.547855,0.000343
1.000001,39.901291,-104.697266,0.15044,12.364053,-0.553165,0.000225
1.000001,39.901291,-104.697266,0.150828,12.363832,-0.551502,0.000881
1.000001,39.901291,-104.697266,0.15074,12.365847,-0.550847,0.000504
1.000001,39.901291,-104.697266,0.150494,12.363392,-0.55117,0.001501
1.000001,39.901291,-104.697266,0.150154,12.361482,-0.549766,0.000751
1.000001,39.901291,-104.697266,0.1503,12.363081,-0.54906,0.000583
1.000001,39.901291,-104.697266,0.15065,12.364338,-0.549209,0.000858
1.000001,39.901291,-104.697266,0.150668,12.365445,-0.554602,0.001308
1.000001,39.901291,-104.697266,0.150872,12.365514,-0.54522,0.000434
1.000001,39.901291,-104.697266,0.150695,12.36492,-0.553915,0.000951
1.000001,39.901291,-104.697266,0.150519,12.364485,-0.551636,0.001457
1.000001,39.901291,-104.697266,0.150404,12.364407,-0.545721,0.000716
1.000001,39.901291,-104.697266,0.150871,12.365822,-0.553824,0.000716
1.000001,39.901291,-104.697266,0.150761,12.364473,-0.551395,0.000492
1.000001,39.901291,-104.697266,0.150453,12.364172,-0.548725,0.001259
1.000001,39.901291,-104.697266,0.150533,12.363755,-0.558696,0.000516
1.000001,39.901291,-104.697266,0.150905,12.366708,-0.54854,0.001286
1.000001,39.901291,-104.697266,0.150571,12.363519,-0.551279,0.002109
1.000001,39.901291,-104.697266,0.150766,12.364392,-0.551708,0.00151
1.000001,39.901291,-104.697266,0.150692,12.364182,-0.546906,0.000401
1.000001,39.901291,-104.697266,0.150565,12.364697,-0.557541,0.000185
1.000001,39.901291,-104.697266,0.150916,12.365243,-0.550316,0.001006
1.000001,39.901291,-104.697266,0.150283,12.362158,-0.55198,0.000702
1.000001,39.901291,-104.697266,0.150549,12.362465,-0.553828,0.000366
1.000001,39.901291,-104.697266,0.150679,12.364457,-0.550626,0.000549
1.000001,39.901291,-104.697266,0.150535,12.364693,-0.553453,0.000807
1.000001,39.901291,-104.697266,0.150412,12.363717,-0.552509,0.000265
1.000001,39.901291,-104.697266,0.150393,12.360242,-0.549848,0.000718
1.000001,39.901291,-104.697266,0.150551,12.362849,-0.554332,0.001583
1.000001,39.901291,-104.697266,0.150569,12.363526,-0.546533,0.001296
1.000001,39.901291,-104.697266,0.150647,12.363472,-0.547092,0.000322
1.000001,39.901291,-104.697266,0.150164,12.362239,-0.550193,0.000429
1.000001,39.901291,-104.697266,0.150529,12.364035,-0.551595,0.001133
1.000001,39.901291,-104.697266,0.150544,12.363869,-0.546717,0.000927
1.000001,39.901291,-104.697266,0.150718,12.364394,-0.547848,0.000876
1.000001,39.901291,-104.697266,0.150834,12.366445,-0.558138,0.001206
1.000001,39.901291,-104.697266,0.150602,12.364117,-0.554222,0.000991
1.000001,39.901291,-104.697266,0.150648,12.364597,-0.549886,0.000585
1.000001,39.901291,-104.697266,0.150582,12.363694,-0.556232,0.000749
1.000001,39.901291,-104.697266,0.150812,12.364935,-0.551563,0.00125
1.000001,39.901291,-104.697266,0.150509,12.362031,-0.55703,0.001641
1.000001,39.901291,-104.697266,0.150441,12.361318,-0.552865,0.000922
1.000001,39.901291,-104.697266,0.150682,12.364852,-0.554834,0.001332
1.000001,39.901291,-104.697266,0.150442,12.361633,-0.550941,0.000721
1.000001,39.901291,-104.697266,0.150473,12.362996,-0.552361,0.000722
1.000001,39.901291,-104.697266,0.150503,12.362988,-0.549703,0.000564
1.000001,39.901291,-104.697266,0.15063,12.364811,-0.552524,0.000228
1.000001,39.901291,-104.697266,0.150257,12.361086,-0.548274,0.000642
1.000001,39.901291,-104.697266,0.150551,12.363516,-0.542113,0.000966
1.000001,39.901291,-104.697266,0.150613,12.363401,-0.550392,0.000736
1.000001,39.901291,-104.697266,0.15063,12.36398,-0.553899,0.000662
1.000001,39.901291,-104.697266,0.150542,12.364744,-0.546453,0.000784
1.000001,39.901291,-104.697266,0.150985,12.365402,-0.551751,0.00135
1.000001,39.901291,-104.697266,0.150329,12.362326,-0.554601,0.000473
1.000001,39.901291,-104.697266,0.150821,12.365387,-0.546677,0.000286
1.000001,39.901291,-104.697266,0.150598,12.36413,-0.545251,0.000438
1.000001,39.901291,-104.697266,0.150744,12.364172,-0.553328,0.001359
1.000001,39.901291,-104.697266,0.150685,12.364623,-0.552689,0.000579
1.000001,39.901291,-104.697266,0.150414,12.362593,-0.548114,0.000326
1.000001,39.901291,-104.697266,0.150659,12.364853,-0.554785,0.000802
1.000001,39.901291,-104.697266,0.150626,12.363405,-0.549386,0.001241
1.000001,39.901291,-104.697266,0.150238,12.361795,-0.550654,0.00047
1.000001,39.901291,-104.697266,0.150915,12.366316,-0.550766,0.00042
1.000001,39.901291,-104.697266,0.150366,12.363249,-0.5563,0.000378
1.000001,39.901291,-104.697266,0.150819,12.364601,-0.549499,0.0006
1.000001,39.901291,-104.697266,0.15056,12.36386,-0.551512,0.000817
1.000001,39.901291,-104.697266,0.150719,12.366194,-0.548241,0.000267
1.000001,39.901291,-104.697266,0.150432,12.362593,-0.549154,0.000331
1.000001,39.901291,-104.697266,0.150519,12.363654,-0.556509,0.000803
1.000001,39.901291,-104.697266,0.1505,12.363217,-0.553903,0.000631
1.000001,39.901291,-104.697266,0.150701,12.365031,-0.5556,0.000967
1.000001,39.901291,-104.697266,0.150649,12.362733,-0.548811,0.000907
1.000001,39.901291,-104.697266,0.150552,12.364739,-0.551816,0.001177
1.000001,39.901291,-104.697266,0.150512,12.363336,-0.554926,0.000928
1.000001,39.901291,-104.697266,0.150404,12.362908,-0.551002,0.00048
1.000001,39.901291,-104.697266,0.15011,12.361672,-0.549992,0.000478
1.000001,39.901291,-104.697266,0.150545,12.363882,-0.553074,0.000219
1.000001,39.901291,-104.697266,0.15039,12.362307,-0.551719,0.000801
1.000001,39.901291,-104.697266,0.150635,12.36367,-0.554863,0.001323
1.000001,39.901291,-104.697266,0.150575,12.361638,-0.548613,0.000425
1.000001,39.901291,-104.697266,0.150593,12.363619,-0.550749,0.001038
1.000014,39.901291,-104.697266,0.15076,12.365055,-0.551907,0.000872
1.000001,39.901291,-104.697266,0.150673,12.364841,-0.548855,0.000146
1.000001,39.901291,-104.697266,0.150479,12.36313,-0.553851,0.000976
1.000001,39.901291,-104.697266,0.150423,12.362695,-0.548328,0.001774
1.000001,39.901291,-104.697266,0.15056,12.36305,-0.553707,0.000996
1.000007,39.901291,-104.697266,0.15064,12.362446,-0.547924,0.000547
1.000001,39.901291,-104.697266,0.150544,12.363674,-0.549988,0.000472
1.000001,39.901291,-104.697266,0.150609,12.364416,-0.555207,0.000682
1.006795,39.901291,-104.697266,0.150278,12.362231,-0.550218,0.00087
1.000001,39.901291,-104.697266,0.15047,12.362533,-0.55041,0.00054
1.000001,39.901291,-104.697266,0.150487,12.364355,-0.557925,0.000772
1.000001,39.901291,-104.697266,0.150935,12.365851,-0.547188,0.000978
1.000001,39.901291,-104.697266,0.150792,12.364662,-0.545285,0.001262
1.000001,39.901291,-104.697266,0.150534,12.36378,-0.549072,0.000545
1.000001,39.901291,-104.697266,0.150454,12.361896,-0.551191,0.001433
1.003351,39.901291,-104.697266,0.150545,12.363113,-0.549654,0.000539
1.000001,39.901291,-104.697266,0.150722,12.364743,-0.558257,0.000775
1.000001,39.901291,-104.697266,0.15102,12.365911,-0.544821,0.000332
1.000001,39.901291,-104.697266,0.150882,12.365627,-0.550492,0.000469
1.000001,39.901291,-104.697266,0.150723,12.364019,-0.544532,0.000924
1.006024,39.901291,-104.697266,0.150602,12.364473,-0.551306,0.000861
1.000001,39.901291,-104.697266,0.150504,12.364018,-0.555265,0.000522
1.000001,39.901291,-104.697266,0.150534,12.363306,-0.546731,0.001385
1.000001,39.901291,-104.697266,0.150413,12.362019,-0.551027,0.00175
1.000001,39.901291,-104.697266,0.150745,12.364378,-0.54841,0.001054
1.000001,39.901291,-104.697266,0.150686,12.363366,-0.548781,0.001467
1.000001,39.901291,-104.697266,0.150452,12.362567,-0.55289,0.000631
1.000001,39.901291,-104.697266,0.150539,12.364216,-0.547953,0.000846
1.000001,39.901291,-104.697266,0.15091,12.364805,-0.550565,0.000967
1.000001,39.901291,-104.697266,0.150623,12.363444,-0.55263,0.000696
1.000001,39.901291,-104.697266,0.150801,12.365001,-0.549589,0.000742
1.000001,39.901291,-104.697266,0.150842,12.365783,-0.552567,0.001388
1.000001,39.901291,-104.697266,0.150513,12.362921,-0.548651,0.000291
1.000001,39.901291,-104.697266,0.150521,12.363483,-0.543431,0.001059
1.000001,39.901291,-104.697266,0.150703,12.364624,-0.552316,0.001146
1.000001,39.901291,-104.697266,0.150647,12.362967,-0.55043,0.000552
1.000001,39.901291,-104.697266,0.150583,12.361401,-0.558815,0.001511
1.000001,39.901291,-104.697266,0.150715,12.36482,-0.554504,0.000465
1.000001,39.901291,-104.697266,0.150575,12.364585,-0.548955,0.000213
1.000001,39.901291,-104.697266,0.150657,12.363785,-0.55357,0.001599
1.000001,39.901291,-104.697266,0.150821,12.365974,-0.543112,0.00102
1.000001,39.901291,-104.697266,0.150906,12.364194,-0.550461,0.000383
1.000001,39.901291,-104.697266,0.150637,12.363375,-0.548969,0.000375
1.000001,39.901291,-104.697266,0.150545,12.36238,-0.554781,0.000115
1.002084,39.901291,-104.697266,0.150377,12.361923,-0.554642,0.000269
1.000001,39.901291,-104.697266,0.150591,12.364277,-0.550137,0.00032
1.000001,39.901291,-104.697266,0.15081,12.364363,-0.548124,0.000757
1.000001,39.901291,-104.697266,0.150604,12.363953,-0.548003,0.000778
1.000001,39.901291,-104.697266,0.150583,12.364347,-0.547117,0.00139
1.000001,39.901291,-104.697266,0.150655,12.36397,-0.552974,0.000592
1.000001,39.901291,-104.697266,0.150541,12.36397,-0.556083,0.001272
1.000001,39.901291,-104.697266,0.150585,12.363461,-0.551791,0.000637
1.000001,39.901291,-104.697266,0.150811,12.365039,-0.550986,0.000717
1.000001,39.901291,-104.697266,0.150692,12.363995,-0.548519,0.001611
1.000001,39.901291,-104.697266,0.150558,12.364108,-0.548111,0.000562
1.000001,39.901291,-104.697266,0.150523,12.363701,-0.547117,0.000843
1.000001,39.901291,-104.697266,0.150687,12.363825,-0.548552,0.000765
1.000001,39.901291,-104.697266,0.150523,12.363151,-0.551647,0.001105
1.000001,39.901291,-104.697266,0.150556,12.362421,-0.543083,0.000394
1.000001,39.901291,-104.697266,0.150544,12.364156,-0.56087,0.000432
1.000003,39.901291,-104.697266,0.150441,12.363838,-0.553099,0.000579
1.000001,39.901291,-104.697266,0.15076,12.365176,-0.553796,0.000528
1.000001,39.901291,-104.697266,0.150583,12.363415,-0.549716,0.000573
1.000001,39.901291,-104.697266,0.150669,12.36424,-0.551491,0.000406
1.000001,39.901291,-104.697266,0.150443,12.362691,-0.549807,0.000393
1.000001,39.901291,-104.697266,0.150589,12.363387,-0.548909,0.000531
1.000001,39.901291,-104.697266,0.150567,12.363142,-0.544209,0.000387
1.000062,39.901291,-104.697266,0.150593,12.364149,-0.550364,0.001146
1.000001,39.901291,-104.697266,0.150698,12.363487,-0.547419,0.001685
1.000001,39.901291,-104.697266,0.150942,12.365556,-0.547647,0.000234
1.000001,39.901291,-104.697266,0.150122,12.360147,-0.555306,0.000643
1.000001,39.901291,-104.697266,0.150749,12.365054,-0.550116,0.001041
1.000001,39.901291,-104.697266,0.150879,12.365726,-0.55459,0.001038
1.000001,39.901291,-104.697266,0.150792,12.364611,-0.55315,0.000746
1.000001,39.901291,-104.697266,0.150866,12.364066,-0.54998,0.00082
1.000001,39.901291,-104.697266,0.150656,12.364854,-0.549869,0.000491
1.000001,39.901291,-104.697266,0.15049,12.362375,-0.554679,0.000461
1.000001,39.901291,-104.697266,0.150921,12.365002,-0.550091,0.00039
1.000001,39.901291,-104.697266,0.150786,12.364393,-0.548262,0.000495
1.000001,39.901291,-104.697266,0.15071,12.36374,-0.548691,0.001208
1.000001,39.901291,-104.697266,0.150297,12.361243,-0.548629,0.000822
1.000001,39.901291,-104.697266,0.150392,12.363331,-0.5478,0.000652
1.000001,39.901291,-104.697266,0.150766,12.364418,-0.549143,0.000296
1.000001,39.901291,-104.697266,0.150913,12.365245,-0.555499,0.000477
1.000001,39.901291,-104.697266,0.151075,12.365073,-0.548147,0.000491
1.000001,39.901291,-104.697266,0.150849,12.366082,-0.551841,0.001226
1.000001,39.901291,-104.697266,0.150849,12.364581,-0.551364,0.000449
1.000001,39.901291,-104.697266,0.150478,12.362702,-0.547765,0.000421
1.000001,39.901291,-104.697266,0.150776,12.3657,-0.553573,0.000739
1.000001,39.901291,-104.697266,0.150902,12.365158,-0.547744,0.000415
1.000001,39.901291,-104.697266,0.150443,12.363065,-0.548264,0.001094
1.000001,39.901291,-104.697266,0.150631,12.364558,-0.560552,0.000326
1.000001,39.901291,-104.697266,0.150947,12.366538,-0.547989,0.001734
1.000001,39.901291,-104.697266,0.150622,12.363874,-0.547437,0.0021
1.000016,39.901291,-104.697266,0.15087,12.365184,-0.554882,0.001714
1.000001,39.901291,-104.697266,0.150742,12.363694,-0.55071,0.000831
1.000001,39.901291,-104.697266,0.150708,12.364616,-0.557429,0.000505
1.000001,39.901291,-104.697266,0.150956,12.366347,-0.551382,0.001073
1.000001,39.901291,-104.697266,0.150567,12.365526,-0.549612,0.000404
1.000001,39.901291,-104.697266,0.150645,12.362698,-0.552944,0.000309
1.000001,39.901291,-104.697266,0.150775,12.366361,-0.551908,0.000475
1.000001,39.901291,-104.697266,0.15065,12.364092,-0.554686,0.000892
1.000001,39.901291,-104.697266,0.150493,12.363782,-0.553885,0.000348
1.000001,39.901291,-104.697266,0.150568,12.363231,-0.550877,0.001232
1.000001,39.901291,-104.697266,0.150633,12.362839,-0.553572,0.000804
1.000001,39.901291,-104.697266,0.150724,12.364569,-0.547711,0.000569
1.000001,39.901291,-104.697266,0.150745,12.364659,-0.545809,0.000207
1.000001,39.901291,-104.697266,0.150244,12.361632,-0.551348,0.000465
1.000001,39.901291,-104.697266,0.150646,12.362641,-0.550947,0.001169
1.000001,39.901291,-104.697266,0.150719,12.365072,-0.546753,0.00043
1.000001,39.901291,-104.697266,0.150656,12.363652,-0.543287,0.001078
1.000001,39.901291,-104.697266,0.150692,12.36552,-0.554357,0.001309
1.000001,39.901291,-104.697266,0.150834,12.364444,-0.553794,0.00069
1.000001,39.901291,-104.697266,0.150696,12.363978,-0.551244,0.001006
1.000001,39.901291,-104.697266,0.150684,12.362502,-0.554685,0.000786
1.000001,39.901291,-104.697266,0.150888,12.365663,-0.551514,0.001339
1.000001,39.901291,-104.697266,0.150658,12.363278,-0.556247,0.001725
1.000001,39.901291,-104.697266,0.150556,12.363201,-0.549908,0.000136
1.000001,39.901291,-104.697266,0.150946,12.366069,-0.554087,0.000637
1.000001,39.901291,-104.697266,0.150637,12.36359,-0.550429,0.00071
1.000001,39.901291,-104.697266,0.150589,12.362837,-0.550681,0.001034
1.000001,39.901291,-104.697266,0.150487,12.363304,-0.549512,0.000371
1.000001,39.901291,-104.697266,0.150776,12.364423,-0.552554,0.000277
1.000001,39.901291,-104.697266,0.150471,12.36324,-0.552873,0.000304
1.000001,39.901291,-104.697266,0.15087,12.364633,-0.543221,0.000813
1.000001,39.901291,-104.697266,0.150671,12.363619,-0.550148,0.000732
1.000001,39.901291,-104.697266,0.150867,12.364312,-0.551556,0.000556
1.000001,39.901291,-104.697266,0.150621,12.363397,-0.544732,0.000273
1.000001,39.901291,-104.697266,0.151068,12.366504,-0.551035,0.000999
1.000001,39.901291,-104.697266,0.150619,12.363658,-0.553331,0.000329
1.000001,39.901291,-104.697266,0.150949,12.366134,-0.54768,0.000322
1.000001,39.901291,-104.697266,0.1507,12.364614,-0.542723,0.000844
1.000001,39.901291,-104.697266,0.150807,12.364445,-0.554483,0.000977
1.000001,39.901291,-104.697266,0.150762,12.364093,-0.551627,0.000715
1.000001,39.901291,-104.697266,0.150605,12.363846,-0.546802,0.000614
1.000001,39.901291,-104.697266,0.150797,12.366158,-0.549142,0.000344
1.000001,39.901291,-104.697266,0.150717,12.363531,-0.548056,0.000765
1.000001,39.901291,-104.697266,0.150502,12.362943,-0.550492,0.000979
1.000001,39.901291,-104.697266,0.151141,12.367137,-0.551085,0.000361
1.000001,39.901291,-104.697266,0.150431,12.362682,-0.555455,0.000386
1.000001,39.901291,-104.697266,0.15099,12.366668,-0.551184,0.000991
1.000001,39.901291,-104.697266,0.150807,12.365373,-0.552592,0.000213
1.000001,39.901291,-104.697266,0.150765,12.364328,-0.551488,0.000263
1.000001,39.901291,-104.697266,0.150456,12.361857,-0.550869,0.000565
1.000001,39.901291,-104.697266,0.150578,12.363368,-0.552943,0.000772
1.000001,39.901291,-104.697266,0.150622,12.364092,-0.552629,0.000632
1.000001,39.901291,-104.697266,0.15079,12.36364,-0.553491,0.000863
1.000001,39.901291,-104.697266,0.150743,12.363626,-0.551779,0.000568
1.000001,39.901291,-104.697266,0.150747,12.364924,-0.549312,0.000704
1.000001,39.901291,-104.697266,0.150752,12.363089,-0.551322,0.00057
1.000001,39.901291,-104.697266,0.150511,12.362122,-0.557372,0.000433
1.000001,39.901291,-104.697266,0.150331,12.361153,-0.551153,0.000746
1.000001,39.901291,-104.697266,0.150677,12.364626,-0.554731,0.000329
1.000001,39.901291,-104.697266,0.15042,12.360592,-0.548512,0.000735
1.000001,39.901291,-104.697266,0.15075,12.364449,-0.558201,0.000954
1.000001,39.901291,-104.697266,0.150741,12.363437,-0.549505,0.000441
1.000001,39.901291,-104.697266,0.150593,12.363636,-0.54788,0.000501
1.000001,39.901291,-104.697266,0.150865,12.364784,-0.547368,0.000616
1.000001,39.901291,-104.697266,0.150662,12.366512,-0.550603,0.000491
1.000001,39.901291,-104.697266,0.150722,12.364527,-0.552319,0.000488
1.000001,39.901291,-104.697266,0.150567,12.363264,-0.548028,0.001239
1.000001,39.901291,-104.697266,0.150714,12.36423,-0.55026,0.001057
1.000001,39.901291,-104.697266,0.150857,12.365188,-0.547318,0.000789
1.000001,39.901291,-104.697266,0.150557,12.364006,-0.549786,0.000933
1.000001,39.901291,-104.697266,0.150788,12.363898,-0.55447,0.001044
1.000001,39.901291,-104.697266,0.150399,12.361451,-0.551885,0.00073
1.000001,39.901291,-104.697266,0.150505,12.363747,-0.549146,0.000462
1.000001,39.901291,-104.697266,0.150488,12.363069,-0.556096,0.001192
1.000001,39.901291,-104.697266,0.150909,12.365885,-0.546209,0.000625
1.000001,39.901291,-104.697266,0.150813,12.36467,-0.548258,0.000586
1.000001,39.901291,-104.697266,0.150727,12.364289,-0.547627,0.000545
1.000001,39.901291,-104.697266,0.150663,12.363003,-0.550593,0.001552
1.000001,39.901291,-104.697266,0.150642,12.363334,-0.550204,0.000709
1.000001,39.901291,-104.697266,0.150734,12.364443,-0.557446,0.000671
1.000001,39.901291,-104.697266,0.151027,12.366216,-0.546015,0.000767
1.000001,39.901291,-104.697266,0.150874,12.365126,-0.549413,0.000464
1.000001,39.901291,-104.697266,0.150901,12.365407,-0.54581,0.000711
1.000001,39.901291,-104.697266,0.150761,12.364169,-0.550814,0.000464
1.000001,39.901291,-104.697266,0.150499,12.363524,-0.557338,0.000863
1.000001,39.901291,-104.697266,0.150608,12.364245,-0.546416,0.000684
1.000001,39.901291,-104.697266,0.150486,12.361975,-0.554869,0.001756
1.000001,39.901291,-104.697266,0.150824,12.364682,-0.54782,0.001064
1.000001,39.901291,-104.697266,0.15065,12.363455,-0.549847,0.001647
1.000001,39.901291,-104.697266,0.150464,12.362448,-0.549579,0.000913
1.000001,39.901291,-104.697266,0.150593,12.362723,-0.549277,0.001465
1.000001,39.901291,-104.697266,0.151001,12.365737,-0.549494,0.000806
1.000001,39.901291,-104.697266,0.150747,12.363545,-0.554742,0.000575
1.000001,39.901291,-104.697266,0.150836,12.364899,-0.551183,0.000483
1.000001,39.901291,-104.697266,0.15114,12.36701,-0.55515,0.00084
1.000001,39.901291,-104.697266,0.15055,12.36231,-0.548958,0.000397
1.000001,39.901291,-104.697266,0.150637,12.363674,-0.539759,0.000874
1.000001,39.901291,-104.697266,0.150704,12.363981,-0.552403,0.001494
1.000001,39.901291,-104.697266,0.150786,12.364699,-0.550221,0.00028
1.000001,39.901291,-104.697266,0.150746,12.363321,-0.554576,0.001071
1.000001,39.901291,-104.697266,0.150837,12.364142,-0.557423,0.000395
1.000001,39.901291,-104.697266,0.150764,12.365502,-0.547925,0.000989
1.000001,39.901291,-104.697266,0.150639,12.363303,-0.556598,0.001543
1.000001,39.901291,-104.697266,0.15079,12.36521,-0.544029,0.001694
1.001951,39.901291,-104.697266,0.150986,12.365441,-0.551832,0.000385
1.000001,39.901291,-104.697266,0.150743,12.364429,-0.548543,0.000276
1.000001,39.901291,-104.697266,0.150761,12.363245,-0.552707,0.000226
1.000001,39.901291,-104.697266,0.15054,12.363065,-0.5555,0.000573
1.000001,39.901291,-104.697266,0.150693,12.365595,-0.54811,0.000736
1.000001,39.901291,-104.697266,0.150852,12.364754,-0.548677,0.00069
1.000001,39.901291,-104.697266,0.150716,12.363945,-0.543824,0.001092
1.009636,39.901291,-104.697266,0.150693,12.364408,-0.546218,0.00059
1.000001,39.901291,-104.697266,0.1507,12.363957,-0.554694,0.00062
1.000001,39.901291,-104.697266,0.150717,12.365077,-0.556392,0.001386
1.008019,39.901291,-104.697266,0.150735,12.36485,-0.553475,0.000469
1.000001,39.901291,-104.697266,0.150862,12.365475,-0.552983,0.000816
1.000001,39.901291,-104.697266,0.150662,12.364002,-0.548483,0.000901
1.000001,39.901291,-104.697266,0.150734,12.364926,-0.548021,0.000603
1.000001,39.901291,-104.697266,0.150783,12.364804,-0.548922,0.000919
1.000001,39.901291,-104.697266,0.150754,12.363886,-0.545001,0.0008
1.000001,39.901291,-104.697266,0.150467,12.362178,-0.548787,0.001429
1.000001,39.901291,-104.697266,0.150623,12.363544,-0.544412,0.000862
1.000001,39.901291,-104.697266,0.150677,12.364451,-0.55693,0.00086
1.000001,39.901291,-104.697266,0.150483,12.363203,-0.548713,0.000679
1.000001,39.901291,-104.697266,0.150872,12.366055,-0.5539,0.000599
1.000001,39.901291,-104.697266,0.150704,12.362863,-0.544921,0.000559
1.000001,39.901291,-104.697266,0.150719,12.364509,-0.551584,0.000293
1.000001,39.901291,-104.697266,0.15054,12.364253,-0.551407,0.000468
1.000001,39.901291,-104.697266,0.150793,12.364756,-0.549075,0.000872
1.000001,39.901291,-104.697266,0.150633,12.363198,-0.539998,0.000503
1.000001,39.901291,-104.697266,0.150712,12.364939,-0.548403,0.000381
1.000001,39.901291,-104.697266,0.150893,12.365031,-0.548607,0.001464
1.000001,39.901291,-104.697266,0.150881,12.364887,-0.546604,0.000204
1.000001,39.901291,-104.697266,0.150292,12.361948,-0.553291,0.000483
1.000001,39.901291,-104.697266,0.150814,12.364279,-0.549525,0.001067
1.000001,39.901291,-104.697266,0.150962,12.365047,-0.552342,0.001179
1.000001,39.901291,-104.697266,0.151,12.36539,-0.553403,0.000776
1.000001,39.901291,-104.697266,0.150894,12.365184,-0.550806,0.000183
1.000001,39.901291,-104.697266,0.15075,12.364402,-0.547554,0.000732
1.000001,39.901291,-104.697266,0.150747,12.363411,-0.551403,0.001122
1.000001,39.901291,-104.697266,0.151043,12.36662,-0.548431,0.000877
1.000001,39.901291,-104.697266,0.15098,12.364686,-0.548324,0.001051
1.000001,39.901291,-104.697266,0.150818,12.366088,-0.550663,0.000752
1.000001,39.901291,-104.697266,0.150575,12.363442,-0.54923,0.000577
1.000018,39.901291,-104.697266,0.150622,12.364367,-0.551003,0.000667
1.000001,39.901291,-104.697266,0.15089,12.365175,-0.549761,0.000287
1.000001,39.901291,-104.697266,0.150941,12.36526,-0.554545,0.00131
1.000001,39.901291,-104.697266,0.151171,12.366886,-0.550685,0.000289
1.000001,39.901291,-104.697266,0.150889,12.365481,-0.549609,0.001582
1.000001,39.901291,-104.697266,0.150996,12.365037,-0.552832,0.000372
1.000001,39.901291,-104.697266,0.150655,12.363695,-0.552428,0.000982
1.000001,39.901291,-104.697266,0.150901,12.365161,-0.551392,0.00054
1.000001,39.901291,-104.697266,0.150978,12.364353,-0.547099,0.000665
1.000001,39.901291,-104.697266,0.15055,12.363199,-0.54948,0.000461
1.000001,39.901291,-104.697266,0.150805,12.36577,-0.558614,0.000943
1.000001,39.901291,-104.697266,0.150895,12.364561,-0.546135,0.001108
1.000001,39.901291,-104.697266,0.150854,12.365914,-0.550725,0.001165
1.000001,39.901291,-104.697266,0.150991,12.364403,-0.554198,0.002009
1.000001,39.901291,-104.697266,0.150943,12.364947,-0.547443,0.001037
1.000001,39.901291,-104.697266,0.150811,12.364707,-0.55494,0.000968
1.000001,39.901291,-104.697266,0.151138,12.36627,-0.551032,0.001022
1.000001,39.901291,-104.697266,0.150574,12.364385,-0.551282,0.000771
1.000001,39.901291,-104.697266,0.150745,12.363436,-0.549186,0.000393
1.000001,39.901291,-104.697266,0.150883,12.365292,-0.556003,0.000821
1.000001,39.901291,-104.697266,0.150786,12.3649,-0.553932,0.000714
1.000001,39.901291,-104.697266,0.150491,12.363352,-0.553075,0.000291
1.000001,39.901291,-104.697266,0.150747,12.364764,-0.553018,0.00115
1.000001,39.901291,-104.697266,0.150803,12.364847,-0.551886,0.000617
1.000001,39.901291,-104.697266,0.150871,12.364523,-0.548495,0.000767
1.000001,39.901291,-104.697266,0.150962,12.36486,-0.548863,0.000556
1.000001,39.901291,-104.697266,0.150358,12.361245,-0.554596,0.000402
1.000001,39.901291,-104.697266,0.150925,12.364015,-0.553035,0.001483
1.000001,39.901291,-104.697266,0.15099,12.365748,-0.550667,0.000631
1.000001,39.901291,-104.697266,0.150904,12.36562,-0.541137,0.000893
1.000001,39.901291,-104.697266,0.150649,12.363883,-0.550353,0.000907
1.000001,39.901291,-104.697266,0.150895,12.363785,-0.549472,0.000495
1.000001,39.901291,-104.697266,0.150625,12.364762,-0.554511,0.001038
1.000001,39.901291,-104.697266,0.150833,12.362821,-0.55411,0.000758
1.000001,39.901291,-104.697266,0.150841,12.365927,-0.552377,0.00086
1.000001,39.901291,-104.697266,0.150798,12.362792,-0.553091,0.001391
1.000001,39.901291,-104.697266,0.150719,12.363291,-0.552378,0.000719
1.000001,39.901291,-104.697266,0.151004,12.366321,-0.556005,0.000451
1.006513,39.901291,-104.697266,0.150699,12.365148,-0.550699,0.000558
1.000001,39.901291,-104.697266,0.150742,12.364324,-0.550328,0.000611
1.000001,39.901291,-104.697266,0.150632,12.364598,-0.548792,0.000499
1.000001,39.901291,-104.697266,0.150853,12.363905,-0.550996,0.000636
1.000001,39.901291,-104.697266,0.150623,12.364755,-0.554608,0.000605
1.000001,39.901291,-104.697266,0.150914,12.364766,-0.545898,0.000325
1.000001,39.901291,-104.697266,0.150948,12.366044,-0.551727,0.000701
1.000001,39.901291,-104.697266,0.150965,12.364952,-0.553271,0.000836
1.000001,39.901291,-104.697266,0.150697,12.363773,-0.545333,0.000401
1.000001,39.901291,-104.697266,0.151145,12.366842,-0.550618,0.00102
1.000001,39.901291,-104.697266,0.150859,12.366265,-0.553125,0.000847
1.000001,39.901291,-104.697266,0.151046,12.365174,-0.547901,0.000472
1.000001,39.901291,-104.697266,0.150909,12.36549,-0.546076,0.000525
1.000001,39.901291,-104.697266,0.150978,12.365521,-0.551867,0.000364
1.000001,39.901291,-104.697266,0.150808,12.364749,-0.550934,0.00033
1.000001,39.901291,-104.697266,0.15081,12.365322,-0.548949,0.000781
1.000001,39.901291,-104.697266,0.150997,12.366496,-0.549361,0.000121
1.000001,39.901291,-104.697266,0.151038,12.365888,-0.548979,0.000469
1.000001,39.901291,-104.697266,0.150525,12.363571,-0.550922,0.000938
1.000001,39.901291,-104.697266,0.15122,12.366176,-0.549641,0.001015
1.000001,39.901291,-104.697266,0.150594,12.363125,-0.551995,0.00045
1.000001,39.901291,-104.697266,0.151094,12.366842,-0.549157,0.000602
1.000846,39.901291,-104.697266,0.150844,12.364273,-0.550695,0.00084
1.000001,39.901291,-104.697266,0.151008,12.36559,-0.553718,0.00079
1.001375,39.901291,-104.697266,0.150659,12.36272,-0.553167,0.000951
1.000001,39.901291,-104.697266,0.15088,12.366006,-0.553034,0.00073
1.000001,39.901291,-104.697266,0.15083,12.363751,-0.555585,0.000959
1.000001,39.901291,-104.697266,0.150781,12.364209,-0.553841,0.000296
1.000001,39.901291,-104.697266,0.150859,12.36366,-0.551476,0.000519
1.000001,39.901291,-104.697266,0.150808,12.365067,-0.547609,0.00069
1.000001,39.901291,-104.697266,0.150901,12.365853,-0.549664,0.00081
1.000001,39.901291,-104.697266,0.150667,12.364487,-0.554075,0.000633
1.003181,39.901291,-104.697266,0.15049,12.362497,-0.551793,0.000926
1.000001,39.901291,-104.697266,0.150871,12.36497,-0.554957,0.000289
1.000001,39.901291,-104.697266,0.150549,12.362634,-0.547349,0.000712
1.000001,39.901291,-104.697266,0.150617,12.363253,-0.559768,0.000988
1.000001,39.901291,-104.697266,0.151004,12.365954,-0.552614,0.000756
1.000001,39.901291,-104.697266,0.150675,12.362736,-0.549504,0.001292
1.000001,39.901291,-104.697266,0.150913,12.365134,-0.547094,0.001152
1.000001,39.901291,-104.697266,0.150675,12.364589,-0.547321,0.00109
1.000001,39.901291,-104.697266,0.150658,12.365068,-0.553574,0.000441
1.000001,39.901291,-104.697266,0.150636,12.363132,-0.549634,0.001085
1.000001,39.901291,-104.697266,0.150583,12.364237,-0.547428,0.001453
1.000001,39.901291,-104.697266,0.150978,12.364608,-0.547711,0.000707
1.000001,39.901291,-104.697266,0.150696,12.364622,-0.548352,0.000963
1.00513,39.901291,-104.697266,0.150907,12.366328,-0.553851,0.000428
1.000001,39.901291,-104.697266,0.150635,12.363024,-0.557319,0.000258
1.000001,39.901291,-104.697266,0.150652,12.365165,-0.545948,0.000553
1.002133,39.901291,-104.697266,0.150674,12.364012,-0.549635,0.001717
1.000001,39.901291,-104.697266,0.151156,12.366032,-0.546885,0.00044
1.000001,39.901291,-104.697266,0.150773,12.36357,-0.549725,0.000478
1.00374,39.901291,-104.697266,0.150858,12.364426,-0.547633,0.000433
1.000001,39.901291,-104.697266,0.150474,12.360614,-0.549674,0.001157
1.000001,39.901291,-104.697266,0.150721,12.364139,-0.550221,0.00096
1.000001,39.901291,-104.697266,0.15095,12.365126,-0.555444,0.000448
1.000001,39.901291,-104.697266,0.151001,12.366181,-0.549014,0.000911
1.000001,39.901291,-104.697266,0.151125,12.366276,-0.551348,0.000133
1.000001,39.901291,-104.697266,0.15103,12.36596,-0.543428,0.00061
1.000001,39.901291,-104.697266,0.150931,12.364437,-0.550907,0.000507
1.000001,39.901291,-104.697266,0.15068,12.363883,-0.555599,0.000688
1.000001,39.901291,-104.697266,0.150844,12.36431,-0.547983,0.000609
1.000001,39.901291,-104.697266,0.150791,12.362928,-0.548373,0.001125
1.000001,39.901291,-104.697266,0.150872,12.364109,-0.546283,0.000131
1.000001,39.901291,-104.697266,0.150617,12.363461,-0.552689,0.000404
1.000001,39.901291,-104.697266,0.150592,12.364402,-0.551752,0.000745
1.000001,39.901291,-104.697266,0.15089,12.365256,-0.544338,0.001336
1.000001,39.901291,-104.697266,0.151128,12.366462,-0.548114,0.00087
1.000001,39.901291,-104.697266,0.150893,12.366076,-0.552316,0.000496
1.000001,39.901291,-104.697266,0.150876,12.36395,-0.552645,0.000367
1.010684,39.901291,-104.697266,0.151115,12.366768,-0.55123,0.001001
1.000001,39.901291,-104.697266,0.150631,12.364268,-0.543788,0.000988
1.000001,39.901291,-104.697266,0.150955,12.364789,-0.547181,0.001085
1.000001,39.901291,-104.697266,0.150828,12.364069,-0.547477,0.000483
1.000001,39.901291,-104.697266,0.15071,12.363586,-0.547317,0.000564
1.000001,39.901291,-104.697266,0.150877,12.364375,-0.550897,9.2e-05
1.000001,39.901291,-104.697266,0.150844,12.365536,-0.555591,0.000426
1.000001,39.901291,-104.697266,0.150902,12.364515,-0.549715,0.000963
1.000001,39.901291,-104.697266,0.150884,12.364385,-0.553061,0.001002
1.000001,39.901291,-104.697266,0.150927,12.365675,-0.542439,0.000575
1.000001,39.901291,-104.697266,0.151089,12.366279,-0.549623,0.000861
1.000001,39.901291,-104.697266,0.150904,12.366115,-0.551889,0.000513
1.000001,39.901291,-104.697266,0.150936,12.365201,-0.551063,0.000368
1.000001,39.901291,-104.697266,0.150543,12.361555,-0.552595,0.001047
1.000001,39.901291,-104.697266,0.150655,12.363248,-0.546573,0.000466
1.000001,39.901291,-104.697266,0.15097,12.365294,-0.550244,0.000393
1.000001,39.901291,-104.697266,0.150735,12.364133,-0.54668,0.000686
1.000001,39.901291,-104.697266,0.150751,12.364758,-0.552862,0.001477
1.000001,39.901291,-104.697266,0.150841,12.364602,-0.552208,0.001075
1.000001,39.901291,-104.697266,0.151001,12.365052,-0.556343,0.000363
1.000001,39.901291,-104.697266,0.15075,12.364796,-0.55265,0.001081
1.000001,39.901291,-104.697266,0.150879,12.365994,-0.55364,0.000341
1.000001,39.901291,-104.697266,0.150864,12.363619,-0.548612,0.001077
1.000001,39.901291,-104.697266,0.150523,12.362288,-0.554581,0.000276
1.000001,39.901291,-104.697266,0.150717,12.364221,-0.5511,0.00092
1.000001,39.901291,-104.697266,0.150834,12.363744,-0.548713,0.001132
1.000001,39.901291,-104.697266,0.150839,12.363795,-0.547437,0.001245
1.000001,39.901291,-104.697266,0.150791,12.365487,-0.547493,0.000867
1.000001,39.901291,-104.697266,0.150956,12.365296,-0.553644,0.000328
1.000001,39.901291,-104.697266,0.150779,12.364498,-0.549341,0.000996
1.000001,39.901291,-104.697266,0.150987,12.3655,-0.554928,0.000473
1.000001,39.901291,-104.697266,0.150942,12.365866,-0.544471,0.000501
1.000001,39.901291,-104.697266,0.150822,12.365388,-0.553738,0.000841
1.000001,39.901291,-104.697266,0.150808,12.365068,-0.551768,0.00064
1.000001,39.901291,-104.697266,0.150947,12.36536,-0.54515,0.001299
1.000001,39.901291,-104.697266,0.150835,12.364103,-0.543256,0.000282
1.000001,39.901291,-104.697266,0.150758,12.363913,-0.551581,0.000501
1.000001,39.901291,-104.697266,0.151149,12.366745,-0.54625,0.001071
1.000001,39.901291,-104.697266,0.151185,12.366039,-0.546962,0.000812
1.000001,39.901291,-104.697266,0.150438,12.362787,-0.554766,0.000433
1.000001,39.901291,-104.697266,0.150727,12.362624,-0.552058,0.000739
1.000001,39.901291,-104.697266,0.151058,12.366298,-0.550301,0.000335
1.000001,39.901291,-104.697266,0.151022,12.365879,-0.54966,0.000538
1.000001,39.901291,-104.697266,0.150918,12.365454,-0.548542,0.000546
1.000001,39.901291,-104.697266,0.150785,12.364465,-0.548558,0.001212
1.000001,39.901291,-104.697266,0.150597,12.363481,-0.552963,0.0001
1.000001,39.901291,-104.697266,0.151152,12.366197,-0.542295,0.001229
1.000001,39.901291,-104.697266,0.150926,12.364018,-0.548337,0.000899
1.000001,39.901291,-104.697266,0.150609,12.362761,-0.550914,0.001137
1.000001,39.901291,-104.697266,0.150581,12.363599,-0.552763,0.000918
1.000001,39.901291,-104.697266,0.150765,12.36392,-0.546652,0.001453
1.000001,39.901291,-104.697266,0.151281,12.366711,-0.552081,0.000498
1.000001,39.901291,-104.697266,0.151227,12.367022,-0.549269,0.001663
1.000001,39.901291,-104.697266,0.151163,12.367016,-0.549564,0.000187
1.000001,39.901291,-104.697266,0.150913,12.364037,-0.549652,0.001003
1.000001,39.901291,-104.697266,0.15106,12.365648,-0.550758,0.001627
1.000001,39.901291,-104.697266,0.150661,12.363325,-0.551697,0.000612
1.000001,39.901291,-104.697266,0.150959,12.36608,-0.54894,0.000265
1.000001,39.901291,-104.697266,0.151161,12.365359,-0.548627,0.000993
1.000001,39.901291,-104.697266,0.150797,12.363957,-0.553698,0.00044
1.000001,39.901291,-104.697266,0.150769,12.365282,-0.558287,0.000664
1.000001,39.901291,-104.697266,0.15124,12.366,-0.543,0.000894
1.000001,39.901291,-104.697266,0.15076,12.363847,-0.5488,0.000648
1.000001,39.901291,-104.697266,0.150863,12.363269,-0.555858,0.002146
1.000001,39.901291,-104.697266,0.150928,12.364397,-0.549899,0.001049
1.000001,39.901291,-104.697266,0.150849,12.365253,-0.558679,0.000214
1.000001,39.901291,-104.697266,0.151408,12.366879,-0.549395,0.000364
1.000001,39.901291,-104.697266,0.150585,12.361492,-0.553953,0.000476
1.000001,39.901291,-104.697266,0.150982,12.365479,-0.550141,0.000499
1.000001,39.901291,-104.697266,0.150825,12.365006,-0.55529,0.000765
1.000001,39.901291,-104.697266,0.150903,12.364896,-0.551654,0.00037
1.000001,39.901291,-104.697266,0.150635,12.363102,-0.550442,0.00049
1.000001,39.901291,-104.697266,0.150823,12.364002,-0.555051,0.000604
1.000001,39.901291,-104.697266,0.150815,12.364805,-0.548375,0.000207
1.000001,39.901291,-104.697266,0.150824,12.364361,-0.54993,0.000255
1.000001,39.901291,-104.697266,0.151078,12.365786,-0.549455,0.000492
1.000001,39.901291,-104.697266,0.15043,12.362317,-0.555029,0.000467
1.000001,39.901291,-104.697266,0.151005,12.365038,-0.553245,0.000679
1.000001,39.901291,-104.697266,0.151049,12.36553,-0.55461,0.000534
1.000001,39.901291,-104.697266,0.151061,12.365275,-0.545193,0.000507
1.000001,39.901291,-104.697266,0.150807,12.3636,-0.54894,0.000629
1.000001,39.901291,-104.697266,0.151031,12.365856,-0.547329,0.000312
1.000001,39.901291,-104.697266,0.150714,12.364065,-0.554934,0.000322
1.000001,39.901291,-104.697266,0.151024,12.365503,-0.556913,0.000891
1.000001,39.901291,-104.697266,0.150919,12.365052,-0.547954,0.000454
1.000001,39.901291,-104.697266,0.150909,12.364548,-0.553741,0.000777
1.000001,39.901291,-104.697266,0.150927,12.36523,-0.553907,0.000441
1.000001,39.901291,-104.697266,0.151089,12.366686,-0.552978,0.001635
1.000001,39.901291,-104.697266,0.150759,12.364841,-0.550316,0.000186
1.000001,39.901291,-104.697266,0.150974,12.364993,-0.545897,0.000766
1.000001,39.901291,-104.697266,0.150681,12.362565,-0.547441,0.000615
1.000001,39.901291,-104.697266,0.150954,12.364975,-0.548339,0.000551
1.000001,39.901291,-104.697266,0.150636,12.363728,-0.555227,0.000689
1.002402,39.901291,-104.697266,0.150952,12.364619,-0.547828,0.001022
1.000001,39.901291,-104.697266,0.151211,12.367641,-0.550909,0.000425
1.000001,39.901291,-104.697266,0.151006,12.366014,-0.55511,0.000682
1.005051,39.901291,-104.697266,0.150921,12.364702,-0.547714,0.000517
1.000001,39.901291,-104.697266,0.150966,12.36511,-0.552332,0.001689
1.000001,39.901291,-104.697266,0.150897,12.366107,-0.551827,0.000913
1.000001,39.901291,-104.697266,0.151052,12.365528,-0.547439,0.000602
1.000001,39.901291,-104.697266,0.151047,12.366654,-0.54774,0.000506
1.000001,39.901291,-104.697266,0.151128,12.366341,-0.55396,0.000903
1.000001,39.901291,-104.697266,0.150812,12.364644,-0.548185,0.000422
1.000001,39.901291,-104.697266,0.150968,12.365526,-0.549034,0.001329
1.000001,39.901291,-104.697266,0.151023,12.365921,-0.549618,0.0005
1.001753,39.901291,-104.697266,0.151337,12.366969,-0.551948,0.000107
1.000001,39.901291,-104.697266,0.150725,12.364595,-0.549145,0.001076
1.000001,39.901291,-104.697266,0.151044,12.364783,-0.549618,0.000806
1.008544,39.901291,-104.697266,0.150757,12.364241,-0.551678,0.000608
1.000001,39.901291,-104.697266,0.151062,12.363756,-0.542984,0.001063
1.000001,39.901291,-104.697266,0.150898,12.364293,-0.546793,0.001329
1.01319,39.901291,-104.697266,0.15089,12.363872,-0.55391,0.002049
1.000001,39.901291,-104.697266,0.150704,12.364098,-0.553479,0.001173
1.000001,39.901291,-104.697266,0.151179,12.365973,-0.55135,0.000302
1.000001,39.901291,-104.697266,0.151148,12.365627,-0.55313,0.000996
1.000001,39.901291,-104.697266,0.150876,12.36352,-0.552092,0.0008
1.000001,39.901291,-104.697266,0.150958,12.36463,-0.554302,0.000392
1.000009,39.901291,-104.697266,0.15069,12.362543,-0.549657,0.000992
1.000001,39.901291,-104.697266,0.151012,12.366373,-0.547035,0.00073
1.000001,39.901291,-104.697266,0.15094,12.365294,-0.553036,0.000946
1.008177,39.901291,-104.697266,0.150825,12.364285,-0.546984,0.000867
1.000001,39.901291,-104.697266,0.150926,12.365168,-0.555191,0.001004
1.000001,39.901291,-104.697266,0.150619,12.363611,-0.551744,0.000303
1.004431,39.901291,-104.697266,0.150542,12.362032,-0.554676,0.001103
1.000005,39.901291,-104.697266,0.151346,12.368263,-0.549393,0.001461
1.000001,39.901291,-104.697266,0.150837,12.364343,-0.554764,0.000889
1.006956,39.901291,-104.697266,0.150903,12.365221,-0.546238,0.000478
1.000001,39.901291,-104.697266,0.150606,12.36321,-0.545922,0.000698
1.000001,39.901291,-104.697266,0.150738,12.364082,-0.548607,0.000815
1.000001,39.901291,-104.697266,0.150949,12.364695,-0.55061,0.000604
1.000001,39.901291,-104.697266,0.150525,12.36229,-0.548825,0.000563
1.000001,39.901291,-104.697266,0.15135,12.366925,-0.548637,0.000697
1.000001,39.901291,-104.697266,0.15089,12.365969,-0.549589,0.000528
1.000001,39.901291,-104.697266,0.15084,12.365449,-0.556365,0.000495
1.003914,39.901291,-104.697266,0.150773,12.363122,-0.556725,0.000594
1.000001,39.901291,-104.697266,0.150751,12.362515,-0.54604,0.000386
1.000001,39.901291,-104.697266,0.150857,12.364741,-0.544388,0.001942
1.000001,39.901291,-104.697266,0.151161,12.365522,-0.545187,0.000365
1.000001,39.901291,-104.697266,0.150787,12.363549,-0.550415,0.000268
1.000001,39.901291,-104.697266,0.150926,12.365314,-0.546644,0.000345
1.000001,39.901291,-104.697266,0.150779,12.364358,-0.549286,0.000741
1.000001,39.901291,-104.697266,0.151066,12.366483,-0.547944,0.000349
1.000001,39.901291,-104.697266,0.151078,12.366169,-0.548713,0.000965
1.000001,39.901291,-104.697266,0.150992,12.36521,-0.552879,0.000895
1.000001,39.901291,-104.697266,0.151259,12.365788,-0.552594,0.000797
1.000001,39.901291,-104.697266,0.151112,12.365915,-0.544516,0.000521
1.000001,39.901291,-104.697266,0.150974,12.36499,-0.551111,0.000642
1.000001,39.901291,-104.697266,0.150831,12.365223,-0.553134,0.000809
1.000001,39.901291,-104.697266,0.150827,12.363612,-0.549942,0.001253
1.000001,39.901291,-104.697266,0.150853,12.363407,-0.547667,0.000447
1.000001,39.901291,-104.697266,0.151146,12.366032,-0.549522,0.001133
1.000001,39.901291,-104.697266,0.150783,12.363989,-0.551566,0.000547
1.004808,39.901291,-104.697266,0.150945,12.366069,-0.552544,0.001796
1.000001,39.901291,-104.697266,0.150886,12.364793,-0.548883,0.000405
1.000001,39.901291,-104.697266,0.151078,12.364945,-0.551142,0.001025
1.000001,39.901291,-104.697266,0.150755,12.363564,-0.553422,0.001202
1.000001,39.901291,-104.697266,0.150811,12.363268,-0.552346,0.001004
1.000001,39.901291,-104.697266,0.150923,12.364404,-0.547899,0.00121
1.001726,39.901291,-104.697266,0.150765,12.364567,-0.541633,0.000367
1.000001,39.901291,-104.697266,0.151125,12.365412,-0.548533,0.001022
1.000001,39.901291,-104.697266,0.150877,12.364725,-0.547542,0.000168
1.000001,39.901291,-104.697266,0.150812,12.363773,-0.551354,0.00058
1.000001,39.901291,-104.697266,0.151115,12.365337,-0.55176,9.1e-05
1.000001,39.901291,-104.697266,0.150778,12.366348,-0.555552,0.001039
1.000001,39.901291,-104.697266,0.150941,12.363677,-0.553136,0.000998
1.000001,39.901291,-104.697266,0.150845,12.364293,-0.551133,0.000852
1.000001,39.901291,-104.697266,0.150836,12.364845,-0.551334,0.001924
1.000001,39.901291,-104.697266,0.151253,12.367318,-0.546891,0.000868
1.000001,39.901291,-104.697266,0.150961,12.36564,-0.551718,0.000263
1.000001,39.901291,-104.697266,0.151069,12.366123,-0.550072,0.000906
1.000001,39.901291,-104.697266,0.15084,12.363961,-0.547712,0.000826
1.000001,39.901291,-104.697266,0.150835,12.363008,-0.546465,0.000381
1.000001,39.901291,-104.697266,0.151115,12.364535,-0.552556,0.000403
1.000001,39.901291,-104.697266,0.15125,12.365813,-0.547817,0.000754
1.000001,39.901291,-104.697266,0.150634,12.362573,-0.556002,0.001312
1.000001,39.901291,-104.697266,0.151125,12.366522,-0.550979,0.001453
1.000001,39.901291,-104.697266,0.151205,12.367007,-0.551484,0.001469
1.001999,39.901291,-104.697266,0.150927,12.364792,-0.550711,0.000527
1.000001,39.901291,-104.697266,0.151231,12.366248,-0.549767,0.000907
1.000001,39.901291,-104.697266,0.151082,12.36569,-0.550414,0.000776
1.000001,39.901291,-104.697266,0.150685,12.36381,-0.55487,0.000109
1.000001,39.901291,-104.697266,0.150714,12.364347,-0.546698,0.000904
1.000001,39.901291,-104.697266,0.151068,12.364554,-0.547869,0.001399
1.000003,39.901291,-104.697266,0.151283,12.366154,-0.546364,0.001648
1.000001,39.901291,-104.697266,0.151052,12.365624,-0.552853,0.000805
1.000001,39.901291,-104.697266,0.151149,12.367198,-0.553247,0.000246
1.000001,39.901291,-104.697266,0.151092,12.365636,-0.549539,0.001316
1.004677,39.901291,-104.697266,0.151151,12.366749,-0.550314,0.001177
1.000001,39.901291,-104.697266,0.15103,12.365494,-0.547874,0.000224
1.000001,39.901291,-104.697266,0.1508,12.366202,-0.554284,0.000461
1.001737,39.901291,-104.697266,0.150952,12.365876,-0.552749,0.000538
1.000001,39.901291,-104.697266,0.151031,12.366507,-0.541999,0.001148
1.000001,39.901291,-104.697266,0.151075,12.365411,-0.544378,0.000142
1.000001,39.901291,-104.697266,0.150767,12.364074,-0.552671,0.000446
1.000001,39.901291,-104.697266,0.151239,12.366488,-0.548767,0.000136
1.000001,39.901291,-104.697266,0.151156,12.365953,-0.549581,0.000736
1.000001,39.901291,-104.697266,0.150685,12.362795,-0.550565,0.001242
1.000001,39.901291,-104.697266,0.15089,12.364923,-0.548073,0.000465
1.000001,39.901291,-104.697266,0.151308,12.367992,-0.549105,0.000349
1.000001,39.901291,-104.697266,0.151201,12.365645,-0.549416,0.00058
1.000001,39.901291,-104.697266,0.151045,12.365853,-0.549708,0.000306
1.000001,39.901291,-104.697266,0.150745,12.363471,-0.548755,0.0008
1.000001,39.901291,-104.697266,0.150632,12.365026,-0.553474,0.000548
1.000001,39.901291,-104.697266,0.150991,12.366516,-0.543224,0.000551
1.000001,39.901291,-104.697266,0.15091,12.363163,-0.548642,0.00057
1.000001,39.901291,-104.697266,0.150601,12.362989,-0.548372,0.000199
1.000001,39.901291,-104.697266,0.150743,12.362656,-0.555705,0.000441
1.000001,39.901291,-104.697266,0.150897,12.365504,-0.54553,0.000652
1.000001,39.901291,-104.697266,0.151436,12.367056,-0.554166,0.00023
1.000001,39.901291,-104.697266,0.151338,12.366302,-0.543372,0.001803
1.000001,39.901291,-104.697266,0.151243,12.36651,-0.549901,0.000629
1.006758,39.901291,-104.697266,0.151091,12.365443,-0.546486,0.000721
1.000001,39.901291,-104.697266,0.150856,12.363782,-0.550235,0.000445
1.000001,39.901291,-104.697266,0.150807,12.363521,-0.548437,0.000866
1.004641,39.901291,-104.697266,0.151013,12.365084,-0.549943,0.000474
1.000001,39.901291,-104.697266,0.151246,12.365697,-0.5496,0.000679
1.000001,39.901291,-104.697266,0.15085,12.363586,-0.553633,0.000482
1.000001,39.901291,-104.697266,0.151127,12.366529,-0.553287,0.000715
1.000001,39.901291,-104.697266,0.15126,12.366103,-0.54793,0.000443
1.000001,39.901291,-104.697266,0.150885,12.364541,-0.546879,0.000133
1.000001,39.901291,-104.697266,0.150954,12.365078,-0.555049,0.000641
1.000001,39.901291,-104.697266,0.151316,12.366531,-0.548549,0.000393
1.000001,39.901291,-104.697266,0.150789,12.363408,-0.554129,0.001112
1.000001,39.901291,-104.697266,0.151572,12.368881,-0.549309,0.000761
1.000001,39.901291,-104.697266,0.150733,12.363592,-0.55255,0.001207
1.000001,39.901291,-104.697266,0.151264,12.366821,-0.552384,0.00095
1.000001,39.901291,-104.697266,0.150722,12.363613,-0.5493,0.000146
1.000001,39.901291,-104.697266,0.150915,12.363677,-0.547676,0.00085
1.000001,39.901291,-104.697266,0.150861,12.365845,-0.549975,0.00059
1.000001,39.901291,-104.697266,0.150821,12.364205,-0.552545,0.00125
1.000001,39.901291,-104.697266,0.1511,12.365578,-0.546303,0.000746
1.000001,39.901291,-104.697266,0.150927,12.363967,-0.551744,0.000698
1.000001,39.901291,-104.697266,0.15107,12.36575,-0.549326,0.000441
1.000001,39.901291,-104.697266,0.150866,12.364656,-0.555167,0.000291
1.000001,39.901291,-104.697266,0.151084,12.365358,-0.552774,0.000635
1.000001,39.901291,-104.697266,0.151235,12.366351,-0.5516,0.000492
1.000001,39.901291,-104.697266,0.151087,12.36517,-0.5492,0.000474
1.000001,39.901291,-104.697266,0.151194,12.366206,-0.545955,0.000574
1.000001,39.901291,-104.697266,0.151122,12.365216,-0.547248,0.000904
1.000001,39.901291,-104.697266,0.151049,12.366342,-0.554005,0.000318
1.000001,39.901291,-104.697266,0.150868,12.364775,-0.554598,0.001235
1.000001,39.901291,-104.697266,0.151014,12.363567,-0.546465,0.00016
1.000001,39.901291,-104.697266,0.151246,12.366846,-0.553036,0.000572
1.000001,39.901291,-104.697266,0.151208,12.36601,-0.551978,0.000809
1.000001,39.901291,-104.697266,0.15092,12.363902,-0.546502,0.001318
1.000001,39.901291,-104.697266,0.150978,12.365847,-0.550971,0.000509
1.000001,39.901291,-104.697266,0.151165,12.36587,-0.547678,0.00033
1.000001,39.901291,-104.697266,0.150875,12.362982,-0.545447,0.000504
1.000001,39.901291,-104.697266,0.150962,12.363585,-0.544739,0.001528
1.000001,39.901291,-104.697266,0.150784,12.364429,-0.552388,0.000707
1.000001,39.901291,-104.697266,0.151143,12.36528,-0.552023,0.000769
1.000001,39.901291,-104.697266,0.15117,12.365025,-0.545948,0.000808
1.000001,39.901291,-104.697266,0.151079,12.364604,-0.554916,0.00059
1.000001,39.901291,-104.697266,0.151277,12.365632,-0.549554,0.000467
1.000001,39.901291,-104.697266,0.150799,12.363324,-0.555994,0.000874
1.000001,39.901291,-104.697266,0.15097,12.365346,-0.548609,0.001012
1.000001,39.901291,-104.697266,0.151153,12.366358,-0.54636,0.000844
1.000001,39.901291,-104.697266,0.151084,12.365898,-0.545401,0.001142
1.000001,39.901291,-104.697266,0.151142,12.365572,-0.549589,0.00083
1.000001,39.901291,-104.697266,0.150931,12.366182,-0.54729,0.00055
1.000001,39.901291,-104.697266,0.151025,12.366292,-0.546697,0.001749
1.000001,39.901291,-104.697266,0.151271,12.367146,-0.54922,0.0007
1.000001,39.901291,-104.697266,0.151445,12.368736,-0.549667,0.000258
1.000001,39.901291,-104.697266,0.15108,12.365997,-0.551869,0.001443
1.000001,39.901291,-104.697266,0.151284,12.365453,-0.551618,0.000998
1.000001,39.901291,-104.697266,0.151086,12.364459,-0.549624,0.000881
1.000001,39.901291,-104.697266,0.151267,12.365797,-0.542571,0.000677
1.000001,39.901291,-104.697266,0.151031,12.365765,-0.543189,0.001791
1.000001,39.901291,-104.697266,0.150993,12.365624,-0.549237,0.001501
1.000001,39.901291,-104.697266,0.150907,12.363919,-0.553917,0.001212
1.000001,39.901291,-104.697266,0.151213,12.36621,-0.553679,0.000814
1.000001,39.901291,-104.697266,0.151325,12.367403,-0.553595,0.000942
1.000001,39.901291,-104.697266,0.151121,12.364172,-0.55175,0.000726
1.000001,39.901291,-104.697266,0.151072,12.365318,-0.554949,0.000216
1.000001,39.901291,-104.697266,0.150816,12.362099,-0.548282,0.000717
1.000003,39.901291,-104.697266,0.151005,12.36551,-0.547165,0.000208
1.009689,39.901291,-104.697266,0.151077,12.366721,-0.551355,0.000392
1.000001,39.901291,-104.697266,0.150976,12.36516,-0.54931,0.000451
1.000001,39.901291,-104.697266,0.15111,12.366407,-0.554143,0.000755
1.000001,39.901291,-104.697266,0.150605,12.36309,-0.550741,0.000816
1.000001,39.901291,-104.697266,0.150683,12.363069,-0.552676,0.001086
1.000001,39.901291,-104.697266,0.151389,12.367515,-0.552164,0.000887
1.000001,39.901291,-104.697266,0.150832,12.364661,-0.554674,0.001253
1.000001,39.901291,-104.697266,0.151022,12.36494,-0.544595,0.000785
1.000001,39.901291,-104.697266,0.150747,12.363629,-0.546333,0.000275
1.000001,39.901291,-104.697266,0.150917,12.364248,-0.547539,0.000525
1.000001,39.901291,-104.697266,0.151029,12.36599,-0.551664,0.000443
1.000001,39.901291,-104.697266,0.150744,12.363109,-0.545056,0.00093
1.000001,39.901291,-104.697266,0.151328,12.368127,-0.551938,0.000859
1.000001,39.901291,-104.697266,0.151094,12.365129,-0.548419,0.000903
1.000001,39.901291,-104.697266,0.150951,12.364915,-0.554562,0.000311
1.000001,39.901291,-104.697266,0.150929,12.364165,-0.557038,0.000405
1.000001,39.901291,-104.697266,0.150915,12.363875,-0.547582,0.00029
1.000001,39.901291,-104.697266,0.151197,12.366129,-0.543643,0.001254
1.000001,39.901291,-104.697266,0.151194,12.365411,-0.543123,1.9e-05
1.000001,39.901291,-104.697266,0.150916,12.363915,-0.550446,0.000548
1.000001,39.901291,-104.697266,0.150946,12.364021,-0.545314,0.000462
1.000001,39.901291,-104.697266,0.150811,12.364794,-0.550017,0.000898
1.000035,39.901291,-104.697266,0.15113,12.365815,-0.547309,0.000177
1.000001,39.901291,-104.697266,0.151335,12.367765,-0.547866,0.000505
1.000001,39.901291,-104.697266,0.151146,12.366193,-0.551039,0.000684
1.000001,39.901291,-104.697266,0.151307,12.366458,-0.553538,0.000731
1.000001,39.901291,-104.697266,0.151299,12.366927,-0.550951,0.000495
1.000001,39.901291,-104.697266,0.151169,12.366901,-0.548086,0.001423
1.000001,39.901291,-104.697266,0.150992,12.365348,-0.551588,0.000518
1.000001,39.901291,-104.697266,0.150845,12.364663,-0.548806,0.001146
1.000001,39.901291,-104.697266,0.150827,12.363663,-0.548338,0.00034
1.000001,39.901291,-104.697266,0.151186,12.367198,-0.553018,0.000189
1.000001,39.901291,-104.697266,0.150999,12.365141,-0.552792,0.000837
1.000001,39.901291,-104.697266,0.151027,12.365885,-0.553382,0.001432
1.000001,39.901291,-104.697266,0.151074,12.366923,-0.549447,0.000166
1.000001,39.901291,-104.697266,0.151309,12.366458,-0.550104,0.000905
1.000001,39.901291,-104.697266,0.150845,12.364229,-0.557747,0.000904
1.000001,39.901291,-104.697266,0.151124,12.364295,-0.549786,0.000968
1.000001,39.901291,-104.697266,0.151163,12.365183,-0.545332,0.000961
1.000001,39.901291,-104.697266,0.150847,12.36482,-0.543314,0.000911
1.000001,39.901291,-104.697266,0.151157,12.364785,-0.545088,0.000693
1.000001,39.901291,-104.697266,0.151084,12.36517,-0.545254,0.000964
1.000001,39.901291,-104.697266,0.150975,12.364804,-0.552945,0.000697
1.000001,39.901291,-104.697266,0.151136,12.364983,-0.551673,0.000476
1.000001,39.901291,-104.697266,0.151008,12.36645,-0.557024,0.001035
1.000001,39.901291,-104.697266,0.151231,12.365463,-0.55433,0.000592
1.000001,39.901291,-104.697266,0.150949,12.3643,-0.551262,0.001043
1.000001,39.901291,-104.697266,0.150986,12.364519,-0.549582,0.001464
1.011148,39.901291,-104.697266,0.151289,12.367645,-0.546812,0.000794
1.000001,39.901291,-104.697266,0.151022,12.365849,-0.551319,0.00075
1.000001,39.901291,-104.697266,0.151228,12.365782,-0.552571,0.000872
1.000001,39.901291,-104.697266,0.150901,12.36401,-0.549078,0.000997
1.000001,39.901291,-104.697266,0.151015,12.364895,-0.548204,0.001086
1.000001,39.901291,-104.697266,0.151304,12.366132,-0.548799,0.000579
1.000585,39.901291,-104.697266,0.15144,12.366684,-0.549792,0.000478
1.000001,39.901291,-104.697266,0.150886,12.363544,-0.553249,0.001176
1.000001,39.901291,-104.697266,0.151317,12.36789,-0.554148,0.000733
1.000001,39.901291,-104.697266,0.15129,12.367112,-0.551611,0.001055
1.000001,39.901291,-104.697266,0.151053,12.365166,-0.555698,0.000362
1.000001,39.901291,-104.697266,0.151268,12.367351,-0.550232,0.000297
1.000001,39.901291,-104.697266,0.151226,12.366996,-0.554645,0.001199
1.000001,39.901291,-104.697266,0.150767,12.364709,-0.555485,0.000632
1.000001,39.901291,-104.697266,0.150916,12.365349,-0.547073,0.000808
1.000001,39.901291,-104.697266,0.151304,12.366039,-0.544716,0.001175
1.000001,39.901291,-104.697266,0.151338,12.36672,-0.547325,0.001518
1.000001,39.901291,-104.697266,0.151176,12.366588,-0.555391,0.000932
1.000001,39.901291,-104.697266,0.151328,12.367252,-0.553487,0.000279
1.000001,39.901291,-104.697266,0.151244,12.366342,-0.548353,0.000778
1.002358,39.901291,-104.697266,0.151346,12.366806,-0.553508,0.000994
1.000001,39.901291,-104.697266,0.151087,12.365742,-0.546539,0.000504
1.000001,39.901291,-104.697266,0.150985,12.365811,-0.551508,0.000597
1.000001,39.901291,-104.697266,0.151067,12.365767,-0.554119,0.000445
1.000001,39.901291,-104.697266,0.151136,12.366087,-0.542967,0.000921
1.000001,39.901291,-104.697266,0.151001,12.364363,-0.54593,0.00076
1.000001,39.901291,-104.697266,0.150926,12.365953,-0.550738,0.000316
1.000001,39.901291,-104.697266,0.151149,12.364311,-0.552176,0.000694
1.000001,39.901291,-104.697266,0.151305,12.366867,-0.548919,0.000577
1.000001,39.901291,-104.697266,0.150784,12.363065,-0.551223,0.001459
1.000001,39.901291,-104.697266,0.151082,12.365532,-0.547394,0.000256
1.000001,39.901291,-104.697266,0.151262,12.365127,-0.549804,0.000733
1.000001,39.901291,-104.697266,0.151387,12.366287,-0.549306,0.000825
1.000001,39.901291,-104.697266,0.15117,12.366079,-0.552422,0.000167
1.000001,39.901291,-104.697266,0.151035,12.365571,-0.553825,0.000688
1.000001,39.901291,-104.697266,0.150721,12.363925,-0.552707,0.000323
1.000001,39.901291,-104.697266,0.151166,12.366092,-0.542418,0.00072
1.000001,39.901291,-104.697266,0.151119,12.365074,-0.546979,0.000945
1.000001,39.901291,-104.697266,0.150659,12.362387,-0.546697,0.000918
1.000001,39.901291,-104.697266,0.15073,12.361142,-0.55479,0.000554
1.000001,39.901291,-104.697266,0.150836,12.364593,-0.546923,0.000409
1.000001,39.901291,-104.697266,0.151633,12.369026,-0.555888,0.000461
1.000001,39.901291,-104.697266,0.151527,12.367311,-0.544225,0.001444
1.000001,39.901291,-104.697266,0.151279,12.365865,-0.551065,7.6e-05
1.000001,39.901291,-104.697266,0.151022,12.365388,-0.544108,0.000483
1.000001,39.901291,-104.697266,0.15107,12.36489,-0.551654,0.000936
1.000001,39.901291,-104.697266,0.150783,12.362695,-0.552509,0.000686
1.000001,39.901291,-104.697266,0.150995,12.364906,-0.551958,0.000278
1.000001,39.901291,-104.697266,0.151322,12.366284,-0.552963,0.000646
1.000001,39.901291,-104.697266,0.150852,12.363791,-0.550516,0.000988
1.000001,39.901291,-104.697266,0.151206,12.366342,-0.554025,0.000423
1.000001,39.901291,-104.697266,0.151434,12.367008,-0.548764,0.000319
1.000001,39.901291,-104.697266,0.150996,12.364134,-0.549513,0.000206
1.000001,39.901291,-104.697266,0.151345,12.365697,-0.555233,0.001737
1.000001,39.901291,-104.697266,0.151343,12.367459,-0.549968,0.000381
1.000001,39.901291,-104.697266,0.15092,12.364968,-0.552292,0.000635
1.000001,39.901291,-104.697266,0.151724,12.370109,-0.548921,0.000255
1.000001,39.901291,-104.697266,0.150695,12.361661,-0.550207,0.000609
1.000001,39.901291,-104.697266,0.151229,12.366699,-0.550159,0.001181
1.000001,39.901291,-104.697266,0.151022,12.36552,-0.548625,0.000667
1.000001,39.901291,-104.697266,0.151063,12.365056,-0.543543,0.000394
1.000001,39.901291,-104.697266,0.150985,12.366187,-0.551826,0.000691
1.000001,39.901291,-104.697266,0.150928,12.36463,-0.554113,0.000664
1.000001,39.901291,-104.697266,0.151217,12.3653,-0.545909,0.000989
1.000001,39.901291,-104.697266,0.151129,12.365109,-0.555782,0.000297
1.000001,39.901291,-104.697266,0.151101,12.366444,-0.546634,0.000306
1.000001,39.901291,-104.697266,0.151078,12.365759,-0.55555,0.000143
1.000001,39.901291,-104.697266,0.151229,12.366653,-0.546626,0.001126
1.000001,39.901291,-104.697266,0.151318,12.365869,-0.550126,0.00022
1.000001,39.901291,-104.697266,0.151245,12.366027,-0.550092,0.00129
1.000001,39.901291,-104.697266,0.151177,12.365705,-0.547308,0.001184
1.000001,39.901291,-104.697266,0.151216,12.365729,-0.545422,0.001324
1.000001,39.901291,-104.697266,0.151071,12.366447,-0.554333,0.000164
1.000001,39.901291,-104.697266,0.151212,12.365862,-0.553097,0.000817
1.000001,39.901291,-104.697266,0.151048,12.3641,-0.545848,0.000248
1.000001,39.901291,-104.697266,0.151274,12.36739,-0.549983,0.000576
1.000001,39.901291,-104.697266,0.151303,12.366783,-0.556883,0.000598
1.000001,39.901291,-104.697266,0.151147,12.364748,-0.546715,0.001257
1.000001,39.901291,-104.697266,0.151022,12.364866,-0.554974,0.000381
1.000001,39.901291,-104.697266,0.151166,12.365953,-0.547038,0.000425
1.000001,39.901291,-104.697266,0.151098,12.364722,-0.54976,0.00044
1.000001,39.901291,-104.697266,0.151254,12.365623,-0.543067,0.001328
1.000001,39.901291,-104.697266,0.151002,12.365852,-0.551829,0.000401
1.000001,39.901291,-104.697266,0.151302,12.365866,-0.552388,0.000776
1.00623,39.901291,-104.697266,0.151315,12.365876,-0.548095,0.000505
1.000001,39.901291,-104.697266,0.151288,12.366414,-0.552687,0.000526
1.000001,39.901291,-104.697266,0.151281,12.365906,-0.553944,0.000598
1.000001,39.901291,-104.697266,0.151023,12.364719,-0.555855,0.001263
1.000001,39.901291,-104.697266,0.151212,12.365167,-0.549561,0.00077
1.000001,39.901291,-104.697266,0.151285,12.366524,-0.550798,0.00133
1.000001,39.901291,-104.697266,0.151199,12.366422,-0.545968,0.001286
1.000001,39.901291,-104.697266,0.15134,12.36577,-0.549194,0.000424
1.000001,39.901291,-104.697266,0.151125,12.367084,-0.548439,0.000808
1.000001,39.901291,-104.697266,0.150993,12.365342,-0.550333,0.001309
1.000001,39.901291,-104.697266,0.151334,12.366138,-0.54871,0.000952
1.000001,39.901291,-104.697266,0.151328,12.366778,-0.547992,0.000426
1.006215,39.901291,-104.697266,0.151039,12.364385,-0.551399,0.000739
1.000001,39.901291,-104.697266,0.15145,12.368663,-0.551412,0.000538
1.000001,39.901291,-104.697266,0.151129,12.36489,-0.552289,0.00127
1.000001,39.901291,-104.697266,0.151376,12.366642,-0.539957,6.7e-05
1.000001,39.901291,-104.697266,0.151355,12.367899,-0.546451,0.001741
1.000001,39.901291,-104.697266,0.151169,12.365227,-0.552074,0.000378
1.000001,39.901291,-104.697266,0.150968,12.363955,-0.554166,0.000643
1.000001,39.901291,-104.697266,0.151303,12.366016,-0.552454,0.000707
1.000001,39.901291,-104.697266,0.151438,12.36774,-0.55133,0.000997
1.003884,39.901291,-104.697266,0.151283,12.365159,-0.551338,0.000442
1.000001,39.901291,-104.697266,0.151271,12.366342,-0.555318,0.00049
1.000001,39.901291,-104.697266,0.151073,12.364657,-0.546556,0.000433
1.000001,39.901291,-104.697266,0.150948,12.363601,-0.545507,0.00071
1.000001,39.901291,-104.697266,0.151212,12.367126,-0.547816,0.000785
1.000001,39.901291,-104.697266,0.151146,12.365705,-0.546068,0.001071
1.000001,39.901291,-104.697266,0.151299,12.366673,-0.555257,0.001103
1.000001,39.901291,-104.697266,0.150741,12.361883,-0.54643,0.000553
1.000001,39.901291,-104.697266,0.15088,12.362994,-0.554696,0.001056
1.000001,39.901291,-104.697266,0.151403,12.368016,-0.554362,0.001141
1.000001,39.901291,-104.697266,0.150884,12.363612,-0.556416,0.000626
1.000001,39.901291,-104.697266,0.15107,12.365585,-0.543828,0.00123
1.000001,39.901291,-104.697266,0.15083,12.364851,-0.549715,0.000701
1.000001,39.901291,-104.697266,0.151155,12.36587,-0.549776,0.000325
1.000001,39.901291,-104.697266,0.151131,12.366434,-0.54993,0.000444
1.000001,39.901291,-104.697266,0.150805,12.363511,-0.549506,0.000325
1.000001,39.901291,-104.697266,0.151314,12.367453,-0.551987,0.000579
1.000001,39.901291,-104.697266,0.151132,12.364991,-0.550497,0.001168
1.000001,39.901291,-104.697266,0.151144,12.365714,-0.552098,0.00058
1.000001,39.901291,-104.697266,0.150953,12.364635,-0.559547,0.000371
1.000001,39.901291,-104.697266,0.151167,12.366854,-0.551929,0.00017
1.000002,39.901291,-104.697266,0.151278,12.364733,-0.54851,0.00051
1.000001,39.901291,-104.697266,0.151311,12.366633,-0.540837,0.000459
1.000001,39.901291,-104.697266,0.151118,12.365396,-0.552327,0.000614
1.000001,39.901291,-104.697266,0.151132,12.365689,-0.546232,0.00086
1.000001,39.901291,-104.697266,0.150886,12.364062,-0.552597,0.000704
1.000001,39.901291,-104.697266,0.151274,12.365487,-0.550027,0.000281
1.000001,39.901291,-104.697266,0.151428,12.36727,-0.549529,0.000424
1.002945,39.901291,-104.697266,0.151346,12.366946,-0.552807,0.000756
1.000001,39.901291,-104.697266,0.151416,12.366666,-0.555087,0.000885
1.000001,39.901291,-104.697266,0.151471,12.368875,-0.551026,0.00044
1.001856,39.901291,-104.697266,0.15126,12.367066,-0.550538,0.001604
1.000001,39.901291,-104.697266,0.151077,12.365218,-0.552319,0.000637
1.000001,39.901291,-104.697266,0.151012,12.365358,-0.544437,0.000325
1.005365,39.901291,-104.697266,0.150953,12.364798,-0.54753,0.000494
1.000001,39.901291,-104.697266,0.151278,12.367282,-0.552743,0.000758
1.000001,39.901291,-104.697266,0.151153,12.366323,-0.552018,0.000501
1.008497,39.901291,-104.697266,0.151157,12.36482,-0.550693,0.000763
1.000001,39.901291,-104.697266,0.151046,12.365647,-0.549726,0.00019
1.000001,39.901291,-104.697266,0.15138,12.366328,-0.55128,0.000322
1.000001,39.901291,-104.697266,0.150903,12.363507,-0.56032,0.000834
1.000001,39.901291,-104.697266,0.151307,12.365392,-0.549078,0.001047
1.000001,39.901291,-104.697266,0.151293,12.365933,-0.544347,0.00129
1.000001,39.901291,-104.697266,0.150939,12.364596,-0.547591,0.000951
1.000001,39.901291,-104.697266,0.151366,12.366608,-0.542356,0.001178
1.000001,39.901291,-104.697266,0.151335,12.367002,-0.549637,0.000876
1.000001,39.901291,-104.697266,0.151179,12.366464,-0.556677,0.001
1.000001,39.901291,-104.697266,0.151409,12.36666,-0.551771,0.000946
1.000001,39.901291,-104.697266,0.151166,12.364691,-0.559773,0.001321
1.000001,39.901291,-104.697266,0.151205,12.365027,-0.554943,0.000628
1.000001,39.901291,-104.697266,0.150984,12.364377,-0.549506,0.001591
1.000001,39.901291,-104.697266,0.151137,12.364298,-0.548716,0.000822
1.000001,39.901291,-104.697266,0.151486,12.367371,-0.544473,0.00163
1.000001,39.901291,-104.697266,0.151064,12.366033,-0.549998,0.000747
1.000001,39.901291,-104.697266,0.151384,12.366567,-0.551741,0.000803
1.000001,39.901291,-104.697266,0.151046,12.365446,-0.549854,0.001389
1.000001,39.901291,-104.697266,0.150969,12.365314,-0.549457,0.00083
1.000001,39.901291,-104.697266,0.151435,12.366121,-0.545181,0.000697
1.000001,39.901291,-104.697266,0.151464,12.36657,-0.552695,0.000555
1.000001,39.901291,-104.697266,0.151059,12.364037,-0.554938,0.00139
1.000001,39.901291,-104.697266,0.151348,12.365647,-0.552891,0.000696
1.000001,39.901291,-104.697266,0.151285,12.365821,-0.550055,0.000999
1.000001,39.901291,-104.697266,0.151117,12.36591,-0.556369,0.000681
1.000001,39.901291,-104.697266,0.151188,12.36644,-0.549498,0.000537
1.000001,39.901291,-104.697266,0.151269,12.366096,-0.556903,0.001119
1.000001,39.901291,-104.697266,0.150978,12.365294,-0.553781,0.000599
1.000001,39.901291,-104.697266,0.151134,12.365803,-0.547046,0.001138
1.000001,39.901291,-104.697266,0.151404,12.366883,-0.54569,0.00162
1.000001,39.901291,-104.697266,0.151538,12.368823,-0.548123,0.001876
1.000001,39.901291,-104.697266,0.151241,12.365997,-0.556885,0.000754
1.000001,39.901291,-104.697266,0.151363,12.366981,-0.551873,0.000629
1.000001,39.901291,-104.697266,0.151061,12.364181,-0.547496,0.000913
1.000001,39.901291,-104.697266,0.151457,12.366267,-0.553482,0.000496
1.000006,39.901291,-104.697266,0.151224,12.364741,-0.547047,0.000185
1.000001,39.901291,-104.697266,0.150961,12.364607,-0.548011,0.001207
1.000001,39.901291,-104.697266,0.151292,12.365616,-0.552529,0.000293
1.000001,39.901291,-104.697266,0.15107,12.366382,-0.544711,0.000598
1.000001,39.901291,-104.697266,0.15124,12.36577,-0.548281,0.001109
1.000001,39.901291,-104.697266,0.151191,12.367044,-0.552019,0.001359
1.000001,39.901291,-104.697266,0.15126,12.365298,-0.552541,0.000294
1.000001,39.901291,-104.697266,0.151476,12.366487,-0.549995,0.000247
1.004579,39.901291,-104.697266,0.150896,12.363194,-0.55344,0.000726
1.000001,39.901291,-104.697266,0.15126,12.366393,-0.549432,0.000701
1.000001,39.901291,-104.697266,0.151284,12.365949,-0.550959,0.000333
1.000001,39.901291,-104.697266,0.151538,12.367435,-0.5509,0.001177
1.000001,39.901291,-104.697266,0.151229,12.366034,-0.553216,0.001121
1.000001,39.901291,-104.697266,0.150991,12.364563,-0.554046,0.000474
1.000001,39.901291,-104.697266,0.150943,12.36538,-0.552822,0.000591
1.000001,39.901291,-104.697266,0.151199,12.36558,-0.545399,0.000453
1.000001,39.901291,-104.697266,0.151316,12.366076,-0.549771,0.000232
1.000001,39.901291,-104.697266,0.150795,12.362902,-0.546067,0.000834
1.000001,39.901291,-104.697266,0.15089,12.363183,-0.55346,0.000571
1.006052,39.901291,-104.697266,0.15097,12.363493,-0.545053,0.000479
1.000001,39.901291,-104.697266,0.151768,12.370465,-0.552911,0.000643
1.000001,39.901291,-104.697266,0.151451,12.366488,-0.547914,0.001301
1.000001,39.901291,-104.697266,0.151374,12.365509,-0.549879,0.000296
1.000001,39.901291,-104.697266,0.151267,12.365086,-0.543329,0.000246
1.006505,39.901291,-104.697266,0.150859,12.362943,-0.550505,0.000696
1.000001,39.901291,-104.697266,0.15103,12.365009,-0.554795,0.000675
1.000001,39.901291,-104.697266,0.151101,12.365472,-0.549047,0.000103
1.000001,39.901291,-104.697266,0.151488,12.366716,-0.553393,0.000586
1.000001,39.901291,-104.697266,0.151055,12.364949,-0.553464,0.000881
1.000001,39.901291,-104.697266,0.151315,12.366446,-0.552499,0.000265
1.000001,39.901291,-104.697266,0.15164,12.367331,-0.54748,0.000608
1.000001,39.901291,-104.697266,0.150977,12.36407,-0.54999,0.000638
1.000001,39.901291,-104.697266,0.151395,12.367087,-0.554654,0.001892
1.000001,39.901291,-104.697266,0.151485,12.367906,-0.549676,0.000882
1.000001,39.901291,-104.697266,0.15105,12.365784,-0.551545,0.000338
1.000001,39.901291,-104.697266,0.151906,12.369982,-0.547593,0.000595
1.003704,39.901291,-104.697266,0.150992,12.363558,-0.546373,0.000607
1.000001,39.901291,-104.697266,0.151309,12.366455,-0.551821,0.000298
1.000001,39.901291,-104.697266,0.151192,12.365559,-0.553336,0.001272
1.000001,39.901291,-104.697266,0.151172,12.365785,-0.541515,0.000483
1.000001,39.901291,-104.697266,0.151172,12.366659,-0.550829,0.000933
1.000001,39.901291,-104.697266,0.151111,12.365081,-0.557248,0.000701
1.000001,39.901291,-104.697266,0.15117,12.365348,-0.548881,0.000892
1.000001,39.901291,-104.697266,0.151215,12.366388,-0.555327,0.00038
1.000001,39.901291,-104.697266,0.151376,12.3666,-0.549086,0.001122
1.000001,39.901291,-104.697266,0.15114,12.364637,-0.558839,0.000467
1.000001,39.901291,-104.697266,0.151346,12.366409,-0.546039,0.00076
1.000001,39.901291,-104.697266,0.151506,12.366675,-0.551783,0.000281
1.000001,39.901291,-104.697266,0.151306,12.366975,-0.54947,0.000859
1.000001,39.901291,-104.697266,0.15131,12.365249,-0.548466,0.000884
1.000001,39.901291,-104.697266,0.151408,12.365605,-0.544679,0.001618
1.000001,39.901291,-104.697266,0.151148,12.366292,-0.551913,0.000413
1.000001,39.901291,-104.697266,0.151282,12.366035,-0.555637,0.000219
1.000001,39.901291,-104.697266,0.151207,12.365658,-0.546222,0.000316
1.000001,39.901291,-104.697266,0.151535,12.367117,-0.549781,0.000683
1.000001,39.901291,-104.697266,0.151407,12.367417,-0.555211,0.001029
1.000001,39.901291,-104.697266,0.151253,12.364411,-0.54809,0.000771
1.000001,39.901291,-104.697266,0.151049,12.36558,-0.553582,0.000418
1.000001,39.901291,-104.697266,0.151258,12.36753,-0.545723,0.00146
1.000001,39.901291,-104.697266,0.151356,12.366524,-0.552885,0.000445
1.000001,39.901291,-104.697266,0.151416,12.36709,-0.544462,0.001073
1.000001,39.901291,-104.697266,0.15113,12.365873,-0.554762,0.000665
1.000001,39.901291,-104.697266,0.151341,12.367039,-0.550767,0.000936
1.000001,39.901291,-104.697266,0.151321,12.365062,-0.547185,0.001128
1.000001,39.901291,-104.697266,0.151376,12.368241,-0.551261,0.000549
1.000001,39.901291,-104.697266,0.151399,12.366193,-0.551892,0.000937
1.000001,39.901291,-104.697266,0.151287,12.365857,-0.553701,0.001172
1.000001,39.901291,-104.697266,0.151363,12.366221,-0.553823,0.000689
1.000001,39.901291,-104.697266,0.151318,12.366733,-0.551139,0.001537
1.000001,39.901291,-104.697266,0.151226,12.365389,-0.547856,0.000292
1.000001,39.901291,-104.697266,0.15143,12.366465,-0.549783,0.000781
1.000001,39.901291,-104.697266,0.15123,12.365714,-0.551007,0.001403
1.000001,39.901291,-104.697266,0.151103,12.364923,-0.550943,0.001729
1.000001,39.901291,-104.697266,0.151381,12.366706,-0.551236,0.000876
1.000001,39.901291,-104.697266,0.151564,12.367455,-0.547324,0.000989
1.000004,39.901291,-104.697266,0.151238,12.364553,-0.550711,0.000747
1.000001,39.901291,-104.697266,0.151568,12.368535,-0.554134,0.000316
1.000001,39.901291,-104.697266,0.151259,12.365449,-0.55385,0.000634
1.000001,39.901291,-104.697266,0.151516,12.36783,-0.539521,0.00026
1.000001,39.901291,-104.697266,0.151438,12.367957,-0.549616,0.001018
1.001947,39.901291,-104.697266,0.151397,12.367008,-0.551653,0.000434
1.000001,39.901291,-104.697266,0.151193,12.365887,-0.552565,0.000635
1.000001,39.901291,-104.697266,0.151445,12.36636,-0.553316,0.000932
1.000001,39.901291,-104.697266,0.151526,12.367213,-0.548968,0.001394
1.000001,39.901291,-104.697266,0.151328,12.365018,-0.551893,0.000606
1.000001,39.901291,-104.697266,0.151398,12.367716,-0.557063,0.000204
1.000001,39.901291,-104.697266,0.151259,12.366266,-0.548386,0.000716
1.000001,39.901291,-104.697266,0.151194,12.366032,-0.546465,0.00071
1.000001,39.901291,-104.697266,0.151304,12.366414,-0.546461,0.000542
1.000001,39.901291,-104.697266,0.151311,12.366158,-0.547977,0.00122
1.000001,39.901291,-104.697266,0.151359,12.366937,-0.551903,0.001762
1.000001,39.901291,-104.697266,0.150838,12.362518,-0.546144,0.000533
1.000001,39.901291,-104.697266,0.15094,12.364105,-0.557457,0.000576
1.000001,39.901291,-104.697266,0.151588,12.368201,-0.554029,0.000845
1.000001,39.901291,-104.697266,0.151087,12.36489,-0.554496,0.00093
1.000001,39.901291,-104.697266,0.151339,12.366834,-0.542671,0.001466
1.000001,39.901291,-104.697266,0.15094,12.364205,-0.550484,0.000787
1.000995,39.901291,-104.697266,0.151353,12.366744,-0.548924,0.000488
1.000001,39.901291,-104.697266,0.151264,12.365979,-0.549186,0.000195
1.000001,39.901291,-104.697266,0.151025,12.364768,-0.549916,0.000998
1.000001,39.901291,-104.697266,0.151351,12.367027,-0.553607,0.00027
1.000001,39.901291,-104.697266,0.15126,12.365466,-0.548377,0.000688
1.000001,39.901291,-104.697266,0.151139,12.365502,-0.551821,0.000606
1.000001,39.901291,-104.697266,0.151086,12.366041,-0.557714,0.000673
1.000001,39.901291,-104.697266,0.151307,12.367016,-0.549959,0.000142
1.000001,39.901291,-104.697266,0.151431,12.366861,-0.55153,0.000436
1.000001,39.901291,-104.697266,0.151332,12.36644,-0.543954,0.000711
1.000001,39.901291,-104.697266,0.151194,12.365973,-0.550435,0.001031
1.000001,39.901291,-104.697266,0.151181,12.365926,-0.547616,0.001091
1.000001,39.901291,-104.697266,0.150961,12.363871,-0.553009,0.000754
1.000001,39.901291,-104.697266,0.15133,12.366947,-0.54952,0.000354
1.000001,39.901291,-104.697266,0.151533,12.366866,-0.546826,0.000347
1.000001,39.901291,-104.697266,0.151261,12.366154,-0.553936,0.000669
1.000001,39.901291,-104.697266,0.151471,12.367254,-0.55723,0.000665
1.000001,39.901291,-104.697266,0.151528,12.367726,-0.554839,0.000567
1.000001,39.901291,-104.697266,0.151335,12.366892,-0.549332,0.000697
1.000001,39.901291,-104.697266,0.151241,12.365813,-0.548945,0.00034
1.000001,39.901291,-104.697266,0.151207,12.365495,-0.546109,0.000243
1.000001,39.901291,-104.697266,0.151114,12.365231,-0.549434,0.000436
1.000001,39.901291,-104.697266,0.151585,12.367711,-0.552611,0.000293
1.000001,39.901291,-104.697266,0.151226,12.366497,-0.553394,0.000694
1.000001,39.901291,-104.697266,0.151151,12.365557,-0.551073,0.001116
1.000001,39.901291,-104.697266,0.151116,12.365458,-0.552945,0.000165
1.000001,39.901291,-104.697266,0.151425,12.36701,-0.550484,0.000716
1.000001,39.901291,-104.697266,0.151008,12.363795,-0.56158,0.00103
1.000001,39.901291,-104.697266,0.151368,12.366021,-0.552567,0.000148
1.000001,39.901291,-104.697266,0.151411,12.367423,-0.545,0.001047
1.000001,39.901291,-104.697266,0.151052,12.364666,-0.54738,0.000467
1.000001,39.901291,-104.697266,0.151409,12.366884,-0.54755,0.00147
1.000001,39.901291,-104.697266,0.151378,12.366352,-0.5513,0.000749
1.000001,39.901291,-104.697266,0.151301,12.367084,-0.555429,0.001698
1.000001,39.901291,-104.697266,0.151544,12.367104,-0.551745,0.000775
1.000001,39.901291,-104.697266,0.151287,12.365999,-0.558296,0.000766
1.000001,39.901291,-104.697266,0.151343,12.365359,-0.553284,0.000666
1.000001,39.901291,-104.697266,0.151294,12.364939,-0.54918,0.000534
1.000001,39.901291,-104.697266,0.151307,12.365207,-0.550882,0.000357
1.000001,39.901291,-104.697266,0.151457,12.367261,-0.542578,0.000778
1.000001,39.901291,-104.697266,0.151178,12.365025,-0.547099,0.00057
1.004991,39.901291,-104.697266,0.151524,12.3677,-0.553604,0.001261
1.000001,39.901291,-104.697266,0.151168,12.366199,-0.55269,0.001078
1.000001,39.901291,-104.697266,0.151086,12.365626,-0.550111,0.001094
1.002718,39.901291,-104.697266,0.151553,12.367013,-0.54832,0.000553
1.000001,39.901291,-104.697266,0.151521,12.367015,-0.554176,0.000697
1.000001,39.901291,-104.697266,0.15106,12.365423,-0.55458,0.00091
1.000001,39.901291,-104.697266,0.151431,12.365795,-0.550334,0.000917
1.000001,39.901291,-104.697266,0.151341,12.365438,-0.548934,0.00124
1.000001,39.901291,-104.697266,0.151257,12.365348,-0.552925,0.000768
1.000001,39.901291,-104.697266,0.151476,12.368011,-0.547962,0.0011
1.000001,39.901291,-104.697266,0.151429,12.366727,-0.558236,0.000662
1.000001,39.901291,-104.697266,0.15104,12.3655,-0.555883,0.000734
1.000001,39.901291,-104.697266,0.151134,12.365187,-0.552132,0.001632
1.000001,39.901291,-104.697266,0.151535,12.366461,-0.548251,0.000865
1.000001,39.901291,-104.697266,0.151538,12.368094,-0.547381,0.001507
1.006334,39.901291,-104.697266,0.151266,12.365313,-0.557267,0.000859
1.000001,39.901291,-104.697266,0.151716,12.368483,-0.550482,0.000674
1.000001,39.901291,-104.697266,0.15131,12.365522,-0.545018,0.000534
1.008673,39.901291,-104.697266,0.151469,12.367173,-0.553469,0.000611
1.000001,39.901291,-104.697266,0.151396,12.366755,-0.547975,0.000342
1.000001,39.901291,-104.697266,0.151008,12.364335,-0.546,0.002066
1.000001,39.901291,-104.697266,0.151269,12.365562,-0.552008,0.000978
1.000001,39.901291,-104.697266,0.15096,12.364844,-0.547631,0.000931
1.000001,39.901291,-104.697266,0.15133,12.366235,-0.553442,0.000972
1.000001,39.901291,-104.697266,0.151105,12.36478,-0.551939,0.000756
1.000001,39.901291,-104.697266,0.151439,12.366804,-0.547841,0.000605
1.000001,39.901291,-104.697266,0.151543,12.366618,-0.551366,0.000171
1.000001,39.901291,-104.697266,0.150952,12.363914,-0.553864,0.000947
1.000001,39.901291,-104.697266,0.151311,12.364491,-0.5537,0.000857
1.000001,39.901291,-104.697266,0.151444,12.366029,-0.547733,0.000455
1.000003,39.901291,-104.697266,0.151749,12.368317,-0.54774,0.000633
1.000001,39.901291,-104.697266,0.151333,12.366919,-0.554847,0.001361
1.000001,39.901291,-104.697266,0.151213,12.364518,-0.55283,0.000754
1.000001,39.901291,-104.697266,0.151017,12.364285,-0.555319,0.000788
1.000001,39.901291,-104.697266,0.151177,12.365136,-0.547955,0.000668
1.000001,39.901291,-104.697266,0.151253,12.36489,-0.551684,0.000831
1.000001,39.901291,-104.697266,0.150896,12.36308,-0.546278,0.000758
1.000001,39.901291,-104.697266,0.151297,12.366618,-0.551721,0.0004
1.000001,39.901291,-104.697266,0.151123,12.364439,-0.545872,0.000664
1.000001,39.901291,-104.697266,0.151676,12.369666,-0.55328,0.000882
1.000001,39.901291,-104.697266,0.151616,12.36683,-0.547324,0.000988
1.000001,39.901291,-104.697266,0.151448,12.366394,-0.548079,0.000475
1.000001,39.901291,-104.697266,0.151424,12.365428,-0.54398,0.000278
1.000001,39.901291,-104.697266,0.151232,12.365091,-0.54847,0.000684
1.000001,39.901291,-104.697266,0.151108,12.365399,-0.556657,0.00098
1.000001,39.901291,-104.697266,0.151316,12.365732,-0.550353,0.000421
1.000001,39.901291,-104.697266,0.151733,12.369022,-0.552566,0.0006
1.000001,39.901291,-104.697266,0.151143,12.365407,-0.558225,0.001055
1.000001,39.901291,-104.697266,0.151406,12.366331,-0.54757,0.000308
1.000001,39.901291,-104.697266,0.151815,12.368216,-0.550565,0.000513
1.000001,39.901291,-104.697266,0.151174,12.364818,-0.551492,0.000487
1.000001,39.901291,-104.697266,0.151547,12.367366,-0.554677,0.001856
1.000001,39.901291,-104.697266,0.15151,12.367698,-0.546833,0.00114
1.000001,39.901291,-104.697266,0.150987,12.365312,-0.549053,0.000331
1.000001,39.901291,-104.697266,0.15187,12.369055,-0.54901,0.000578
1.000001,39.901291,-104.697266,0.151143,12.364657,-0.549618,6e-05
1.000001,39.901291,-104.697266,0.151521,12.366815,-0.551002,0.000999
1.000001,39.901291,-104.697266,0.151415,12.36591,-0.554638,0.001729
1.000001,39.901291,-104.697266,0.151404,12.366134,-0.539671,0.000211
1.000001,39.901291,-104.697266,0.151228,12.365758,-0.551868,0.000731
1.000001,39.901291,-104.697266,0.151295,12.367411,-0.555942,0.000525
1.000001,39.901291,-104.697266,0.151326,12.364776,-0.546965,0.00091
1.000001,39.901291,-104.697266,0.151412,12.365533,-0.557176,0.00054
1.000001,39.901291,-104.697266,0.151449,12.36781,-0.552335,0.001654
1.000001,39.901291,-104.697266,0.151301,12.36552,-0.560712,0.000584
1.000001,39.901291,-104.697266,0.151577,12.367042,-0.545218,0.00064
1.000001,39.901291,-104.697266,0.151576,12.367172,-0.548827,0.000574
1.000001,39.901291,-104.697266,0.151321,12.367584,-0.551155,0.000533
1.000001,39.901291,-104.697266,0.151414,12.366508,-0.549039,0.000476
1.000001,39.901291,-104.697266,0.151403,12.36646,-0.543653,0.00165
1.000001,39.901291,-104.697266,0.151332,12.365912,-0.549436,0.001268
1.000001,39.901291,-104.697266,0.151321,12.366011,-0.553296,0.000161
1.000001,39.901291,-104.697266,0.151317,12.366371,-0.546671,0.000411
1.000001,39.901291,-104.697266,0.151654,12.367727,-0.545593,0.000462
1.011016,39.901291,-104.697266,0.151584,12.367023,-0.554352,0.000511
1.000001,39.901291,-104.697266,0.151504,12.366574,-0.550061,0.000669
1.000001,39.901291,-104.697266,0.151078,12.3651,-0.550371,0.000408
1.000001,39.901291,-104.697266,0.151321,12.365973,-0.545859,0.002419
1.000001,39.901291,-104.697266,0.151488,12.366202,-0.554826,0.000175
1.000001,39.901291,-104.697266,0.15148,12.367536,-0.545195,0.000704
1.000001,39.901291,-104.697266,0.151217,12.364469,-0.554133,0.000451
1.000001,39.901291,-104.697266,0.151434,12.367368,-0.551375,0.000403
1.000001,39.901291,-104.697266,0.151416,12.366328,-0.547417,0.000915
1.000001,39.901291,-104.697266,0.151436,12.367707,-0.549658,0.000528
1.000001,39.901291,-104.697266,0.151487,12.367351,-0.551746,0.001229
1.000001,39.901291,-104.697266,0.151444,12.366284,-0.554526,0.001133
1.000001,39.901291,-104.697266,0.151362,12.365776,-0.554443,0.001193
1.004586,39.901291,-104.697266,0.151356,12.366312,-0.550823,0.001194
1.000001,39.901291,-104.697266,0.151307,12.36632,-0.54609,0.000453
1.000001,39.901291,-104.697266,0.151466,12.367008,-0.550516,0.00073
1.000001,39.901291,-104.697266,0.151339,12.366096,-0.550932,0.001554
1.000001,39.901291,-104.697266,0.151339,12.366288,-0.552004,0.000761
1.000001,39.901291,-104.697266,0.151486,12.366735,-0.5505,0.00126
1.000001,39.901291,-104.697266,0.151455,12.366158,-0.546124,0.000919
1.000001,39.901291,-104.697266,0.151527,12.366982,-0.549096,0.001115
1.000001,39.901291,-104.697266,0.15171,12.369246,-0.554058,0.000637
1.001326,39.901291,-104.697266,0.151316,12.366289,-0.552653,0.000711
1.000001,39.901291,-104.697266,0.151716,12.368055,-0.541336,0.000581
1.000001,39.901291,-104.697266,0.15145,12.368012,-0.552873,0.000183
1.005578,39.901291,-104.697266,0.151589,12.367882,-0.552327,0.000598
1.000001,39.901291,-104.697266,0.151356,12.366268,-0.551739,0.000678
1.000001,39.901291,-104.697266,0.151658,12.36712,-0.552426,0.00058
1.000001,39.901291,-104.697266,0.151601,12.366086,-0.550484,0.000636
1.000001,39.901291,-104.697266,0.151372,12.366541,-0.553727,0.000826
1.000001,39.901291,-104.697266,0.151471,12.367946,-0.559289,0.001266
1.000001,39.901291,-104.697266,0.151431,12.366264,-0.54715,0.000363
1.000001,39.901291,-104.697266,0.151346,12.367357,-0.549422,0.00025
1.000001,39.901291,-104.697266,0.151348,12.366675,-0.549134,0.000194
1.000001,39.901291,-104.697266,0.151467,12.366,-0.550219,0.001095
1.000001,39.901291,-104.697266,0.151388,12.366665,-0.55085,0.000885
1.000001,39.901291,-104.697266,0.150882,12.364329,-0.544915,0.000237
1.000001,39.901291,-104.697266,0.15106,12.365403,-0.556004,0.00076
1.000001,39.901291,-104.697266,0.151751,12.36872,-0.551875,0.000507
1.000001,39.901291,-104.697266,0.15121,12.36713,-0.55194,0.00127
1.000007,39.901291,-104.697266,0.151359,12.367146,-0.544057,0.001096
1.000001,39.901291,-104.697266,0.15093,12.362857,-0.550983,0.000992
1.000001,39.901291,-104.697266,0.151648,12.368769,-0.55275,0.000394
1.000001,39.901291,-104.697266,0.151418,12.366541,-0.55028,0.000344
1.000001,39.901291,-104.697266,0.151119,12.364955,-0.552451,0.000616
1.000001,39.901291,-104.697266,0.151383,12.366854,-0.554106,0.00042
1.000001,39.901291,-104.697266,0.151422,12.366226,-0.549112,0.000877
1.000001,39.901291,-104.697266,0.151263,12.366251,-0.551958,0.000529
1.000001,39.901291,-104.697266,0.151269,12.365844,-0.557093,0.000426
1.000001,39.901291,-104.697266,0.151296,12.365441,-0.551379,0.000145
1.000001,39.901291,-104.697266,0.151498,12.367517,-0.553842,0.000353
1.000001,39.901291,-104.697266,0.151362,12.36603,-0.541714,0.000787
1.000001,39.901291,-104.697266,0.151338,12.365732,-0.548976,0.001542
1.000001,39.901291,-104.697266,0.15133,12.365452,-0.546213,0.000435
1.000001,39.901291,-104.697266,0.1511,12.364472,-0.555376,0.000866
1.001057,39.901291,-104.697266,0.15151,12.367108,-0.550809,0.000708
1.000001,39.901291,-104.697266,0.151634,12.368118,-0.545303,0.000604
1.000001,39.901291,-104.697266,0.151358,12.36609,-0.549969,0.000325
1.000001,39.901291,-104.697266,0.151544,12.368687,-0.556741,0.000496
1.000001,39.901291,-104.697266,0.151549,12.366824,-0.553211,0.00021
1.000001,39.901291,-104.697266,0.151549,12.367206,-0.548263,0.001168
1.000001,39.901291,-104.697266,0.151405,12.365479,-0.546082,0.000131
1.000001,39.901291,-104.697266,0.151254,12.367086,-0.549108,0.000551
1.000001,39.901291,-104.697266,0.151237,12.366802,-0.550038,0.000523
1.000001,39.901291,-104.697266,0.151688,12.369201,-0.553695,0.000499
1.000001,39.901291,-104.697266,0.151344,12.366647,-0.554056,0.000418
1.000001,39.901291,-104.697266,0.151287,12.365969,-0.549537,0.001161
1.000001,39.901291,-104.697266,0.151278,12.366096,-0.553269,0.000691
1.000001,39.901291,-104.697266,0.151461,12.367708,-0.548348,0.000373
1.000001,39.901291,-104.697266,0.151155,12.364185,-0.557555,0.000966
1.000001,39.901291,-104.697266,0.151609,12.367757,-0.551076,0.001033
1.000001,39.901291,-104.697266,0.15151,12.366838,-0.548701,0.000713
1.000001,39.901291,-104.697266,0.151238,12.365932,-0.546621,0.000805
1.000001,39.901291,-104.697266,0.151568,12.367243,-0.548866,0.001191
1.000001,39.901291,-104.697266,0.151481,12.365461,-0.548608,0.001057
1.000001,39.901291,-104.697266,0.151251,12.365569,-0.557877,0.001389
1.000001,39.901291,-104.697266,0.151738,12.369153,-0.549631,0.000459
1.000001,39.901291,-104.697266,0.15126,12.366576,-0.556471,0.000688
1.000001,39.901291,-104.697266,0.151558,12.366976,-0.553262,0.000547
1.000001,39.901291,-104.697266,0.151459,12.367252,-0.551707,0.000529
1.000001,39.901291,-104.697266,0.151327,12.365334,-0.550687,0.0002
1.000001,39.901291,-104.697266,0.151533,12.367257,-0.542994,0.000343
1.000001,39.901291,-104.697266,0.151418,12.366418,-0.549835,0.00086
1.000001,39.901291,-104.697266,0.151711,12.368018,-0.553186,0.001473
1.000001,39.901291,-104.697266,0.151164,12.366433,-0.552615,0.001076
1.000001,39.901291,-104.697266,0.151273,12.366278,-0.554947,0.001107
1.000001,39.901291,-104.697266,0.151605,12.366389,-0.547354,0.000741
1.000001,39.901291,-104.697266,0.151478,12.366516,-0.555788,0.000968
1.000001,39.901291,-104.697266,0.15128,12.36619,-0.552049,0.000551
1.000001,39.901291,-104.697266,0.151391,12.365932,-0.547122,0.000854
1.000001,39.901291,-104.697266,0.151447,12.364812,-0.550883,0.001375
1.002935,39.901291,-104.697266,0.151432,12.367702,-0.553474,0.000207
1.000001,39.901291,-104.697266,0.151629,12.368229,-0.549617,0.000928
1.000001,39.901291,-104.697266,0.151569,12.367868,-0.557284,0.000719
1.000001,39.901291,-104.697266,0.151188,12.365911,-0.552684,0.000604
1.000001,39.901291,-104.697266,0.151326,12.365847,-0.553675,0.001353
1.000001,39.901291,-104.697266,0.151554,12.365317,-0.550094,0.000693
1.000001,39.901291,-104.697266,0.151518,12.367252,-0.544512,0.001432
1.000001,39.901291,-104.697266,0.151396,12.365453,-0.552579,0.000841
1.00332,39.901291,-104.697266,0.151758,12.367034,-0.549784,0.00089
1.000001,39.901291,-104.697266,0.151389,12.365906,-0.541773,0.000635
1.000001,39.901291,-104.697266,0.151612,12.368277,-0.552052,0.00082
1.000001,39.901291,-104.697266,0.151484,12.367245,-0.550272,0.000649
1.000001,39.901291,-104.697266,0.151204,12.365942,-0.543255,0.002062
1.000001,39.901291,-104.697266,0.151569,12.367108,-0.553397,0.000343
1.000001,39.901291,-104.697266,0.151146,12.364272,-0.547239,0.000963
1.000001,39.901291,-104.697266,0.151286,12.366511,-0.552251,0.000585
1.000001,39.901291,-104.697266,0.151197,12.363701,-0.54671,0.00034
1.000001,39.901291,-104.697266,0.151633,12.368783,-0.552298,0.001165
1.005571,39.901291,-104.697266,0.151527,12.366658,-0.552961,0.000354
1.000001,39.901291,-104.697266,0.151161,12.365869,-0.551418,0.001028
1.000001,39.901291,-104.697266,0.151325,12.364995,-0.553134,0.000942
1.000001,39.901291,-104.697266,0.151553,12.365986,-0.549091,0.000993
1.000001,39.901291,-104.697266,0.151687,12.367132,-0.548734,0.000417
1.000001,39.901291,-104.697266,0.151338,12.366634,-0.555924,0.000353
1.000001,39.901291,-104.697266,0.151264,12.363926,-0.553239,0.000786
1.000001,39.901291,-104.697266,0.151131,12.363815,-0.550032,0.000486
1.000001,39.901291,-104.697266,0.151436,12.366667,-0.553127,0.000582
1.000001,39.901291,-104.697266,0.15148,12.366376,-0.551852,0.000869
1.000001,39.901291,-104.697266,0.151171,12.364963,-0.547845,0.000803
1.000001,39.901291,-104.697266,0.151307,12.367152,-0.550976,0.000426
1.000001,39.901291,-104.697266,0.151323,12.365886,-0.548344,0.000659
1.000001,39.901291,-104.697266,0.151741,12.367211,-0.550546,0.00018
1.000001,39.901291,-104.697266,0.151806,12.368733,-0.548939,0.000647
1.000001,39.901291,-104.697266,0.151607,12.367151,-0.550334,0.000829
1.000001,39.901291,-104.697266,0.15158,12.365865,-0.542771,0.000368
1.000001,39.901291,-104.697266,0.151412,12.366385,-0.550125,0.000949
1.000001,39.901291,-104.697266,0.151405,12.366936,-0.55335,0.00084
1.008613,39.901291,-104.697266,0.151366,12.366997,-0.549087,0.000441
1.000001,39.901291,-104.697266,0.151828,12.369094,-0.554716,0.00059
1.000001,39.901291,-104.697266,0.151305,12.366023,-0.555852,0.001114
1.000001,39.901291,-104.697266,0.151606,12.366961,-0.547007,0.000637
1.000001,39.901291,-104.697266,0.151721,12.36757,-0.553162,0.000509
1.000001,39.901291,-104.697266,0.151241,12.3651,-0.549427,0.000504
1.000001,39.901291,-104.697266,0.15171,12.366861,-0.553104,0.000882
1.000006,39.901291,-104.697266,0.151561,12.367481,-0.551116,0.001077
1.000001,39.901291,-104.697266,0.151135,12.364533,-0.545417,0.000833
1.004909,39.901291,-104.697266,0.152028,12.370131,-0.548711,0.000642
1.000001,39.901291,-104.697266,0.151436,12.366347,-0.548785,0.000217
1.000001,39.901291,-104.697266,0.15157,12.367007,-0.554532,0.000592
1.000001,39.901291,-104.697266,0.151435,12.365788,-0.551466,0.001485
1.000001,39.901291,-104.697266,0.151513,12.366496,-0.541747,0.000483
1.000001,39.901291,-104.697266,0.151278,12.365915,-0.553953,0.000934
1.000001,39.901291,-104.697266,0.151402,12.367622,-0.553163,0.000434
1.000001,39.901291,-104.697266,0.151557,12.366147,-0.549077,0.000741
1.000001,39.901291,-104.697266,0.151577,12.367052,-0.554012,0.000461
1.010672,39.901291,-104.697266,0.151368,12.366936,-0.553319,0.001567
1.000001,39.901291,-104.697266,0.151409,12.365786,-0.559432,0.000902
1.000001,39.901291,-104.697266,0.151576,12.367319,-0.547549,0.001058
1.000001,39.901291,-104.697266,0.151706,12.368407,-0.546506,0.000263
1.000001,39.901291,-104.697266,0.151431,12.366074,-0.550282,0.000627
1.000001,39.901291,-104.697266,0.151458,12.3657,-0.545741,0.000386
1.000001,39.901291,-104.697266,0.151614,12.36774,-0.545751,0.001089
1.000001,39.901291,-104.697266,0.151493,12.366412,-0.548146,0.001329
1.000001,39.901291,-104.697266,0.151591,12.366559,-0.549358,8.8e-05
1.000001,39.901291,-104.697266,0.151553,12.36772,-0.546814,0.000618
1.000001,39.901291,-104.697266,0.151722,12.367535,-0.546096,0.000759
1.000001,39.901291,-104.697266,0.151659,12.366695,-0.55223,0.000737
1.000001,39.901291,-104.697266,0.151783,12.368191,-0.552205,0.000847
1.000001,39.901291,-104.697266,0.151143,12.364445,-0.550545,0.000408
1.000001,39.901291,-104.697266,0.151373,12.366112,-0.546038,0.001777
1.000001,39.901291,-104.697266,0.151563,12.368016,-0.555612,0.001123
1.000001,39.901291,-104.697266,0.151731,12.368533,-0.548967,0.000286
1.000001,39.901291,-104.697266,0.151286,12.36418,-0.553847,0.000348
1.000001,39.901291,-104.697266,0.151332,12.365939,-0.5518,0.000336
1.000001,39.901291,-104.697266,0.151519,12.367472,-0.547311,0.00021
1.000001,39.901291,-104.697266,0.151562,12.366883,-0.54854,0.00017
1.000001,39.901291,-104.697266,0.15156,12.367266,-0.55162,0.001266
1.000001,39.901291,-104.697266,0.151604,12.366493,-0.555093,0.001198
1.000001,39.901291,-104.697266,0.151631,12.367401,-0.554454,0.000617
1.000001,39.901291,-104.697266,0.151431,12.368302,-0.548878,0.001221
1.000001,39.901291,-104.697266,0.15141,12.366152,-0.545198,0.000279
1.000001,39.901291,-104.697266,0.151585,12.367175,-0.546827,0.000335
1.000001,39.901291,-104.697266,0.151345,12.366879,-0.54926,0.001466
1.000001,39.901291,-104.697266,0.151539,12.366889,-0.551489,0.000741
1.000001,39.901291,-104.697266,0.151507,12.366169,-0.553075,0.001477
1.000001,39.901291,-104.697266,0.151584,12.367169,-0.544429,0.000842
1.000001,39.901291,-104.697266,0.151629,12.367643,-0.553232,0.001037
1.000001,39.901291,-104.697266,0.151603,12.367676,-0.551791,0.000207
1.000001,39.901291,-104.697266,0.151285,12.3656,-0.550272,0.000448
1.000001,39.901291,-104.697266,0.151675,12.367233,-0.546657,0.000219
1.000001,39.901291,-104.697266,0.151363,12.365803,-0.550833,0.000148
1.000001,39.901291,-104.697266,0.151716,12.369756,-0.551766,0.000691
1.000001,39.901291,-104.697266,0.151527,12.367678,-0.550506,0.000939
1.000001,39.901291,-104.697266,0.151667,12.367201,-0.55185,0.00031
1.000001,39.901291,-104.697266,0.151814,12.367377,-0.550835,0.000514
1.000001,39.901291,-104.697266,0.151526,12.3682,-0.55196,0.000578
1.007352,39.901291,-104.697266,0.151571,12.36636,-0.554385,0.000661
1.000001,39.901291,-104.697266,0.15162,12.36628,-0.551722,0.000606
1.000001,39.901291,-104.697266,0.15154,12.367125,-0.551468,0.000314
1.000001,39.901291,-104.697266,0.151573,12.368061,-0.551023,0.000471
1.000001,39.901291,-104.697266,0.151573,12.367367,-0.552696,0.000883
1.000001,39.901291,-104.697266,0.15145,12.367747,-0.548262,0.000708
1.000001,39.901291,-104.697266,0.151104,12.365932,-0.546076,0.000336
1.000001,39.901291,-104.697266,0.151326,12.366593,-0.560787,0.001284
1.000001,39.901291,-104.697266,0.151798,12.368351,-0.54946,0.000578
1.000001,39.901291,-104.697266,0.151432,12.365933,-0.55375,0.00069
1.000001,39.901291,-104.697266,0.151354,12.365465,-0.54482,0.0008
1.000001,39.901291,-104.697266,0.150993,12.362962,-0.550368,0.001683
1.000001,39.901291,-104.697266,0.151784,12.367967,-0.551185,0.000478
1.000001,39.901291,-104.697266,0.151309,12.365024,-0.551176,0.000371
1.000001,39.901291,-104.697266,0.151321,12.365592,-0.550907,0.000546
1.000001,39.901291,-104.697266,0.151518,12.368168,-0.553052,0.000785
1.000001,39.901291,-104.697266,0.151522,12.367413,-0.54966,0.000478
1.000001,39.901291,-104.697266,0.151432,12.366225,-0.552435,0.000423
1.000001,39.901291,-104.697266,0.151327,12.366383,-0.555839,0.000818
1.000001,39.901291,-104.697266,0.151458,12.366592,-0.552344,0.000561
1.000001,39.901291,-104.697266,0.151636,12.368175,-0.554195,0.00107
1.000001,39.901291,-104.697266,0.151529,12.367001,-0.541985,0.000649
1.000001,39.901291,-104.697266,0.151371,12.365742,-0.549266,0.00128
1.000001,39.901291,-104.697266,0.151405,12.366303,-0.547968,0.000579
1.000001,39.901291,-104.697266,0.151257,12.365629,-0.556118,0.000894
1.000001,39.901291,-104.697266,0.151636,12.368387,-0.55171,0.001092
1.000001,39.901291,-104.697266,0.151801,12.367743,-0.542573,0.000412
1.000001,39.901291,-104.697266,0.151451,12.365886,-0.549385,0.000657
1.000001,39.901291,-104.697266,0.151712,12.368404,-0.553033,0.000278
1.000001,39.901291,-104.697266,0.151597,12.367209,-0.553185,0.00044
1.000001,39.901291,-104.697266,0.15167,12.367486,-0.545166,0.000751
1.000001,39.901291,-104.697266,0.151383,12.365355,-0.543625,0.000182
1.000001,39.901291,-104.697266,0.151389,12.367088,-0.552182,0.000962
1.000723,39.901291,-104.697266,0.151389,12.3664,-0.550924,0.00083
1.000001,39.901291,-104.697266,0.151669,12.367937,-0.554917,0.000635
1.000001,39.901291,-104.697266,0.151521,12.366859,-0.55061,0.000892
1.000001,39.901291,-104.697266,0.151391,12.366592,-0.546418,0.000715
1.000001,39.901291,-104.697266,0.151357,12.365527,-0.553557,0.000557
1.000001,39.901291,-104.697266,0.151693,12.368176,-0.551793,0.000559
1.000001,39.901291,-104.697266,0.151503,12.365974,-0.555317,0.001066
1.003435,39.901291,-104.697266,0.151529,12.36698,-0.551883,0.001276
1.000001,39.901291,-104.697266,0.151569,12.366329,-0.549608,0.001324
1.004264,39.901291,-104.697266,0.151332,12.366033,-0.551428,0.000341
1.000001,39.901291,-104.697266,0.151636,12.367768,-0.550871,0.001132
1.000001,39.901291,-104.697266,0.151532,12.366195,-0.547456,0.000826
1.000001,39.901291,-104.697266,0.151325,12.365606,-0.554042,0.000714
1.000001,39.901291,-104.697266,0.151813,12.369183,-0.547255,0.000839
1.041133,39.901291,-104.697266,0.151628,12.367206,-0.551908,0.001217
1.000001,39.901291,-104.697266,0.151658,12.367276,-0.553461,0.000691
1.000001,39.901291,-104.697266,0.151594,12.368175,-0.552303,0.000634
1.000001,39.901291,-104.697266,0.151521,12.366788,-0.552468,0.000593
1.000001,39.901291,-104.697266,0.151676,12.366719,-0.54277,0.000732
1.000001,39.901291,-104.697266,0.151564,12.365504,-0.552026,0.000312
1.000001,39.901291,-104.697266,0.151794,12.368591,-0.553055,0.001189
1.000001,39.901291,-104.697266,0.151447,12.368042,-0.550763,0.000536
1.000001,39.901291,-104.697266,0.151355,12.366154,-0.55554,0.001007
1.000001,39.901291,-104.697266,0.151772,12.367339,-0.544482,0.001157
1.000001,39.901291,-104.697266,0.15164,12.367003,-0.553255,0.000529
1.000001,39.901291,-104.697266,0.151444,12.364693,-0.552795,0.000189
1.000001,39.901291,-104.697266,0.15167,12.36642,-0.546239,0.00108
1.000001,39.901291,-104.697266,0.151834,12.36699,-0.550055,0.001462
1.000001,39.901291,-104.697266,0.151465,12.367354,-0.552835,0.00034
1.000001,39.901291,-104.697266,0.151692,12.369062,-0.547246,0.000763
1.000001,39.901291,-104.697266,0.151616,12.368672,-0.557266,0.000343
1.000001,39.901291,-104.697266,0.151217,12.364703,-0.549794,0.001073
1.000001,39.901291,-104.697266,0.151338,12.364815,-0.553622,0.001383
1.000001,39.901291,-104.697266,0.151585,12.366241,-0.54904,0.000702
1.000001,39.901291,-104.697266,0.151668,12.367883,-0.542913,0.001491
1.000001,39.901291,-104.697266,0.15167,12.366471,-0.548015,0.000708
1.000001,39.901291,-104.697266,0.151819,12.367238,-0.547391,0.000482
1.000001,39.901291,-104.697266,0.151604,12.367092,-0.542433,0.001109
1.000001,39.901291,-104.697266,0.15177,12.367066,-0.548792,0.000574
1.000001,39.901291,-104.697266,0.151557,12.366462,-0.547725,0.000453
1.000001,39.901291,-104.697266,0.151481,12.366964,-0.54473,0.001644
1.000001,39.901291,-104.697266,0.151634,12.367443,-0.55304,0.000279
1.000001,39.901291,-104.697266,0.151155,12.364586,-0.546923,0.000279
1.000001,39.901291,-104.697266,0.15148,12.366292,-0.551158,0.00071
1.000001,39.901291,-104.697266,0.151355,12.365232,-0.544358,0.000763
1.000001,39.901291,-104.697266,0.151637,12.367814,-0.555262,0.000215
1.000001,39.901291,-104.697266,0.151676,12.367994,-0.552982,0.000986
1.000001,39.901291,-104.697266,0.151339,12.366142,-0.552391,0.001037
1.000001,39.901291,-104.697266,0.15142,12.366292,-0.550138,0.000746
1.000001,39.901291,-104.697266,0.151836,12.367834,-0.549009,0.001362
1.000001,39.901291,-104.697266,0.15177,12.366552,-0.549686,0.000137
1.000001,39.901291,-104.697266,0.151477,12.366215,-0.550192,0.000389
1.000001,39.901291,-104.697266,0.15154,12.366215,-0.557559,0.0009
1.000001,39.901291,-104.697266,0.151024,12.363461,-0.548181,0.000213
1.000001,39.901291,-104.697266,0.151539,12.366395,-0.55008,0.000541
1.000001,39.901291,-104.697266,0.15151,12.36689,-0.553532,0.001235
1.000001,39.901291,-104.697266,0.151188,12.364589,-0.551488,0.000765
1.001037,39.901291,-104.697266,0.151433,12.367367,-0.549668,0.000466
1.000001,39.901291,-104.697266,0.151308,12.366248,-0.548853,0.000545
1.000001,39.901291,-104.697266,0.151858,12.367454,-0.54559,0.000692
1.000001,39.901291,-104.697266,0.151817,12.367483,-0.546526,0.000648
1.000001,39.901291,-104.697266,0.151666,12.367511,-0.547716,0.00027
1.000001,39.901291,-104.697266,0.151851,12.368319,-0.543695,0.000576
1.000001,39.901291,-104.697266,0.151513,12.366981,-0.549747,0.001196
1.000001,39.901291,-104.697266,0.151477,12.366455,-0.555154,0.000943
1.000001,39.901291,-104.697266,0.151603,12.367073,-0.548083,0.000467
1.000001,39.901291,-104.697266,0.151992,12.36951,-0.555109,0.000433
1.000001,39.901291,-104.697266,0.151477,12.367246,-0.554485,0.000478
1.000001,39.901291,-104.697266,0.151677,12.367261,-0.546616,0.000378
1.000001,39.901291,-104.697266,0.152027,12.369246,-0.551636,0.000536
1.000001,39.901291,-104.697266,0.151411,12.365892,-0.554083,0.000762
1.000001,39.901291,-104.697266,0.151812,12.368553,-0.552969,0.000879
1.000001,39.901291,-104.697266,0.151659,12.367925,-0.553265,0.001082
1.000001,39.901291,-104.697266,0.151194,12.363943,-0.549091,0.001179
1.000001,39.901291,-104.697266,0.152003,12.369905,-0.549694,0.000538
1.000001,39.901291,-104.697266,0.15145,12.366261,-0.55173,0.000109
1.000001,39.901291,-104.697266,0.151669,12.368264,-0.555033,0.000655
1.000001,39.901291,-104.697266,0.151461,12.36615,-0.550301,0.001235
1.000001,39.901291,-104.697266,0.151663,12.368125,-0.545458,0.000625
1.000001,39.901291,-104.697266,0.151359,12.36657,-0.553039,0.000539
1.000001,39.901291,-104.697266,0.151566,12.368036,-0.554319,0.000528
1.000001,39.901291,-104.697266,0.151807,12.367443,-0.550199,0.000379
1.000001,39.901291,-104.697266,0.151533,12.366661,-0.552867,0.000326
1.000001,39.901291,-104.697266,0.151459,12.365669,-0.551471,0.000903
1.000001,39.901291,-104.697266,0.151689,12.36817,-0.557797,0.000916
1.000001,39.901291,-104.697266,0.151675,12.367507,-0.54974,0.001046
1.000001,39.901291,-104.697266,0.151671,12.367492,-0.546188,0.000381
1.000001,39.901291,-104.697266,0.151465,12.365409,-0.54676,0.00082
1.000001,39.901291,-104.697266,0.151752,12.366234,-0.545027,0.001278
1.000001,39.901291,-104.697266,0.151722,12.368408,-0.547594,0.000744
1.000001,39.901291,-104.697266,0.151581,12.366578,-0.550476,0.000783
1.000001,39.901291,-104.697266,0.151862,12.366797,-0.54888,0.000875
1.000001,39.901291,-104.697266,0.151519,12.367671,-0.550828,0.000361
1.000001,39.901291,-104.697266,0.151932,12.368973,-0.542752,0.000278
1.000001,39.901291,-104.697266,0.15177,12.367769,-0.551716,0.000811
1.000001,39.901291,-104.697266,0.15189,12.36781,-0.551037,0.001249
1.000001,39.901291,-104.697266,0.151215,12.364697,-0.550103,0.00041
1.000001,39.901291,-104.697266,0.151505,12.36677,-0.547058,0.001286
1.004725,39.901291,-104.697266,0.151687,12.367883,-0.557216,0.001323
1.000001,39.901291,-104.697266,0.151854,12.36813,-0.550845,0.000336
1.000001,39.901291,-104.697266,0.151446,12.365141,-0.553711,0.000225
1.000001,39.901291,-104.697266,0.151527,12.366755,-0.550187,0.000409
1.000001,39.901291,-104.697266,0.151603,12.366368,-0.548493,0.000415
1.000001,39.901291,-104.697266,0.151691,12.367287,-0.550586,0.0005
1.000001,39.901291,-104.697266,0.151442,12.365525,-0.549963,0.000932
1.000001,39.901291,-104.697266,0.151828,12.367653,-0.55264,0.001967
1.000001,39.901291,-104.697266,0.151919,12.367934,-0.554519,0.000705
1.000001,39.901291,-104.697266,0.15151,12.367574,-0.549598,0.000818
1.000001,39.901291,-104.697266,0.151444,12.366385,-0.548991,0.000241
1.000001,39.901291,-104.697266,0.151766,12.369053,-0.546391,0.000404
1.000001,39.901291,-104.697266,0.151452,12.366118,-0.547514,0.001052
1.000001,39.901291,-104.697266,0.151611,12.367123,-0.552333,0.000212
1.000001,39.901291,-104.697266,0.151623,12.366513,-0.549956,0.000941
1.004708,39.901291,-104.697266,0.151718,12.367826,-0.549122,0.001386
1.000001,39.901291,-104.697266,0.151736,12.366723,-0.554836,0.000888
1.000001,39.901291,-104.697266,0.15178,12.367474,-0.546148,0.000636
1.000001,39.901291,-104.697266,0.151576,12.36698,-0.548537,0.000353
1.000001,39.901291,-104.697266,0.151791,12.366886,-0.544055,0.000171
1.000001,39.901291,-104.697266,0.151536,12.367161,-0.550282,0.00023
1.000001,39.901291,-104.697266,0.151852,12.36876,-0.551033,0.000959
1.000001,39.901291,-104.697266,0.151558,12.366585,-0.549212,0.001512
1.000001,39.901291,-104.697266,0.151747,12.366616,-0.549385,0.000476
1.000001,39.901291,-104.697266,0.151914,12.368276,-0.554048,0.000964
1.000001,39.901291,-104.697266,0.151784,12.367995,-0.550588,0.001085
1.004417,39.901291,-104.697266,0.151695,12.367108,-0.551581,0.000771
1.000001,39.901291,-104.697266,0.151733,12.368413,-0.549543,0.000317
1.000001,39.901291,-104.697266,0.151494,12.36617,-0.554085,0.000715
1.000001,39.901291,-104.697266,0.151714,12.368406,-0.554225,0.00043
1.000001,39.901291,-104.697266,0.151634,12.36749,-0.5536,0.001042
1.000001,39.901291,-104.697266,0.151592,12.368217,-0.54886,0.000369
1.000001,39.901291,-104.697266,0.151374,12.367115,-0.547198,0.000644
1.000001,39.901291,-104.697266,0.151538,12.365925,-0.553988,0.001914
1.000001,39.901291,-104.697266,0.151866,12.367694,-0.55103,0.000557
1.007711,39.901291,-104.697266,0.151407,12.366096,-0.554852,0.001367
1.000001,39.901291,-104.697266,0.151502,12.366704,-0.548669,0.000961
1.000001,39.901291,-104.697266,0.151148,12.364954,-0.551029,0.001481
1.000001,39.901291,-104.697266,0.151804,12.367923,-0.551836,0.000902
1.000001,39.901291,-104.697266,0.15153,12.365587,-0.551307,0.000781
1.000001,39.901291,-104.697266,0.15132,12.366033,-0.553339,0.001153
1.000001,39.901291,-104.697266,0.151756,12.368739,-0.55042,0.000582
1.000001,39.901291,-104.697266,0.151483,12.367107,-0.551557,0.000269
1.000001,39.901291,-104.697266,0.151314,12.364762,-0.551693,0.000698
1.000001,39.901291,-104.697266,0.151531,12.366988,-0.55573,0.000894
1.000001,39.901291,-104.697266,0.151668,12.367717,-0.55412,0.000458
1.000001,39.901291,-104.697266,0.151852,12.368304,-0.550141,0.000462
1.000001,39.901291,-104.697266,0.151719,12.367393,-0.54293,0.000933
1.000001,39.901291,-104.697266,0.151585,12.367394,-0.55142,0.00104
1.000001,39.901291,-104.697266,0.151481,12.366381,-0.547965,0.000713
1.000001,39.901291,-104.697266,0.151128,12.363853,-0.554363,0.000899
1.000001,39.901291,-104.697266,0.151727,12.368134,-0.550892,0.000249
1.000001,39.901291,-104.697266,0.152038,12.369158,-0.542363,0.001041
1.000001,39.901291,-104.697266,0.151652,12.365759,-0.547065,0.001384
1.000001,39.901291,-104.697266,0.151909,12.368656,-0.551974,0.00046
1.000001,39.901291,-104.697266,0.151696,12.367161,-0.548965,0.00036
1.000001,39.901291,-104.697266,0.151869,12.368365,-0.544634,0.000681
1.000001,39.901291,-104.697266,0.15141,12.366476,-0.541984,0.000242
1.000001,39.901291,-104.697266,0.151592,12.366776,-0.554572,0.001099
1.000001,39.901291,-104.697266,0.151413,12.365102,-0.553268,0.000586
1.000001,39.901291,-104.697266,0.151707,12.36813,-0.55061,0.000899
1.000001,39.901291,-104.697266,0.151642,12.367508,-0.547155,0.000948
1.000001,39.901291,-104.697266,0.151441,12.366311,-0.546877,0.000806
1.000001,39.901291,-104.697266,0.15143,12.365616,-0.555971,0.000815
1.000001,39.901291,-104.697266,0.15172,12.36787,-0.54886,0.000675
1.000001,39.901291,-104.697266,0.151635,12.365836,-0.553469,0.000951
1.000001,39.901291,-104.697266,0.151701,12.367266,-0.549084,0.001798
1.000001,39.901291,-104.697266,0.151821,12.368394,-0.547447,0.001363
1.000001,39.901291,-104.697266,0.151356,12.365103,-0.55098,0.000936
1.000001,39.901291,-104.697266,0.151663,12.367376,-0.54824,0.000932
1.000001,39.901291,-104.697266,0.151643,12.366899,-0.548736,0.000482
1.000001,39.901291,-104.697266,0.151524,12.365681,-0.550007,0.000258
1.000001,39.901291,-104.697266,0.151909,12.369623,-0.544505,0.000606
1.000338,39.901291,-104.697266,0.151656,12.367152,-0.551527,0.001326
1.000001,39.901291,-104.697266,0.151546,12.366758,-0.552767,0.000813
1.000001,39.901291,-104.697266,0.151678,12.368696,-0.55273,0.000287
1.000001,39.901291,-104.697266,0.151519,12.366765,-0.553223,0.000812
1.000001,39.901291,-104.697266,0.151675,12.366603,-0.54514,0.000445
1.000001,39.901291,-104.697266,0.151658,12.367121,-0.551775,0.000721
1.000001,39.901291,-104.697266,0.151698,12.367774,-0.547678,0.000609
1.002683,39.901291,-104.697266,0.151355,12.365824,-0.548474,0.000476
1.000001,39.901291,-104.697266,0.151521,12.367476,-0.551373,0.000435
1.000001,39.901291,-104.697266,0.151828,12.367318,-0.546297,0.000915
1.000001,39.901291,-104.697266,0.151712,12.367787,-0.553943,0.00108
1.000001,39.901291,-104.697266,0.151644,12.366291,-0.553966,0.000279
1.000001,39.901291,-104.697266,0.151765,12.368044,-0.546764,0.000324
1.000001,39.901291,-104.697266,0.15178,12.368241,-0.550411,0.002036
1.000001,39.901291,-104.697266,0.151612,12.367063,-0.552032,0.000334
1.000001,39.901291,-104.697266,0.151814,12.368522,-0.551437,0.000289
1.000001,39.901291,-104.697266,0.15176,12.368142,-0.555667,0.000507
1.000001,39.901291,-104.697266,0.151504,12.365407,-0.548045,0.001206
1.002848,39.901291,-104.697266,0.151559,12.366537,-0.553662,0.001268
1.000001,39.901291,-104.697266,0.151637,12.367027,-0.550947,0.001114
1.000001,39.901291,-104.697266,0.15161,12.367797,-0.546176,0.000774
1.000001,39.901291,-104.697266,0.151555,12.366156,-0.547255,0.00055
1.000001,39.901291,-104.697266,0.151926,12.368462,-0.543068,0.00078
1.000001,39.901291,-104.697266,0.15167,12.368809,-0.548188,0.00043
1.000001,39.901291,-104.697266,0.151834,12.367732,-0.545377,0.000278
1.000001,39.901291,-104.697266,0.151579,12.365574,-0.551393,0.001067
1.000001,39.901291,-104.697266,0.151511,12.365822,-0.547318,0.001561
1.000001,39.901291,-104.697266,0.151665,12.367412,-0.549707,0.000901
1.000001,39.901291,-104.697266,0.151255,12.364237,-0.547882,0.001095
1.000001,39.901291,-104.697266,0.151541,12.367022,-0.553897,0.001178
1.000001,39.901291,-104.697266,0.151595,12.366574,-0.544926,0.001846
1.000001,39.901291,-104.697266,0.151805,12.367849,-0.555995,0.000336
1.000001,39.901291,-104.697266,0.151587,12.366351,-0.550638,0.000789
1.000001,39.901291,-104.697266,0.151534,12.367769,-0.553957,0.000547
1.009856,39.901291,-104.697266,0.151748,12.367089,-0.547811,0.000508
1.000001,39.901291,-104.697266,0.151921,12.367686,-0.550005,0.001647
1.000001,39.901291,-104.697266,0.151938,12.368271,-0.548736,0.000348
1.000001,39.901291,-104.697266,0.151654,12.366794,-0.548732,0.000293
1.000001,39.901291,-104.697266,0.15168,12.367497,-0.55744,0.001225
1.000113,39.901291,-104.697266,0.151272,12.364486,-0.546378,0.000581
1.000001,39.901291,-104.697266,0.151674,12.367297,-0.550648,0.001617
1.000001,39.901291,-104.697266,0.151642,12.368149,-0.553868,0.001226
1.000001,39.901291,-104.697266,0.151495,12.364984,-0.550745,0.000707
1.000001,39.901291,-104.697266,0.151416,12.366491,-0.549535,0.000677
1.000001,39.901291,-104.697266,0.151475,12.36787,-0.548068,0.000848
1.000001,39.901291,-104.697266,0.151965,12.369193,-0.545949,0.001325
1.000001,39.901291,-104.697266,0.151983,12.369063,-0.545516,0.000131
1.000001,39.901291,-104.697266,0.151809,12.368415,-0.547813,0.000194
1.000001,39.901291,-104.697266,0.15185,12.369261,-0.547374,0.000679
1.000001,39.901291,-104.697266,0.151461,12.366301,-0.54902,0.000741
1.000001,39.901291,-104.697266,0.15148,12.366651,-0.554207,0.00058
1.000001,39.901291,-104.697266,0.151869,12.366975,-0.546856,0.00036
1.000001,39.901291,-104.697266,0.151992,12.369318,-0.55639,0.000484
1.000001,39.901291,-104.697266,0.151505,12.366482,-0.555561,0.000386
1.000001,39.901291,-104.697266,0.151876,12.368843,-0.545376,0.000471
1.000001,39.901291,-104.697266,0.152047,12.369246,-0.550636,0.000448
1.000001,39.901291,-104.697266,0.151492,12.367324,-0.555894,0.000951
1.000001,39.901291,-104.697266,0.151979,12.369979,-0.551117,0.000901
1.000001,39.901291,-104.697266,0.151922,12.369401,-0.553612,0.000442
1.000001,39.901291,-104.697266,0.151219,12.363208,-0.544665,0.000749
1.000001,39.901291,-104.697266,0.152165,12.370562,-0.548291,0.000492
1.000001,39.901291,-104.697266,0.151609,12.366291,-0.552932,0.00028
1.000001,39.901291,-104.697266,0.151797,12.368346,-0.556002,0.000603
1.000001,39.901291,-104.697266,0.151486,12.366568,-0.549249,0.000827
1.000001,39.901291,-104.697266,0.151671,12.368815,-0.548014,0.000504
1.000001,39.901291,-104.697266,0.151691,12.368808,-0.54899,0.000148
1.000001,39.901291,-104.697266,0.15152,12.366774,-0.554883,0.000346
1.000001,39.901291,-104.697266,0.151893,12.368829,-0.553034,0.000684
1.000001,39.901291,-104.697266,0.151831,12.368456,-0.553146,0.000283
1.000001,39.901291,-104.697266,0.151736,12.367969,-0.556128,0.000675
1.000001,39.901291,-104.697266,0.151952,12.369218,-0.558145,0.000448
1.000001,39.901291,-104.697266,0.151697,12.368058,-0.549317,0.00049
1.000001,39.901291,-104.697266,0.151774,12.36838,-0.548831,0.000524
1.000001,39.901291,-104.697266,0.151552,12.365195,-0.547586,0.000609
1.000001,39.901291,-104.697266,0.151944,12.368836,-0.547987,0.000335
1.000001,39.901291,-104.697266,0.151615,12.366185,-0.550567,0.001031
1.000001,39.901291,-104.697266,0.151822,12.367586,-0.550315,0.001023
1.000001,39.901291,-104.697266,0.152128,12.368878,-0.548807,0.001341
1.000001,39.901291,-104.697266,0.151678,12.366624,-0.550649,0.000754
1.000001,39.901291,-104.697266,0.151811,12.367863,-0.543192,0.000866
1.000001,39.901291,-104.697266,0.151965,12.369234,-0.552524,0.000608
1.000001,39.901291,-104.697266,0.151974,12.369941,-0.554294,0.000507
1.000001,39.901291,-104.697266,0.151314,12.364721,-0.548006,0.00016
1.000001,39.901291,-104.697266,0.15163,12.367563,-0.547091,0.001257
1.000001,39.901291,-104.697266,0.15181,12.367626,-0.558693,0.000412
1.000001,39.901291,-104.697266,0.151846,12.368567,-0.549126,0.000273
1.000001,39.901291,-104.697266,0.151612,12.366283,-0.555022,0.000564
1.000001,39.901291,-104.697266,0.151474,12.365762,-0.555793,0.000412
